composite_rank,composite_score,source_type,opportunity_name,edition_or_route,location,mode,event_start_date,cfp_status,deadline_date,primary_talk_id,primary_talk,backup_talk_id,topic_fit,known_points,evidence_coverage_percent,effective_fit_score,fit_penalty,location_preference,location_basis,application_ease,ease_basis,popularity_score,popularity_basis,timing_score,timing_basis,application_route,next_action,constraints_unknowns,source_url
1,1.545,community/meetup,San Diego Python,Preferred US cities,San Diego in person; remote speakers accepted,remote/online,,public form/contact route,,failure-improvement,Automating Improvement From Failure,,"Failure, Adaptive, Retrieval, Benchmarks, Parallelization, Product, and Free tier with a Python or engineering example",82,80,65.6,2.38,1,Remote or online participation is available.,1,Researcher-rated route and format effort; 1 is easiest and 5 is hardest.,5,"Public organizer/platform signal of at least 5,573 members, registrations, attendees, or reach.",3,Recurring or contact-based route; the next listed event is not proof that a speaker slot remains open.,Direct public Present at our meetup form. The normal ask is a five-to-seven-minute talk; longer talks are possible with approval. Official site,Review the public route and decide whether to prepare the indicated talk or demo format.,"Next confirmed speaker agenda, maximum approved duration, selection timing, and any help for travel presenters.",https://www.sandiegopython.org/
2,1.57,conference/event,ISTELive,ISTELive 27,"Boston, USA",hybrid,2027-06-27,open,2026-09-30,skeptic-education,A Skeptic's Guide to Surviving AI in Education,,"Teaching/learning and assessment are explicit topics; 2026 program proves appetite for authentic assessment, productive struggle, and distinguishing learning from AI-assisted production",88.0,83.0,73.0,2.08,1,Exact preferred city.,2,Standard public proposal or organizer route with no hard requirement found.,5,Established flagship or large organizer-backed event; exact audience count may be an organizer claim or unstated.,2,Confirmed deadline in 25 days.,"Up to five proposals; title, description, outcomes, audience, resources, presenter profile; adult presenters register",Retarget examples to teachers/district leaders and submit by 2026-09-30; avoid duplicating heavily saturated 'AI-resistant assessment' framing,"Current package is higher-ed weighted and needs K-12 examples; adult presenters must register; economics unknown | Registration price, travel support, rights, accessibility details, and Dan's eligibility/affiliation remain unknown",https://conference.iste.org/2027/presenters/submit_proposal.php
3,1.63,community/meetup,Rocky Mountain AI Interest Group (RMAIIG),Denver/Colorado,"Boulder, Broomfield, Denver, and Fort Collins; in person",in-person,2026-09-17,public form/contact route,,skeptic-education,A Skeptic's Guide to Surviving AI in Education,,"All ten; particularly Education, Adaptive, Product, Retrieval, Benchmarks, and Judgment. Main events favor broad, practical explanations.",90,80,72.0,2.12,1,Exact preferred city.,1,Researcher-rated route and format effort; 1 is easiest and 5 is hardest.,4,"Public organizer/platform signal of at least 4,515.",3,Recurring or contact-based route; the next listed event is not proof that a speaker slot remains open.,The group page exposes Message organizers; its September event also has a direct community demo form. Group and organizer route,Review the public route and decide whether to prepare the indicated talk or demo format.,,https://docs.google.com/forms/d/e/1FAIpQLSfN6b3LnMY6p6ppoCWQRxPisIXOZxNIUELyiobzZ3J8BHj5fw/viewform
4,1.657,conference/event,SREcon Americas,SREcon27 Americas,"Seattle, United States",in-person,2027-04-12,open,2026-11-19,retrieval,From RAGs to Retrievals,benchmarks,2027 theme asks what remains foundational as AI becomes a teammate; prior program includes exact terminology-bridge and agent-operations talks.,95.0,94.0,89.3,1.43,1,Exact preferred city.,2,Standard public proposal or organizer route with no hard requirement found.,4,Established recurring conference or community series with visible program history.,3,Confirmed deadline in 75 days.,Proposal and speaker details; two-phase review; human-written attestation.,Use the 35-minute slot and reframe retrieval/context slides around production diagnosis and control.,"FINALIST; must attest content is primarily human-written; needs a stronger reliability through-line; travel/economics unknown | Format, speaker economics, travel/hotel, accessibility, and 2027 recording terms unknown. | Speaker economics, rights, accessibility, format, and numeric UTC offset unknown | Travel support, speaker costs, recording rights, accessibility details, and public attendance figure not found. Dan's eligibility facts beyond supplied material are unknown. | Speaker registration, travel/honorarium, rights, accessibility, and sufficient SRE connection | MERGE CONFLICTS/VARIANTS — date_status: exact | confirmed; country: United States | USA; eligibility: Open internationally; new speakers encouraged. Speaker must submit own human-written proposal; content cannot be entirely or substantively generated by AI. | Public participation call; content must be primarily human-written and attested | Human-authored submission attestation; practitioner reliability content | International and new speakers welcome; presenter must submit own proposal and attest content is primarily human-written; formats_and_durations: 15 minutes plus 5 Q&A; 35 minutes plus 10 Q&A | Talk formats/durations not visible in retrieved excerpt | Format/duration not captured | 15+5 Q&A; 35+10 Q&A; lightning CFP later; submission_requirements: Proposal and speaker details; two-phase review; human-written attestation. | Proposal plus required human-authorship attestation; practical technical depth expected | Proposal describing concrete operational experience and takeaways | Two-phase submission; technical guidance and applied experience favored; recording_rights: USENIX commonly posts slides/video, confirmed for 2026 archive; 2027 rights terms not located | unknown; verified_at: 2026-09-04T23:20:00-06:00 | 2026-09-04T23:30:00-06:00 | 2026-09-04T23:00:00-06:00 | 2026-09-04T12:00:00-06:00",https://www.usenix.org/conference/srecon27americas/call-for-participation
5,1.695,community/meetup,ACM Austin: Enterprise AI & Engineering,Preferred US cities,Austin; in person with some online programming,remote/online,2026-09-17,public form/contact route,,product-engineering,The Future of Product Engineering,,All eight engineering/product talks; Education also fits with a computing-education or integrity angle,82,80,65.6,2.38,1,Remote or online participation is available.,1,Researcher-rated route and format effort; 1 is easiest and 5 is hardest.,4,"Public organizer/platform signal of at least 1,771.",3,Recurring or contact-based route; the next listed event is not proof that a speaker slot remains open.,"Direct rolling Sessionize route: submit a talk. The group openly asks for real-world talks, demos, or research. Meetup",Review the public route and decide whether to prepare the indicated talk or demo format.,"Whether the October agenda still has space, selection timing, recording, and travel support.",https://sessionize.com/austin-acm-meetup/
6,1.695,community/meetup,Denver DevOps Monthly Meetup,Denver/Colorado,"Code Talent, Denver; monthly, in person",in-person,2026-10-15,public form/contact route,,failure-improvement,Automating Improvement From Failure,,"Failure, Adaptive, Benchmarks, Parallelization, Product, and Judgment",82,80,65.6,2.38,1,Exact preferred city.,1,Researcher-rated route and format effort; 1 is easiest and 5 is hardest.,4,"Public organizer/platform signal of at least 2,245.",3,Recurring or contact-based route; the next listed event is not proof that a speaker slot remains open.,"Join its public Slack or message organizers through Meetup; monthly meetings currently use open spaces, so a discussion can be easier than a formal talk",Review the public route and decide whether to prepare the indicated talk or demo format.,,https://www.meetup.com/denverdevops/
7,1.695,community/meetup,FrontEndParty,Preferred US cities,New Orleans; monthly in person,in-person,2026-09-08,public form/contact route,,product-engineering,The Future of Product Engineering,,"Product, Judgment, Failure, Free tier, Adaptive, and Parallelization; the engineering talks need a web/developer-workflow angle",82,80,65.6,2.38,1,Exact preferred city.,1,Researcher-rated route and format effort; 1 is easiest and 5 is hardest.,4,"Public organizer/platform signal of at least 1,761.",3,Recurring or contact-based route; the next listed event is not proof that a speaker slot remains open.,The group has an explicit Apply to present route. Current programming uses one five-to-fifteen-minute feature speaker plus show-and-tell and collaborative debugging. Meetup,Review the public route and decide whether to prepare the indicated talk or demo format.,"The public form target was not independently opened, attendance has recently been small, and travel support is unknown.",https://www.meetup.com/frontendparty/
8,1.708,conference/event,DeveloperWeek,DeveloperWeek 2027,"Santa Clara, United States",in-person,2027-02-09,open,2026-09-18,failure-improvement,Automating Improvement From Failure,parallelization,2026 program already featured agent failure modes and human/agent feedback loops; 2027 route is open.,88.0,90.0,79.2,1.83,2,Near a preferred city or within the Denver/Front Range area.,2,Standard public proposal or organizer route with no hard requirement found.,5,"Public organizer/platform signal of at least 6,000 members, registrations, attendees, or reach.",1,Confirmed deadline in 13 days.,"Speaker application with topic, abstract and profile.",Confirm slot length immediately and prepare a submission before September 18.,"Final deadline is soon and has no stated time/timezone; format/economics unknown. | Format, economics, rights, accessibility, multiple-submission and exclusivity rules unknown; attendance is organizer projection, not audited actual. | Exact session duration, presenter pass, travel, honorarium, rights, accessibility, and Dan's travel availability | Exact duration, presenter pass, travel, honorarium, rights, accessibility, and travel availability | MERGE CONFLICTS/VARIANTS — country: United States | USA; guidelines_url: https://www.developerweek.com/speakers/apply-to-speak/ | https://www.developerweek.com/tracks/; eligibility: Public call; practitioner and technical proposals across four co-located programs. | All speakers must use the public call; biography and affiliation details otherwise unknown | All speakers must use the public call; formats_and_durations: Duration not stated on extracted CFP page | Exact current session duration not found.; submission_requirements: Speaker application with topic, abstract and profile. | Complete all proposal fields and select one of four conference worlds | Complete all fields and select one of four conference worlds; attendance_value: 3000 onsite and 6000 community members advertised for 2027 | 5,000+ annual participants claimed; 2,500 onsite and 2,500 virtual described on About page | 5,000+ annual participants claimed; verified_at: 2026-09-04T12:00:00-06:00 | 2026-09-04T23:58:00-06:00",https://www.developerweek.com/speakers/apply-to-speak/
9,1.71,conference/event,ProductWorld,ProductWorld 2027,"Santa Clara, United States",in-person,2027-02-09,open,2026-09-18,product-engineering,The Future of Product Engineering,judgment,Exact product/product-engineering audience and near-identical 2026 sessions; open editorial CFP.,94.0,100.0,94.0,1.24,2,Near a preferred city or within the Denver/Front Range area.,2,Standard public proposal or organizer route with no hard requirement found.,4,"Public organizer/platform signal of at least 3,000.",1,Confirmed deadline in 13 days.,Complete proposal fields and select ProductWorld; live participation required.,Confirm session length and submit the systems-thinking variant by September 18.,"Duration and travel costs unknown; deadline is close. | Duration, travel/hotel, payment, rights and accessibility unknown.",https://sessionize.com/productworld-2027/
10,1.74,conference/event,PlatformCon,PlatformCon Flagship Week 2027,"London; New York; online, UK; USA; online",hybrid,2027-06-22,announced-not-open,,free-tier,Cry Me a Free Tier,,Official theme says the age of AI runs on platform engineering; virtual reach and archive reuse are strong.,87.0,76.0,66.1,2.36,1,Exact preferred city.,2,Standard public proposal or organizer route with no hard requirement found.,5,"Public organizer/platform signal of at least 280,000 members, registrations, attendees, or reach.",3,Open or rolling route without a confirmed actionable deadline.,unknown,Monitor the official site for the flagship CFP and prepare a platform-product version with reusable worksheet.,FINALIST; no public 2027 CFP details found; London/New York/virtual submission topology unknown | Whether one submission covers virtual/London/New York; CFP dates; formats; economics; travel,https://platformcon.com/
11,1.745,community/meetup,Boston AI Developers Group / AI Camp,Preferred US cities,"Boston; in person, with some networked online events",remote/online,2026-09-29,public form/contact route,,adaptive-systems,Building Adaptive & Dynamic AI Systems,,"Adaptive, Retrieval, Benchmarks, Parallelization, Failure, and Product",82,80,65.6,2.38,1,Remote or online participation is available.,2,Researcher-rated route and format effort; 1 is easiest and 5 is hardest.,5,"Public organizer/platform signal of at least 6,265 members, registrations, attendees, or reach.",3,Recurring or contact-based route; the next listed event is not proof that a speaker slot remains open.,The organizer-managed page explicitly invites prospective speakers to reach out; use Message organizers or the linked AI Camp site. Meetup,Review the public route and decide whether to prepare the indicated talk or demo format.,"No general proposal form, talk length, compensation, travel support, or selection schedule is published.",https://www.meetup.com/aittg-boston/
12,1.745,community/meetup,NYC AI Developers Group / AI Camp,Preferred US cities,New York City; primarily in person,in-person,2026-09-17,public form/contact route,,adaptive-systems,Building Adaptive & Dynamic AI Systems,,"Adaptive, Retrieval, Benchmarks, Parallelization, Failure, Free tier, and Product",82,80,65.6,2.38,1,Exact preferred city.,2,Researcher-rated route and format effort; 1 is easiest and 5 is hardest.,5,"Public organizer/platform signal of at least 12,221 members, registrations, attendees, or reach.",3,Recurring or contact-based route; the next listed event is not proof that a speaker slot remains open.,"Current listings include a Submit Topics route, and the group page invites speakers to reach out. Meetup",Review the public route and decide whether to prepare the indicated talk or demo format.,"Proposal review cadence, format, travel, compensation, and whether the visible form is event-specific.",https://www.meetup.com/aittg-nyc/
13,1.745,community/meetup,Orlando Developers,Preferred US cities,Orlando; in person,in-person,,public form/contact route,,product-engineering,The Future of Product Engineering,,"Product, Failure, Adaptive, Retrieval, Benchmarks, Parallelization, Judgment, and Free tier",82,80,65.6,2.38,1,Exact preferred city.,2,Researcher-rated route and format effort; 1 is easiest and 5 is hardest.,5,"Public organizer/platform signal of at least 8,545 members, registrations, attendees, or reach.",3,Recurring or contact-based route; the next listed event is not proof that a speaker slot remains open.,No standing speaker form was found. Use the public organizer-message route on Meetup or the official Discord; the group runs technical talks and learning sessions. Meetup · community site,Review the public route and decide whether to prepare the indicated talk or demo format.,"Next technical-program date, submission expectations, duration, and whether the organizer prioritizes local speakers.",https://www.meetup.com/orlandodevs/
14,1.78,community/meetup,Artificial Intelligencers,Preferred US cities,Nashville/Brentwood; recurring in person,in-person,2026-09-24,public form/contact route,,adaptive-systems,Building Adaptive & Dynamic AI Systems,,"All ten, especially Adaptive, Retrieval, Benchmarks, Failure, and Education with a concrete experiment",90,80,72.0,2.12,1,Exact preferred city.,1,Researcher-rated route and format effort; 1 is easiest and 5 is hardest.,3,Public organizer/platform signal of at least 527.,3,Recurring or contact-based route; the next listed event is not proof that a speaker slot remains open.,Message the organizers on Meetup or use the public Discord. They maintain a list of people who want to share; presentations and demos run fifteen to twenty minutes. Meetup,Review the public route and decide whether to prepare the indicated talk or demo format.,"September agenda availability, travel support, recording, and whether a slide talk needs a live demonstration.",https://www.meetup.com/nashville-ai-engineering/
15,1.82,conference/event,Data Summit,Data Summit 2027,"Boston, United States",in-person,2027-05-11,open,2026-12-11,parallelization,Rethinking Parallelization in the Agentic Era,failure-improvement,"Agentic AI and operational-data tracks are relevant, although the audience is broader than agent orchestration.",81.0,90.0,72.9,2.08,1,Exact preferred city.,2,Standard public proposal or organizer route with no hard requirement found.,4,Established recurring conference or community series with visible program history.,3,Confirmed deadline in 97 days.,"Proposal for conference tracks including agentic AI, data engineering and operational AI.",Inspect the technical track requirements and submit only if a practitioner architecture slot fits by December 11.,"Format, economics and specific past-session evidence remain incomplete. | Format, economics, rights, accessibility, attendance and eligibility details unknown.",https://www.dbta.com/DataSummit/2027/CallForSpeakers.aspx
16,1.83,community/meetup,AI & Product Colorado,Denver/Colorado,"Boulder and Denver; monthly, in person",in-person,2026-09-14,public form/contact route,,product-engineering,The Future of Product Engineering,,"Product is the direct hit; Judgment, Benchmarks, Adaptive, and Failure also fit product decision-making",90,80,72.0,2.12,1,Exact preferred city.,2,Researcher-rated route and format effort; 1 is easiest and 5 is hardest.,4,"Public organizer/platform signal of at least 1,842.",3,Recurring or contact-based route; the next listed event is not proof that a speaker slot remains open.,Message organizers on the Meetup page. No general speaker form found.,Review the public route and decide whether to prepare the indicated talk or demo format.,,https://www.meetup.com/meetup-group-ai-and-product/
17,1.83,community/meetup,OLLI at the University of Denver,Denver/Colorado,Six Denver-metro sites and Zoom; adult lifelong learning,in-person,2026-09-16,public form/contact route,,adaptive-systems,Building Adaptive & Dynamic AI Systems,,"Education and Judgment are strongest; Product, Free tier, and broad AI literacy can work as multi-session courses",90,80,72.0,2.12,1,Remote or online participation is available.,2,Researcher-rated route and format effort; 1 is easiest and 5 is hardest.,4,"Public organizer/platform signal of at least 2,000.",3,Recurring or contact-based route; the next listed event is not proof that a speaker slot remains open.,Submit a course proposal through the Facilitator Portal; the office provides guidance and proposal deadlines. Facilitator FAQ and contact,Review the public route and decide whether to prepare the indicated talk or demo format.,,https://olli.du.edu/olli/about/
18,1.833,conference/event,Lilly Conference Austin,Lilly Austin 2027,"Austin, United States",in-person,2027-05-17,open-rolling,2026-11-15,evidence-learning,"Outsmart Your Lying, Cheating Students",skeptic-education,"The edition is explicitly about AI and evidence-based teaching, with exact AI, assessment, and course-redesign tracks.",92.0,78.0,71.8,2.13,1,Exact preferred city.,2,Standard public proposal or organizer route with no hard requirement found.,4,Established recurring conference or community series with visible program history.,3,Confirmed deadline in 71 days.,10-word title; 25-word key statement; 100-word abstract; three outcomes; two tracks; 3-5 references,"Prepare the compact 100-word abstract, three outcomes, and research references; submit before the November 15 early-decision date.","FINALIST; rolling call may close before January 15; requires 3-5 literature references; travel/economics unknown | CFP can close early; registration costs, compensation, travel, rights, and specific past-session evidence unknown. | Deadline absent from reviewed page; CFP form URL, durations, economics, rights, accessibility, and Dan's affiliation unknown | MERGE CONFLICTS/VARIANTS — edition_url: https://www.lillyconferences-tx.com/proposals | https://www.lillyconferences.com/; country: United States | USA; cfp_url: https://www.lillyconferences-tx.com/proposals | https://www.lillyconferences.com/; guidelines_url: https://www.lillyconferences-tx.com/proposals | https://www.lillyconferences.com/; cfp_status: open-rolling | open; eligibility: Higher-education teaching-and-learning contributors; exact presenter credential rules not found | Higher-education teaching community; affiliation requested but restriction not stated; formats_and_durations: Exact 2027 session formats/durations not found in accessible page | 20- or 40-minute presentation; roundtable; digital poster; submission_requirements: 10-word title; 25-word key statement; 100-word abstract; three outcomes; two tracks; 3-5 references | Blind peer review; expected scholarly/evidence-based teaching contribution; accessibility: ADA accommodations requested in writing before registration and at least three months before event | unknown; attendance_value: Series reports 125+ colleges/universities and 30+ states per conference | AI and the Future of Evidence-Based Teaching in Higher Education; attendance_year: 2026 | 2027; verified_at: 2026-09-04T12:00:00-06:00 | 2026-09-04T23:00:00-06:00",https://www.lillyconferences-tx.com/proposals
19,1.845,community/meetup,Denver AI and Machine Learning Group,Denver/Colorado,Westminster/Denver; in person with study sessions,in-person,2026-09-13,public form/contact route,,adaptive-systems,Building Adaptive & Dynamic AI Systems,,"Any technical talk; especially Adaptive, Retrieval, Benchmarks, Parallelization, and Failure",82,80,65.6,2.38,1,Exact preferred city.,1,Researcher-rated route and format effort; 1 is easiest and 5 is hardest.,3,Public organizer/platform signal of at least 674.,3,Recurring or contact-based route; the next listed event is not proof that a speaker slot remains open.,The event explicitly says to message an organizer for a lightning or future extended talk. Meetup,Review the public route and decide whether to prepare the indicated talk or demo format.,,https://www.meetup.com/denverml/
20,1.895,community/meetup,AI LA,Preferred US cities,"Los Angeles; third-Thursday monthly format, in person",in-person,,public form/contact route,,skeptic-education,A Skeptic's Guide to Surviving AI in Education,,"Education, Judgment, Product, Adaptive, Free tier, and Failure",82,80,65.6,2.38,1,Exact preferred city.,2,Researcher-rated route and format effort; 1 is easiest and 5 is hardest.,4,"Public organizer/platform signal of at least 2,917.",3,Recurring or contact-based route; the next listed event is not proof that a speaker slot remains open.,The organizer-managed page explicitly asks people to get in touch to showcase a project; use its mailing-list/contact route or Message organizers. Meetup,Review the public route and decide whether to prepare the indicated talk or demo format.,"Recent visible events are sparse, and no public talk form, duration, or current agenda is published. Verify that monthly stage programming is active.",https://www.meetup.com/ai-la-meetup/
21,1.895,community/meetup,Denver AI Developers Group / AI Camp,Denver/Colorado,Denver and online,remote/online,2026-09-22,public form/contact route,,adaptive-systems,Building Adaptive & Dynamic AI Systems,,"Adaptive, Retrieval, Benchmarks, Parallelization, Failure, and Product",82,80,65.6,2.38,1,Remote or online participation is available.,2,Researcher-rated route and format effort; 1 is easiest and 5 is hardest.,4,"Public organizer/platform signal of at least 1,763.",3,Recurring or contact-based route; the next listed event is not proof that a speaker slot remains open.,Page says prospective speakers should reach out; use Message organizers or the linked AI Camp site. Meetup,Review the public route and decide whether to prepare the indicated talk or demo format.,,https://www.aicamp.ai/
22,1.895,community/meetup,Denver AI Group,Denver/Colorado,"University of Denver; monthly, in person",in-person,2026-09-23,public form/contact route,,product-engineering,The Future of Product Engineering,,"Product, Benchmarks, Adaptive, Retrieval, and Judgment; reframe for mixed operators, founders, and technologists",82,80,65.6,2.38,1,Exact preferred city.,2,Researcher-rated route and format effort; 1 is easiest and 5 is hardest.,4,"Public organizer/platform signal of at least 2,469.",3,Recurring or contact-based route; the next listed event is not proof that a speaker slot remains open.,Message organizers on the Meetup group page. No formal speaker form found.,Review the public route and decide whether to prepare the indicated talk or demo format.,,https://www.meetup.com/denverai/
23,1.9,conference/event,UPCEA Digital Teaching & Learning Conference,2027 UPCEA Digital Teaching & Learning Conference,virtual,virtual,2027-02-03,open,2026-09-30,skeptic-education,A Skeptic's Guide to Surviving AI in Education,evidence-learning,"Exact audience includes instructional designers, faculty developers, faculty, and digital-learning leaders; CFP explicitly welcomes responsible AI, authentic assessment, evaluation, and controversial dialogue",95.0,100.0,95.0,1.2,1,Remote or online participation is available.,4,"Requires recordings, membership/co-presenter status, real evidence, a demo, or substantial extra material.",4,Established recurring conference or community series with visible program history.,2,Confirmed deadline in 25 days.,All speakers named; complete contact details; outcomes; engagement plan; level; evidence or reflective practice,"Verify membership/affiliation immediately; if eligible, adapt 150-word abstract to 50-minute concurrent format before 2026-09-30","Hard barrier unless Dan is a current UPCEA member; corporate members need institutional co-presenter; registration required | Dan's UPCEA membership/affiliation and eligible co-presenter status are unknown; exact deadline time and registration price are not stated. | Dan's UPCEA membership, institutional affiliation, and professional-experience evidence are unknown; nonmember price and recording license not stated | MERGE CONFLICTS/VARIANTS — edition_label: 2027 UPCEA Digital Teaching & Learning Conference | DT&L 2027; eligibility: Presenter must be a current UPCEA institutional or corporate member; corporate members require an institutional-member co-presenter; significant online-learning experience expected | Presenters must be current UPCEA institutional or corporate members; corporate members need an institutional-member co-presenter; formats_and_durations: 50-minute concurrent; 60-minute workshop; 10-minute lightning; 3-5-minute asynchronous poster | 10-minute lightning; 50-minute concurrent; 60-minute workshop/general; submission_requirements: All speakers named; complete contact details; outcomes; engagement plan; level; evidence or reflective practice | All speakers named; learning goals; engagement plan; level; evaluation data or established models valued; compensation: Not stated | unknown; travel_support: Not applicable for virtual delivery | none; speaker_costs: Presenters responsible for registration and other expenses; free for institutional members; limited scholarships for eligible nonmembers | Presenter pays registration and related expenses; recording_rights: Organizers may edit title/description; digital materials collected | unknown; attendance_value: Instructional designers, faculty, researchers, and digital-learning leaders | Long-running predecessor conference; recordings of most 2026 sessions; verified_at: 2026-09-04T12:00:00-06:00 | 2026-09-04T23:00:00-06:00",https://conferences.upcea.edu/DTL2027/proposals.html
24,1.905,conference/event,STAREAST,STAREAST 2027,"Orlando, United States",hybrid,2027-04-25,open,2026-09-06,benchmarks,Stop Looking at My Benchmarks,,"Official submission topics include AI/ML for testing, performance monitoring, test strategy and metrics; hybrid reach is strong",94.0,90.0,84.6,1.62,1,Exact preferred city.,4,"Requires recordings, membership/co-presenter status, real evidence, a demo, or substantial extra material.",4,Established recurring conference or community series with visible program history.,1,Confirmed deadline in 1 days.,150-200 word single-paragraph description; 75-150 word third-person bio; headshot; topic/job-function selections,Recheck form status immediately and prepare 150-200 word problem/action/takeaway description,"Deadline is two days after run; form requires headshot and marketing consent for access | Speaker economics, recording rights, accessibility, exact format, and deadline time zone unknown",https://stareast.techwell.com/speaker-submission-form-stareast-2027
25,1.92,conference/event,Visual Studio Live!,Visual Studio Live! Austin 2027,"Austin, United States",in-person,2027-05-02,open,2026-10-05,failure-improvement,Automating Improvement From Failure,parallelization,"Tracks explicitly ask for nondeterministic AI testing, evals, reliability, observability and DevOps.",93.0,100.0,93.0,1.28,1,Exact preferred city.,4,"Requires recordings, membership/co-presenter status, real evidence, a demo, or substantial extra material.",4,Established recurring conference or community series with visible program history.,2,Confirmed deadline in 30 days.,"Abstract, learning objectives, bio including previous speaking experience; multiple proposals strongly encouraged.","Verify deadline timezone, pair this 20-minute talk with two credible 75-minute proposals, then submit before October 5.","Operational deadline timezone conflict; usual booking expects multiple 75-minute talks; prior speaking experience requested. | CFP deadline timezone conflict; stipend amount, rights, accessibility and attendance unknown. Talk requires 20-minute compression or 75-minute expansion and companion proposals.",https://sessionize.com/vslive_austin27/
26,1.945,community/meetup,New Tech Seattle,Preferred US cities,"Seattle; monthly in person, plus separate virtual programming",remote/online,2026-09-15,public form/contact route,,product-engineering,The Future of Product Engineering,,"Product, Judgment, Free tier, Failure, Education, and broad versions of the technical talks",82,80,65.6,2.38,1,Remote or online participation is available.,3,Researcher-rated route and format effort; 1 is easiest and 5 is hardest.,5,"Public organizer/platform signal of at least 60,000 members, registrations, attendees, or reach.",3,Recurring or contact-based route; the next listed event is not proof that a speaker slot remains open.,The first-party site says community members can present at monthly meetups; use its public community/contact route. About New Tech Northwest,Review the public route and decide whether to prepare the indicated talk or demo format.,"No dedicated presenter form, duration, editorial criteria, or speaker economics were found. Startup/product showcases may be favored over independent talks.",https://www.newtechnorthwest.com/about/
27,1.945,community/meetup,ProductTank San Francisco,Preferred US cities,San Francisco; in person,in-person,,public form/contact route,,product-engineering,The Future of Product Engineering,,"Product, Judgment, Failure, Free tier, Adaptive, and Benchmarks",82,80,65.6,2.38,1,Exact preferred city.,3,Researcher-rated route and format effort; 1 is easiest and 5 is hardest.,5,"Public organizer/platform signal of at least 7,075 members, registrations, attendees, or reach.",3,Recurring or contact-based route; the next listed event is not proof that a speaker slot remains open.,Join Mind the Product's public speaker directory so local organizers can find the talk; the chapter also exposes organizer messaging. Speaker directory route · chapter,Review the public route and decide whether to prepare the indicated talk or demo format.,"Current local programming cadence, slot length, local selection process, and whether directory entries can name several talks.",https://www.mindtheproduct.com/producttank/
28,1.955,conference/event,KubeCon + CloudNativeCon North America,KubeCon + CloudNativeCon North America 2027,"New Orleans, United States",in-person,2027-11-08,announced-not-open,,adaptive-systems,Building Adaptive & Dynamic AI Systems,,"Excellent audience and likely track fit based on Europe 2027, but North America CFP details are not yet published.",74.0,60.0,44.4,3.22,1,Exact preferred city.,2,Standard public proposal or organizer route with no hard requirement found.,5,Established flagship or large organizer-backed event; exact audience count may be an organizer claim or unstated.,3,Open or rolling route without a confirmed actionable deadline.,,"When CFP opens, verify tracks, repeat-talk rule, and whether a materially updated variant is eligible.","Repeat-talk rules may prohibit reuse after Europe; no current CFP details. | Official calendar says CFP details coming soon; all submission and economics details unknown. | CFP dates, tracks, formats, terms, economics, rights, and accessibility not published | MERGE CONFLICTS/VARIANTS — edition_url: https://events.linuxfoundation.org/kubecon-cloudnativecon-north-america/ | https://events.linuxfoundation.org/about/calendar/; date_status: confirmed | exact; cfp_url: https://events.linuxfoundation.org/kubecon-cloudnativecon-north-america/ | https://events.linuxfoundation.org/about/calendar/; guidelines_url: https://events.linuxfoundation.org/kubecon-cloudnativecon-north-america/ | https://events.linuxfoundation.org/about/calendar/; verified_at: 2026-09-04T23:00:00-06:00 | 2026-09-04T23:30:00-06:00",https://events.linuxfoundation.org/kubecon-cloudnativecon-north-america/
29,1.97,conference/event,CES,CES 2027,"Las Vegas, United States",in-person,2027-01-06,open,2026-09-09,judgment,Code Is Cheap. Judgment Is Expensive.,product-engineering,Broad technology-leadership audience and open editorial route; strong reach but limited software-engineering concentration.,83.0,100.0,83.0,1.68,1,Exact preferred city.,5,"Hard credential, publication, domain, or firsthand-evidence requirement.",5,Established flagship or large organizer-backed event; exact audience count may be an organizer claim or unstated.,1,Confirmed deadline in 4 days.,Speaker application; independent editorial selection. Sponsored opportunities are separate.,Submit only a tight editorial application by September 9; do not pursue sponsored placement.,"Very short runway; selection favors visible influence; no payment or travel support; format unknown. | Format, recording rights, accessibility, selection timing and Dan's evidence of influence unknown.",https://www.ces.tech/cfs
30,1.995,community/meetup,Colorado AI Builders,Denver/Colorado,Alternates Boulder and Denver about every six weeks; in person,in-person,2026-09-15,public form/contact route,,adaptive-systems,Building Adaptive & Dynamic AI Systems,,"Adaptive, Product, Retrieval, Parallelization, Benchmarks, and Free tier as a concrete demo",82,80,65.6,2.38,1,Exact preferred city.,1,Researcher-rated route and format effort; 1 is easiest and 5 is hardest.,2,Recurring program or sponsor/history evidence is visible; no strong comparable audience count was found.,3,Recurring or contact-based route; the next listed event is not proof that a speaker slot remains open.,Put a demo description in the event RSVP; organizers state they receive more demo requests than slots. 2026-09-15 Luma event,Review the public route and decide whether to prepare the indicated talk or demo format.,,https://luma.com/albyi559
31,1.995,community/meetup,Vegas Programmers,Preferred US cities,Las Vegas; third Saturday at Tech Alley,in-person,2026-09-19,public form/contact route,,product-engineering,The Future of Product Engineering,,"Product, Failure, Adaptive, Retrieval, Benchmarks, Parallelization, Judgment, and Free tier",82,80,65.6,2.38,1,Exact preferred city.,1,Researcher-rated route and format effort; 1 is easiest and 5 is hardest.,2,Recurring program or sponsor/history evidence is visible; no strong comparable audience count was found.,3,Recurring or contact-based route; the next listed event is not proof that a speaker slot remains open.,The group publishes a direct Present your idea at Demo Time route. Vegas Programmers,Review the public route and decide whether to prepare the indicated talk or demo format.,"Demo length, September availability, selection method, and whether the requested talk must include code.",https://www.phpvegas.com/
32,2.0,conference/event,Global AI Community Seattle,Global AI Community Seattle 2026-2027 series,"Seattle / Bellevue, United States",in-person,2026-11-18,rolling,,parallelization,Rethinking Parallelization in the Agentic Era,failure-improvement,"Direct AI-agent, infrastructure and developer-tool audience with a verified rolling route; suitable for iterating the talk.",85.0,100.0,85.0,1.6,1,Exact preferred city.,2,Standard public proposal or organizer route with no hard requirement found.,2,Recurring program or sponsor/history evidence is visible; no strong comparable audience count was found.,3,Open or rolling route without a confirmed actionable deadline.,"Proposal aligned to agents, infrastructure, MLOps/platform or developer tooling.",Choose a 2027 date after internal travel review and tailor the proposal to the listed agents/tooling topics.,"Travel origin and individual meetup slot duration are unknown. | Exact venue by date, durations, economics, rights, accessibility, attendance and multiple-submission rules unknown.",https://sessionize.com/global-ai-community-seattle/
33,2.0,conference/event,OLC Innovate,OLC Innovate 2027,virtual,virtual,2027-04-20,announced-not-open,2026-11-10,skeptic-education,A Skeptic's Guide to Surviving AI in Education,evidence-learning,"Conference explicitly targets digital learning, AI policy/literacy, changing workforce, and practical educational sessions; virtual delivery lowers travel friction",95.0,100.0,95.0,1.2,1,Remote or online participation is available.,4,"Requires recordings, membership/co-presenter status, real evidence, a demo, or substantial extra material.",4,Established recurring conference or community series with visible program history.,3,Confirmed deadline in 66 days.,Double-blind proposal; outcomes; audience appeal; interactivity; vendor-neutral educational content,Prepare proposal now and verify portal fields on 2026-09-15; submit by 2026-11-10 if economics and status permit,"Accepted presenters pay registration; vendor product submissions may need educator/L&D co-presenter; exact duration pending | CFP opens 2026-09-15; 2027 recording/accessibility terms and registration price unknown. | Registration price, rights, accessibility, Dan's vendor status/affiliation, and exact session duration unknown | MERGE CONFLICTS/VARIANTS — eligibility: Educators, vendors, and industry L&D may submit; vendor product sessions require educator or industry-L&D co-presenter | Educators, vendors, and L&D professionals may submit; product/service proposals need educator or L&D co-presenter; formats_and_durations: Academic presentation and interactive formats; exact durations should be rechecked when portal opens | Multiple virtual session types; exact 2027 durations not captured; submission_requirements: Double-blind proposal; outcomes; audience appeal; interactivity; vendor-neutral educational content | Double-blind proposal; educational/non-promotional; alignment, outcomes, appeal, interactivity; travel_support: No travel needed | none; speaker_costs: Accepted presenters must register and pay published fee; price not yet available | Accepted presenters must register and pay published fee; recording_rights: 2026 sessions were recorded for nine months; 2027 rights not stated | unknown; attendance_value: Global online-learning practitioner network; attendance figure not verified | International online/digital/blended-learning community; verified_at: 2026-09-04T12:00:00-06:00 | 2026-09-04T23:00:00-06:00",https://onlinelearningconsortium.org/conferences/olc-innovate2027/present/
34,2.002,conference/event,WSCUC Accreditation Resource Conference,ARC2027,"San Diego, United States",in-person,2027-04-07,open,2026-10-19,evidence-learning,"Outsmart Your Lying, Cheating Students",,WSCUC prioritizes evidence-based action and student success; prior programming includes AI and authentic assessment.,85.0,88.0,74.8,2.01,1,Exact preferred city.,2,Standard public proposal or organizer route with no hard requirement found.,2,Recurring program or sponsor/history evidence is visible; no strong comparable audience count was found.,2,Confirmed deadline in 44 days.,"Evidence-based action, tangible outcomes, applicability, audience appeal; vendor promotion excluded","Verify whether Dan can credibly submit with or through an accredited institution, then adapt around institutional evidence and accreditation.",FINALIST; in-person only; priority favors accredited institutions in good standing; all costs borne by presenters | Dan's relationship to a WSCUC-accredited institution is unknown and affects priority; exact format/duration and rights unknown.,https://www.wscuc.org/arc2027cfp/
35,2.032,conference/event,A4Q Global Testing Summit,A4Q Global Testing Summit 2027,online,online,2027-04-27,open,,benchmarks,Stop Looking at My Benchmarks,,"Worldwide testing audience, four language tracks, free access, and an open low-friction title/abstract intake",93.0,88.0,81.8,1.73,1,Remote or online participation is available.,2,Standard public proposal or organizer route with no hard requirement found.,2,Recurring program or sponsor/history evidence is visible; no strong comparable audience count was found.,3,Open or rolling route without a confirmed actionable deadline.,"Title and short abstract; contact, country, company, and job-title fields","Verify duration, recording terms, and response timeline before preparing","No CFP deadline or duration; page has a stale 2026 footer artifact | CFP deadline, session duration, speaker payment interpretation, rights, accessibility, and platform unknown; stale 2026 footer dates conflict with 2027 hero",https://testingsummit.com/#call-for-papers
36,2.04,conference/event,ALA Annual Conference and Exhibition,ALA Annual Conference 2027,"New Orleans, United States",in-person planned,2027-06-24,open,2026-09-21,skeptic-education,A Skeptic's Guide to Surviving AI in Education,evidence-learning,"Potential fit through academic libraries and AI literacy, but direct library practice needs a credible bridge",71.0,100.0,71.0,2.16,1,Exact preferred city.,2,Standard public proposal or organizer route with no hard requirement found.,2,Recurring program or sponsor/history evidence is visible; no strong comparable audience count was found.,2,Confirmed deadline in 16 days.,Separate education-program form and guide; learning objectives; rubric,Only pursue with a genuine library/faculty partnership or concrete library-facing example before 2026-09-21,"In-person; speaker pays registration/travel/lodging; library-specific experience not supplied | Talk needs an academic-library/information-literacy angle; exact formats, accessibility terms, fee, and rights language are unknown. | Weak direct library fit unless pitched for librarians/faculty partners; rates, rights, accessibility, and Dan's library experience unknown | MERGE CONFLICTS/VARIANTS — edition_label: ALA Annual Conference 2027 | ALA Annual 2027; edition_url: https://www.ala.org/conferencesevents/ | https://2027.alaannual.org/; country: United States | USA; mode: in-person planned | in-person; eligibility: Education program and poster calls are open; library relevance must be made explicit | Open call; no membership requirement stated on the reviewed page; formats_and_durations: Education programs and posters; durations in linked guides not reviewed | Education program or poster; duration in submission guide not reviewed; submission_requirements: Separate education-program form and guide; learning objectives; rubric | Separate proposal systems; learning objectives and rubric supplied; travel_support: No travel or accommodation support stated | none; speaker_costs: Presenter responsible for travel, accommodation, and registration; discounted registration offered | Presenters pay travel, lodging, and registration; exclusive presenter discount; recording_rights: May be asked to consent to recording | unknown; attendance_value: Large cross-sector library audience; exact attendance not verified | Large national library audience; verified_at: 2026-09-04T12:00:00-06:00 | 2026-09-04T23:00:00-06:00",https://www.ala.org/conferencesevents/ala-annual-2027-call-proposals
37,2.045,community/meetup,Boulder/Denver Data + AI Meetup,Denver/Colorado,Boulder/Denver and online,remote/online,,public form/contact route,,retrieval,From RAGs to Retrievals,,"Retrieval, Benchmarks, Adaptive, Parallelization, and Failure",82,80,65.6,2.38,1,Remote or online participation is available.,2,Researcher-rated route and format effort; 1 is easiest and 5 is hardest.,3,Public organizer/platform signal of at least 781.,3,Recurring or contact-based route; the next listed event is not proof that a speaker slot remains open.,The page says Databricks’ community team is looking for speakers; message the organizer team. Meetup,Review the public route and decide whether to prepare the indicated talk or demo format.,,https://www.meetup.com/boulder-denver-data-ai-meetup/
38,2.045,community/meetup,Develop Denver,Denver/Colorado,Denver and online,remote/online,,public form/contact route,,product-engineering,The Future of Product Engineering,,"Product, Judgment, Failure, Adaptive, and Education",82,80,65.6,2.38,1,Remote or online participation is available.,2,Researcher-rated route and format effort; 1 is easiest and 5 is hardest.,3,Public organizer/platform signal of at least 654.,3,Recurring or contact-based route; the next listed event is not proof that a speaker slot remains open.,Talks are submitted and community-voted; use Message organizer or the public Discord on the Meetup page. No current form found.,Review the public route and decide whether to prepare the indicated talk or demo format.,,https://www.meetup.com/develop-denver/
39,2.048,conference/event,AgenticCon,AgenticCon 2027,"San Francisco, USA",in-person,2027-02-25,open,2026-10-04,retrieval,From RAGs to Retrievals,,"Current CFP explicitly requests context, capability, execution, evaluation, security, and observability.",78.0,90.0,70.2,2.19,1,Exact preferred city.,2,Standard public proposal or organizer route with no hard requirement found.,2,Public organizer/platform signal of at least 300.,2,Confirmed deadline in 29 days.,"Title <=90 characters, 250-character description, 800-character third-person abstract; no vendor pitch",Seek organizer correction before relying on either deadline; prepare the 25-minute version meanwhile.,"FINALIST; same official page has conflicting deadlines and notifications; real incidents desired but supplied deck uses hypotheticals | Same CFP page gives both October 4 and November 1 deadlines and both October 20 and November 17 notifications; economics, rights, accessibility, travel",https://agenticcon.com/cfp
40,2.06,conference/event,Sparking Success Faculty Development Conference,Sparking Success 2027,"New Orleans, United States",in-person,2027-01-06,open,2026-10-20,evidence-learning,"Outsmart Your Lying, Cheating Students",,"Small faculty-development conference has clear appetite for evidence-of-learning and AI topics, with a public application route.",82.0,84.0,68.9,2.24,1,Exact preferred city.,2,Standard public proposal or organizer route with no hard requirement found.,2,Recurring program or sponsor/history evidence is visible; no strong comparable audience count was found.,2,Confirmed deadline in 45 days.,Application route linked; detailed fields not captured,Confirm external-presenter eligibility through the public conference contact before investing in the application.,"FINALIST; deadline year inferred from page context; external presenter eligibility and costs unknown | Deadline year is inferred from the 2026-27 page context; external eligibility, economics, rights, accessibility, and format duration unknown.",https://celt.tulane.edu/sparking-success
41,2.067,conference/event,UXDX,UXDX New York 2027,"New York, United States",hybrid,2027-05-10,open,2026-12-10,product-engineering,The Future of Product Engineering,judgment,The event language nearly mirrors the talk thesis and current agenda contains direct topic precedent.,87.0,90.0,78.3,1.87,1,Exact preferred city.,2,Standard public proposal or organizer route with no hard requirement found.,2,Recurring program or sponsor/history evidence is visible; no strong comparable audience count was found.,3,Confirmed deadline in 96 days.,"Story of real change, title, description, decisions/tradeoffs/failures, takeaways, job/company/location.",Only target main stage if Dan has a truthful qualifying case; otherwise use the always-open local stage.,"Main stage expects a real in-house case with outcomes; current synthetic proposed design may not qualify. | Dan's in-house seniority and qualifying real case are unknown; economics, rights and accessibility unknown.",https://uxdx.com/speak/
42,2.078,conference/event,Hi AI!,Hi AI! 2027,virtual,virtual,2027-01-14,open,2026-10-12,skeptic-education,A Skeptic's Guide to Surviving AI in Education,,"Focused AI event explicitly solicits AI assessment practices, literacy, ethics, policy, personalization, and practical experience",81.0,83.0,67.2,2.31,1,Remote or online participation is available.,2,Standard public proposal or organizer route with no hard requirement found.,2,Recurring program or sponsor/history evidence is visible; no strong comparable audience count was found.,2,Confirmed deadline in 37 days.,Title max 10 words; description max 350 words; target audience; actionable learning objectives,Confirm Dan can credibly supply K-12 examples; then adapt title to 10 words and description to 350 words by 2026-10-12,"K-12 grounding and real-world experience are expected; Dan's school-sector credentials are unknown; economics not stated | Speaker cost, compensation, rights, accessibility, and whether an out-of-state non-school practitioner is competitive remain unknown",https://www.ltcillinois.org/hiai/rfp/
43,2.095,community/meetup,DevOpsDays Rockies,Denver/Colorado,Denver; in person,in-person,2026-09-22,public form/contact route,,failure-improvement,Automating Improvement From Failure,,"Failure, Adaptive, Benchmarks, Parallelization, Product, and Judgment",82,80,65.6,2.38,1,Exact preferred city.,3,Researcher-rated route and format effort; 1 is easiest and 5 is hardest.,4,"Public organizer/platform signal of at least 2,245.",3,Recurring or contact-based route; the next listed event is not proof that a speaker slot remains open.,2026 CFP is closed. Monitor the official community site and Pretalx CFP archive; organizers explicitly offered proposal help and local writing meetups,Review the public route and decide whether to prepare the indicated talk or demo format.,,https://denverdevops.org/
44,2.095,community/meetup,ProductTank Chicago,Preferred US cities,Chicago; in person,in-person,,public form/contact route,,product-engineering,The Future of Product Engineering,,"Product, Judgment, Failure, Free tier, Adaptive, and Benchmarks",82,80,65.6,2.38,1,Exact preferred city.,3,Researcher-rated route and format effort; 1 is easiest and 5 is hardest.,4,"Public organizer/platform signal of at least 4,881.",3,Recurring or contact-based route; the next listed event is not proof that a speaker slot remains open.,Join Mind the Product's public speaker directory or message the local organizers. Speaker route · chapter,Review the public route and decide whether to prepare the indicated talk or demo format.,"Current calendar, local review process, duration, and speaker economics.",https://www.mindtheproduct.com/producttank/
45,2.095,community/meetup,ProductTank Los Angeles,Preferred US cities,Los Angeles/Pasadena; in person,in-person,2026-09-09,public form/contact route,,product-engineering,The Future of Product Engineering,,"Product, Judgment, Failure, Free tier, Adaptive, and Benchmarks",82,80,65.6,2.38,1,Exact preferred city.,3,Researcher-rated route and format effort; 1 is easiest and 5 is hardest.,4,"Public organizer/platform signal of at least 2,552.",3,Recurring or contact-based route; the next listed event is not proof that a speaker slot remains open.,Join the public ProductTank speaker directory; the local Meetup also supports organizer messaging. Speaker route · chapter,Review the public route and decide whether to prepare the indicated talk or demo format.,"Local speaker review cadence, slot length, economics, and whether the September program is already final.",https://www.mindtheproduct.com/producttank/
46,2.137,conference/event,AI Agent Event,AI Agent Event 2027,"Fort Lauderdale, United States",in-person,2027-02-09,open,2026-09-09,benchmarks,Stop Looking at My Benchmarks,adaptive-systems,"Official CFP explicitly includes testing/evaluation, monitoring/optimization, performance benchmarking, and cost optimization",98.0,93.0,91.1,1.35,2,Near a preferred city or within the Denver/Front Range area.,4,"Requires recordings, membership/co-presenter status, real evidence, a demo, or substantial extra material.",4,Established recurring conference or community series with visible program history.,1,Confirmed deadline in 4 days.,"Educational, noncommercial, non-self-promotional; headshot and bio; claims new concepts unavailable elsewhere",Recheck deadline and novelty terms immediately; build system-level agent variant,"Deadline is urgent; novel-concepts clause and commercial adjacency need review; duration unknown | Travel/hotel, honorarium, accessibility, recording rights, session duration, and meaning/enforceability of novelty clause unknown. | Deadline time zone, travel, compensation, rights, accessibility, and exact durations unknown | Deadline year inferred from 2027 page context; talk duration, travel, honorarium, rights, accessibility, and Dan's qualifying deployment experience | MERGE CONFLICTS/VARIANTS — date_status: exact | confirmed; country: United States | USA; eligibility: Enterprise practitioners, AI developers, innovators, researchers, solution providers, and leaders with real-world agent experience | Editorial, non-commercial material; novel concepts clause | Seeks enterprise practitioners, developers, researchers, providers, and leaders with real deployment experience; formats_and_durations: Case study, technical session, workshop, or panel; duration not stated | Case study; technical session; workshop; panel; durations unknown | unknown; submission_requirements: Educational, noncommercial, non-self-promotional; headshot and bio; claims new concepts unavailable elsewhere | Title, abstract, biography, and committee review | Headshot, full bio, title, and description; strict no-commercialism policy; compensation: Complimentary all-access speaker pass stated as USD 1,799 value | Complimentary all-access pass | unknown; speaker_costs: No mandatory registration stated for selected speakers | No pay-to-speak found | Complimentary all-access speaker pass; attendance_value: Pass advertised at USD 1,799 value | 1000 | Organizer claims 1,000 attendees; verified_at: 2026-09-04T12:00:00-06:00 | 2026-09-04T23:30:00-06:00 | 2026-09-04T23:00:00-06:00",https://www.aiagentevent.com/east/call-for-speakers.aspx
47,2.145,community/meetup,Boulder Ruby,Denver/Colorado,Boulder; in person or remote,remote/online,,public form/contact route,,product-engineering,The Future of Product Engineering,,"Product, Judgment, Failure, Parallelization, Adaptive; needs a software-development or Ruby-adjacent framing",82,80,65.6,2.38,1,Remote or online participation is available.,1,Researcher-rated route and format effort; 1 is easiest and 5 is hardest.,1,Little public popularity evidence beyond the event or route itself.,3,Recurring or contact-based route; the next listed event is not proof that a speaker slot remains open.,The group says it is always looking for speakers and publishes a direct email/contact route. Presenting details,Review the public route and decide whether to prepare the indicated talk or demo format.,,https://boulder-ruby.org/#presenting
48,2.145,community/meetup,AI Tinkerers Miami,Preferred US cities,Miami; in person,in-person,,public form/contact route,,adaptive-systems,Building Adaptive & Dynamic AI Systems,,"Adaptive, Retrieval, Benchmarks, Parallelization, and Failure as live demos",82,80,65.6,2.38,1,Exact preferred city.,4,Researcher-rated route and format effort; 1 is easiest and 5 is hardest.,5,"Public organizer/platform signal of at least 125,000 members, registrations, attendees, or reach.",3,Recurring or contact-based route; the next listed event is not proof that a speaker slot remains open.,"Use the event-specific demo proposal when exposed. The 2026 kickoff requested approximately five-minute live implementations, no deck, with one architecture diagram allowed. Miami chapter · proposal example",Review the public route and decide whether to prepare the indicated talk or demo format.,"Chapter cadence, next date, current intake, acceptance timing, and travel-speaker policy.",https://miami.aitinkerers.org/
49,2.145,community/meetup,DataTalks.Club,Overseas from March 2027,Global remote,remote/online,,public form/contact route,,retrieval,From RAGs to Retrievals,,"RT, BM, AS, FI, PA, JU",82,80,65.6,2.38,1,Remote or online participation is available.,4,Researcher-rated route and format effort; 1 is easiest and 5 is hardest.,5,"Public organizer/platform signal of at least 94,000 members, registrations, attendees, or reach.",3,Recurring or contact-based route; the next listed event is not proof that a speaker slot remains open.,"Public community/contact channels; webinar, workshop and podcast formats are documented, but no standing speaker form was found",Review the public route and decide whether to prepare the indicated talk or demo format.,"Route is contact-based rather than a verified open CFP; selection, duration and compensation unknown. community, formats, GitHub community profile",https://datatalks.club/
50,2.16,conference/event,PlatformCon Live Day San Francisco,PlatformCon Live Day San Francisco 2027,"San Francisco, United States",in-person,2027-02-24,open,2026-10-04,parallelization,Rethinking Parallelization in the Agentic Era,failure-improvement,"Platform audience and archived agent/platform sessions are excellent, but the named-production-case requirement may block the supplied conceptual talk.",89.0,100.0,89.0,1.44,1,Exact preferred city.,5,"Hard credential, publication, domain, or firsthand-evidence requirement.",4,Established recurring conference or community series with visible program history.,2,Confirmed deadline in 29 days.,Case-study proposal with concrete implementation and outcomes.,Only proceed if Dan can document the required implementation and outcomes; otherwise retain as a monitored fit.,"Requires a named organization, real implementation and outcomes; no travel expenses; official deadline times conflict. | Dan's ability to name an organization and evidence outcomes is unknown and may be a hard barrier. Rights and accessibility unknown. Official pages conflict on deadline time/timezone. | CFP form/status/deadline, formats, economics, rights; page has a CFP label but that alone does not prove open | Deadline says 12:59 PM EST despite San Francisco venue; speaker economics, rights, accessibility, and travel unknown | MERGE CONFLICTS/VARIANTS — edition_label: PlatformCon Live Day San Francisco 2027 | PlatformCon San Francisco 2027; end_date: 2027-02-24 | 2027-02-25; country: United States | USA; cfp_url: https://sessionize.com/platformcon-live-day-san-francisco/ | https://sanfrancisco.platformcon.com/ | https://sanfrancisco.platformcon.com/cfp; guidelines_url: https://sanfrancisco.platformcon.com/cfp | https://sanfrancisco.platformcon.com/; cfp_status: open | unknown; eligibility: Practitioner-only; proposals should describe real implementations, named organizations and outcomes; multiple proposals allowed. | unknown; formats_and_durations: 25-minute talk | unknown; submission_requirements: Case-study proposal with concrete implementation and outcomes. | unknown | Practical enterprise platform story; further form fields not extracted; compensation: No honorarium stated. | unknown; travel_support: No travel expenses covered. | unknown; attendance_value: 300+ advertised | 300+ displayed on event page without a fully extracted unit | 300 practitioners claimed; verified_at: 2026-09-04T12:00:00-06:00 | 2026-09-05T00:05:00-06:00",https://sessionize.com/platformcon-live-day-san-francisco/
51,2.178,conference/event,DevOpsDays Los Angeles,DevOpsDays Los Angeles 2027,"Pasadena, USA",in-person,2027-04-02,conflicting-official-pages,2026-11-01,free-tier,Cry Me a Free Tier,retrieval,The indexed current call explicitly named token economics and FinOps; the rendered local page retains platform/reliability fit.,82.0,82.0,67.2,2.31,2,Near a preferred city or within the Denver/Front Range area.,2,Standard public proposal or organizer route with no hard requirement found.,4,Established recurring conference or community series with visible program history.,3,Confirmed deadline in 57 days.,Title and description through SCaLE submission route,"Recheck the SCaLE form and official local page; if both show 2027 intake, prepare the 40-minute version.",FINALIST; official pages conflict on open status; local experience favored; do not treat deadline as actionable until reconciled | Local page says CFP TBD while global speaking index labels it open and provides a 2026-11-01 deadline; economics and rights unknown | Local page says CFP TBD while global index labels open and gives 2026-11-01 deadline; economics and rights unknown | MERGE CONFLICTS/VARIANTS — eligibility: Speaker must submit directly; local stories favored; no vendor pitches | Direct speaker involvement; local stories favored; no vendor pitches; formats_and_durations: 30-40-minute talk; 10-minute lightning; Open Space | 30–40-minute talk; 10-minute lightning; Open Space; submission_requirements: Title and description through SCaLE submission route | SCaLE submission route,https://devopsdays.org/events/2027-los-angeles/propose/
52,2.195,community/meetup,AI Friday New Orleans,Preferred US cities,New Orleans; monthly in person,in-person,2026-09-18,public form/contact route,,skeptic-education,A Skeptic's Guide to Surviving AI in Education,,"Education, Product, Judgment, Free tier, and accessible versions of Adaptive or Failure",82,80,65.6,2.38,1,Exact preferred city.,2,Researcher-rated route and format effort; 1 is easiest and 5 is hardest.,2,Recurring program or sponsor/history evidence is visible; no strong comparable audience count was found.,3,Recurring or contact-based route; the next listed event is not proof that a speaker slot remains open.,No speaker form is published. Use the public email or community Slack listed under Get in Touch to ask about a future working-session contribution. AI Friday,Review the public route and decide whether to prepare the indicated talk or demo format.,"Audience size, talk format, speaker selection, location, and whether guest presentations are part of the September meeting.",https://aifri.day/
53,2.195,community/meetup,Denver Data Science Professionals (DDSP),Denver/Colorado,Galvanize Denver; approximately bimonthly,in-person,,public form/contact route,,benchmarks,Stop Looking at My Benchmarks,,"Benchmarks, Retrieval, Adaptive, Parallelization, and Failure",82,80,65.6,2.38,1,Exact preferred city.,2,Researcher-rated route and format effort; 1 is easiest and 5 is hardest.,2,Recurring program or sponsor/history evidence is visible; no strong comparable audience count was found.,3,Recurring or contact-based route; the next listed event is not proof that a speaker slot remains open.,Official page invites presenters to contact organizers and publishes their contact details. Presenter route,Review the public route and decide whether to prepare the indicated talk or demo format.,,https://www.denverdatascienceprofessionals.com/
54,2.195,community/meetup,ProductCamp Austin,Preferred US cities,Austin; annual in-person unconference,in-person,2026-09-19,public form/contact route,,product-engineering,The Future of Product Engineering,,"Product, Judgment, Failure, Free tier, Education, and accessible versions of Adaptive or Benchmarks",82,80,65.6,2.38,1,Exact preferred city.,2,Researcher-rated route and format effort; 1 is easiest and 5 is hardest.,2,Recurring program or sponsor/history evidence is visible; no strong comparable audience count was found.,3,Recurring or contact-based route; the next listed event is not proof that a speaker slot remains open.,"Public Submit a Session route. One proposal per person; sessions are thirty minutes including Q&A, followed by a thirty-second pitch and attendee vote. ProductCamp Austin",Review the public route and decide whether to prepare the indicated talk or demo format.,"Submission cutoff, registration capacity, remote participation, and whether non-local proposals are common.",https://www.productcampaustin.org/
55,2.195,conference/event,SaaStr AI Annual,SaaStr AI Annual 2027,"San Mateo, USA",in-person,2027-05-11,rolling,,free-tier,Cry Me a Free Tier,,Founders and B2B AI operators are direct beneficiaries; public apply-to-speak route is linked and reviewed on a rolling basis.,88.0,80.0,70.4,2.18,2,Near a preferred city or within the Denver/Front Range area.,3,"Standard CFP plus registration, assets, review, or meaningful format adaptation.",5,"Public organizer/platform signal of at least 10,000 members, registrations, attendees, or reach.",3,Open or rolling route without a confirmed actionable deadline.,unknown,Inspect the interactive application and pitch a tactical founder workshop only if Dan's role and experience satisfy the form.,"FINALIST; application details did not render; workshop version requires adaptation; no invented founder credentials or company-stage claims | Application deadline, selection rules, speaker costs/travel/rights, and whether talk is sufficiently founder/GTM oriented",https://www.saastrannual.com/speaker-submission
56,2.218,conference/event,Tokenomicon + FinOps X,Tokenomicon + FinOps X 2027,"San Diego, USA",in-person,2027-06-07,announced-not-open,,free-tier,Cry Me a Free Tier,,"Prior official guide explicitly asks for FinOps for AI, token-based cost models, unit economics, and data-driven outcomes.",87.0,90.0,78.3,1.87,1,Exact preferred city.,2,Standard public proposal or organizer route with no hard requirement found.,1,Little public popularity evidence beyond the event or route itself.,3,Open or rolling route without a confirmed actionable deadline.,Prior cycle demands actionable points and real-world examples/data,Build a citation-backed synthetic demo now; monitor for 2027 rules and use lightning format if practitioner status is not met.,FINALIST; 2027 call not open; breakout eligibility likely practitioner/end-user; talk currently lacks a proprietary case study and real-world organizational data | 2027 CFP dates/rules; Dan's practitioner/end-user status; real-world data permissions; all economics and travel,https://www.tokenomicon.com/
57,2.22,conference/event,POSSIBLE,POSSIBLE 2027,"Miami Beach, United States",in-person,2027-04-05,open,2026-12-11,judgment,Code Is Cheap. Judgment Is Expensive.,product-engineering,"Open editorial route and leadership audience are usable, but the program is marketing-heavy.",70.0,90.0,63.0,2.48,1,Exact preferred city.,2,Standard public proposal or organizer route with no hard requirement found.,2,Recurring program or sponsor/history evidence is visible; no strong comparable audience count was found.,3,Confirmed deadline in 97 days.,"Original idea, research, case study or forward-looking perspective; editorial application.",Use only the editorial form if Dan truthfully fits the stated audience; submit by December 11.,"Eligibility emphasizes brand/marketing leaders, founders and innovators; solution providers are routed to sales. | Dan's founder/innovator eligibility, format, economics, rights, accessibility and attendance unknown; marketing audience is indirect.",https://possibleevent.com/speaker-opportunities/
58,2.24,conference/event,Teaching and Learning with AI Conference,Teaching and Learning with AI 2027,"Orlando, United States",in-person,2027-06-01,announced-not-open,2027-01-22,skeptic-education,A Skeptic's Guide to Surviving AI in Education,evidence-learning,Conference is devoted to AI in higher-ed teaching and has prior sessions on AI-resilient courses and assessment; thesis is directly on target,91.0,100.0,91.0,1.36,1,Exact preferred city.,3,"Standard CFP plus registration, assets, review, or meaningful format adaptation.",2,Recurring program or sponsor/history evidence is visible; no strong comparable audience count was found.,4,Confirmed deadline in 139 days.,Guidelines not yet published,Prepare now; recheck full guidelines when the call opens 2026-10-05 and submit by 2027-01-22 if eligibility/economics work,"In-person only; presenter registration required; guidelines and presenter price not yet published | CFP opens 2026-10-05; exact submission fields, travel support, compensation, rights, accessibility, and presenter fee unknown. | Submission schema, eligibility, presenter price, compensation, travel, rights, accessibility, and Dan's affiliation unknown | MERGE CONFLICTS/VARIANTS — country: United States | USA; eligibility: Higher-education professionals, researchers, and policymakers; detailed 2027 eligibility forthcoming | Higher-education practitioners, researchers, and policymakers; K-12 educators also encouraged; formats_and_durations: 30-minute concurrent slots visible in agenda-at-a-glance; other formats forthcoming | 2027 agenda shows 30-minute concurrent sessions; full guidelines pending; submission_requirements: Guidelines not yet published | Guidelines not yet posted; travel_support: Not stated | unknown; attendance_value: International higher-education AI teaching audience; attendance not verified | International higher-education AI-specialist audience; fifth annual edition; verified_at: 2026-09-04T12:00:00-06:00 | 2026-09-04T23:00:00-06:00",https://aiforall.ucf.edu/teachwithai/
59,2.25,conference/event,A4Q Testing Summit,A4Q Testing Summit 2027,online,online,2027-04-27,open-undated,,failure-improvement,Automating Improvement From Failure,parallelization,"Testing/quality audience and online delivery remove travel uncertainty, but key CFP details are undated.",75.0,100.0,75.0,2.0,1,Remote or online participation is available.,2,Standard public proposal or organizer route with no hard requirement found.,1,Little public popularity evidence beyond the event or route itself.,3,Open or rolling route without a confirmed actionable deadline.,Title and short abstract requested.,Inspect the speaker flow for duration and selection timing; prepare but do not treat as deadline-driven.,"No deadline or duration; no past-session evidence captured; language-track placement unknown. | Deadline, duration, recording rights, accessibility, platform, audience size and selection rules unknown.",https://testingsummit.com/
60,2.29,conference/event,Product-Led Summit,Product-Led Summit Seattle 2027,"Seattle, United States",in-person,2027-06-16,open-undated,,product-engineering,The Future of Product Engineering,judgment,"Direct product-led, activation, experimentation and AI-product audience with strong precedent.",79.0,90.0,71.1,2.16,1,Exact preferred city.,2,Standard public proposal or organizer route with no hard requirement found.,1,Little public popularity evidence beyond the event or route itself.,3,Open or rolling route without a confirmed actionable deadline.,"Speaker-interest form with identity, title, company and business email; proposal fields not exposed on first step.","Prepare the 30-minute abstract, then use the route only after confirming Dan's company/business-email facts.","Undated interest form requires company and business email; selection/economics unknown. | Deadline, full requirements, economics, accessibility, rights, and Dan's company/business-email eligibility unknown.",https://world.productledalliance.com/location/seattle/requesttospeak
61,2.325,conference/event,DX Annual,DX Annual San Francisco 2027,"San Francisco, United States",in-person,2027-05-06,announced-not-open,,judgment,Code Is Cheap. Judgment Is Expensive.,product-engineering,"CTO/VP and developer-productivity audience is exact, but speakers must have led major organizational change and use real data.",75.0,90.0,67.5,2.3,1,Exact preferred city.,2,Standard public proposal or organizer route with no hard requirement found.,1,Little public popularity evidence beyond the event or route itself.,3,Open or rolling route without a confirmed actionable deadline.,Practical lessons and real-world experience driving developer productivity and AI initiatives.,Monitor the announced fall call and exclude if the evidence requirement cannot be met.,"Speaker call announced but not open; Dan's qualifying leadership role, organizational-change case and real data are unknown. | Application not open; Dan's organizational-change credentials, economics, format and accessibility unknown.",https://getdx.com/dxannual/
62,2.33,community/meetup,Tech Alley Vegas,Preferred US cities,"Downtown Las Vegas; third Saturday monthly, in person",in-person,2026-09-19,public form/contact route,,product-engineering,The Future of Product Engineering,,"All ten, routed to the appropriate constituent meetup; strongest for Product, Free tier, Judgment, Adaptive, and Failure",90,80,72.0,2.12,1,Exact preferred city.,3,Researcher-rated route and format effort; 1 is easiest and 5 is hardest.,2,Public organizer/platform signal of at least 150.,3,Recurring or contact-based route; the next listed event is not proof that a speaker slot remains open.,"Use Tech Alley's public community/partner route or approach a listed constituent meetup for an agenda slot. It is a “meetup of meetups,” not one editorial stage. Official site · Meetup",Review the public route and decide whether to prepare the indicated talk or demo format.,"Which September track still has space, session lengths by subgroup, and whether out-of-town talks are accepted.",https://www.techalley.org/
63,2.335,conference/event,Lilly Conference San Diego,Lilly San Diego 2027,"San Diego, United States",in-person,2027-01-07,open,2026-10-01,skeptic-education,A Skeptic's Guide to Surviving AI in Education,evidence-learning,"Edition theme is active and engaged learning in the age of AI; Lilly values scholarship, participation, and immediate teaching use",86.0,83.0,71.4,2.14,1,Exact preferred city.,5,"Hard credential, publication, domain, or firsthand-evidence requirement.",4,Established recurring conference or community series with visible program history.,2,Confirmed deadline in 26 days.,Blind peer review; expected scholarly/evidence-based teaching contribution,"Open the linked proposal flow, verify presenter terms, and submit before 2026-10-01 if no affiliation barrier","Exact CFP form, format, speaker costs, and affiliation expectations not exposed in reviewed page; two comparable prior sessions not located | Deadline is verified but submission requirements, formats, economics, rights, accessibility, and two specific past-session examples remain unknown. | CFP form URL, session durations, fees, travel, rights, accessibility, and Dan's institutional affiliation are unknown | MERGE CONFLICTS/VARIANTS — country: United States | USA; cfp_url: https://www.lillyconferences-ca.com/ | https://www.lillyconferences.com/; guidelines_url: https://www.lillyconferences-ca.com/ | https://www.lillyconferences.com/; eligibility: Higher-education teaching-and-learning contributors; exact presenter credential rules not found | Faculty, administrators, and graduate students are invited; exact eligibility not captured; formats_and_durations: Exact 2027 session formats/durations not found in accessible page | Formats not captured from reviewed page; attendance_value: Series reports 125+ colleges/universities and 30+ states per conference | Teaching for Active & Engaged Learning in the Age of AI; attendance_year: 2026 | 2027; verified_at: 2026-09-04T12:00:00-06:00 | 2026-09-04T23:00:00-06:00",https://www.lillyconferences-ca.com/
64,2.362,conference/event,Conf42,Conf42 AI Agents 2027,Global,online,,unknown,,adaptive-systems,Building Adaptive & Dynamic AI Systems,,"2026 AI Agents program included orchestration, retry-budget failures, readiness frameworks, trust, and production architecture.",84.0,70.0,58.8,2.65,1,Remote or online participation is available.,2,Standard public proposal or organizer route with no hard requirement found.,2,Recurring program or sponsor/history evidence is visible; no strong comparable audience count was found.,4,"Announced, undated, or route status still needs confirmation.",Prerecorded/online mechanics inferred from series format but not confirmed for 2027,"Open the edition-specific 2027 page when published and verify deadline, duration, recording license, and whether applications are actually open.","2027 date/intake/deadline and rights were not verified; prerecorded mechanics need confirmation. | Event date and deadline were not captured from the official edition page; do not treat generic CFP label as open. | Date, CFP status/deadline, duration, economics, rights, and accessibility unknown | MERGE CONFLICTS/VARIANTS — edition_url: https://www.conf42.com/agents2027 | https://www.conf42.com/; date_status: unconfirmed | unknown; mode: online | remote; submission_requirements: Prerecorded/online mechanics inferred from series format but not confirmed for 2027 | Edition appears in series navigation; intake details not verified; verified_at: 2026-09-04T23:00:00-06:00 | 2026-09-04T23:30:00-06:00",https://www.conf42.com/
65,2.395,community/meetup,Cloud Native Sydney,Overseas from March 2027,"Sydney, Australia; in person/occasional virtual",remote/online,,public form/contact route,,failure-improvement,Automating Improvement From Failure,,"FI, AS, RT, BM, PA, technical JU",82,80,65.6,2.38,1,Remote or online participation is available.,3,Researcher-rated route and format effort; 1 is easiest and 5 is hardest.,2,Recurring program or sponsor/history evidence is visible; no strong comparable audience count was found.,3,Recurring or contact-based route; the next listed event is not proof that a speaker slot remains open.,Official event text says topic suggestions and speaker volunteers are welcome; organizer contact is public,Review the public route and decide whether to prepare the indicated talk or demo format.,"No standing form, future date, member count, duration or support details were verified. official chapter event and speaker invitation",https://community.cncf.io/events/details/cncf-cloud-native-sydney-presents-cloud-native-sydney-cncf-meetup-19th-march/
66,2.395,community/meetup,Colorado Startup Week,Denver/Colorado,"Downtown Denver; in person, free",in-person,2026-09-14,public form/contact route,,product-engineering,The Future of Product Engineering,,"Product, Judgment, Free tier, Education, Adaptive, and Benchmarks for founders/operators",82,80,65.6,2.38,1,Exact preferred city.,3,Researcher-rated route and format effort; 1 is easiest and 5 is hardest.,2,Recurring program or sponsor/history evidence is visible; no strong comparable audience count was found.,3,Recurring or contact-based route; the next listed event is not proof that a speaker slot remains open.,"2026 programming is set. The official site offers independent community events, venue-host and volunteer routes, plus info@costartupweek.com; no currently open speaker form was found. Get involved",Review the public route and decide whether to prepare the indicated talk or demo format.,,https://www.costartupweek.com/get-involved
67,2.395,community/meetup,MLOps Community London / European chapters,Overseas from March 2027,"London plus Amsterdam, Munich, Edinburgh, Helsinki, Milan, Lisbon and other chapters; in person and online",remote/online,,public form/contact route,,failure-improvement,Automating Improvement From Failure,,"FI, AS, RT, BM, PA, technical JU",82,80,65.6,2.38,1,Remote or online participation is available.,3,Researcher-rated route and format effort; 1 is easiest and 5 is hardest.,2,Recurring program or sponsor/history evidence is visible; no strong comparable audience count was found.,3,Recurring or contact-based route; the next listed event is not proof that a speaker slot remains open.,"Join the global community/Slack; speaker suggestions and chapter event contacts are public, but no universal proposal form was verified",Review the public route and decide whether to prepare the indicated talk or demo format.,"Chapter-specific route, duration, selection and expenses unknown. Do not assume global membership equals local attendance. MLOps Community, official event archive, London waitlist example",https://mlops.community/
68,2.41,conference/event,Florida Online Innovation Summit,Florida Online Innovation Summit 2027,"Orlando, USA",in-person,2027-04-27,announced-not-open,2026-11-06,skeptic-education,A Skeptic's Guide to Surviving AI in Education,,Audience and format match; proposal explicitly asks about impact and measurement; archive contains human-in-loop and AI teaching-assistant sessions,84.0,100.0,84.0,1.64,1,Exact preferred city.,4,"Requires recordings, membership/co-presenter status, real evidence, a demo, or substantial extra material.",2,Recurring program or sponsor/history evidence is visible; no strong comparable audience count was found.,3,Confirmed deadline in 62 days.,"50-word abstract, 500-word description, impact and measurement, presenter data, audience, format",Prepare a case-study version with explicit pilot metrics; verify Dan's vendor status and submit after 2026-09-28 by 2026-11-06,"Must present an innovation/practice and how impact is measured; vendor status may trigger co-presenter rule; onsite costs unknown | Dan's vendor/institutional status, travel, compensation, rights, accessibility, and presenter discount unknown",https://digitallearning.ucf.edu/ilab/innovation-summit/proposals/
69,2.475,conference/event,Conf42,Conf42 Large Language Models 2027,Global,remote,2027-06-10,unknown,,adaptive-systems,Building Adaptive & Dynamic AI Systems,,Relevant online LLM audience; weaker than dedicated agent edition.,73.0,65.0,47.5,3.1,1,Remote or online participation is available.,2,Standard public proposal or organizer route with no hard requirement found.,2,Recurring program or sponsor/history evidence is visible; no strong comparable audience count was found.,4,"Announced, undated, or route status still needs confirmation.",,Monitor edition page and prioritize Conf42 AI Agents if both routes open.,"Edition-specific intake/deadline and rights unverified. | Deadline, economics, duration, and rights unknown.",https://www.conf42.com/
70,2.475,conference/event,Conf42,Conf42 Platform Engineering 2027,Global,remote,2027-11-18,unknown,,adaptive-systems,Building Adaptive & Dynamic AI Systems,,Relevant to platform practitioners if reframed away from generic agent design.,73.0,65.0,47.5,3.1,1,Remote or online participation is available.,2,Standard public proposal or organizer route with no hard requirement found.,2,Recurring program or sponsor/history evidence is visible; no strong comparable audience count was found.,4,"Announced, undated, or route status still needs confirmation.",,Monitor; build a platform-specific abstract only after the AI Agents route is resolved.,"Edition-specific intake/deadline and rights unverified; late horizon. | Deadline, economics, duration, and rights unknown; must pitch planner as a platform control plane.",https://www.conf42.com/
71,2.495,community/meetup,Springs Data & AI,Denver/Colorado,Colorado Springs; in person,in-person,,public form/contact route,,adaptive-systems,Building Adaptive & Dynamic AI Systems,,"Adaptive, Retrieval, Benchmarks, Education, and general AI literacy",82,80,65.6,2.38,2,Near a preferred city or within the Denver/Front Range area.,2,Researcher-rated route and format effort; 1 is easiest and 5 is hardest.,2,Public organizer/platform signal of at least 459.,3,Recurring or contact-based route; the next listed event is not proof that a speaker slot remains open.,Message organizers on the Meetup page; no formal speaker form found,Review the public route and decide whether to prepare the indicated talk or demo format.,,https://www.meetup.com/springs-data-and-ai/
72,2.51,conference/event,DevOpsDays Raleigh,DevOpsDays Raleigh 2027,"Raleigh, USA",in-person,2027-04-27,open,2027-01-01,free-tier,Cry Me a Free Tier,retrieval,DevOps and platform practitioners face cloud-cost and dependency risk; 30-minute slot fits.,81.0,79.0,64.0,2.44,3,Other domestic location.,2,Standard public proposal or organizer route with no hard requirement found.,4,Established recurring conference or community series with visible program history.,3,Confirmed deadline in 118 days.,Google Form; original content preferred,"Verify form fields and presenter economics, then tailor to operational decisions rather than SaaS strategy.","FINALIST; local voices favored; official notification date is erroneous; no proprietary case study supplied | Official notification date precedes deadline and is unusable; economics, rights, accessibility, and travel unknown | Official notification date precedes deadline and is unusable; economics, rights, accessibility, travel | MERGE CONFLICTS/VARIANTS — eligibility: Speaker must submit directly; local and underrepresented voices favored; no vendor pitches | Direct speaker involvement; local and underrepresented voices favored; no vendor pitches",https://devopsdays.org/events/2027-raleigh/propose/
73,2.522,conference/event,EuroSTAR Software Testing Conference,EuroSTAR 2027,"Copenhagen, Denmark",in-person,2027-05-11,open,2026-09-30,benchmarks,Stop Looking at My Benchmarks,failure-improvement,"Theme emphasizes context, risk, choosing the right technique, AI, observability, and actionable practitioner takeaways",94.0,88.0,82.7,1.69,4,"Overseas at or after the stated six-to-nine-month travel window, or an undated future overseas route.",2,Standard public proposal or organizer route with no hard requirement found.,4,Established recurring conference or community series with visible program history.,2,Confirmed deadline in 25 days.,"Proposal aligned to 2027 theme 'Sharpening the Craft'; failures, AI, automation and practical takeaways welcomed.",Confirm talk type/duration and prepare an experience-led abstract,"Personal experience is expected; current duration and speaker terms unresolved | Speaker economics, current durations, recording rights, accessibility, and deadline time zone unknown | Current format durations, economics, rights, accessibility, attendance and multiple-submission rules unknown. | MERGE CONFLICTS/VARIANTS — date_status: exact | confirmed; eligibility: Public call; practitioner stories and practical lessons encouraged. | Practitioner experience and personal stories expected; formats_and_durations: Current exact session duration not found; talks and workshops requested. | Talk types listed; exact current durations not captured; submission_requirements: Proposal aligned to 2027 theme 'Sharpening the Craft'; failures, AI, automation and practical takeaways welcomed. | Proposal with tangible takeaways and personal experience; verified_at: 2026-09-04T23:40:00-06:00 | 2026-09-04T23:00:00-06:00",https://conference.eurostarsoftwaretesting.com/call-for-submissions/
74,2.577,conference/event,AGNTCon + MCPCon North America,AGNTCon + MCPCon North America 2027,"San Francisco, United States",in-person,2027-04-28,announced-not-open,,adaptive-systems,Building Adaptive & Dynamic AI Systems,,Direct agent/MCP venue announced by Linux Foundation; details forthcoming.,73.0,58.0,42.3,3.31,1,Exact preferred city.,2,Standard public proposal or organizer route with no hard requirement found.,1,Little public popularity evidence beyond the event or route itself.,3,Open or rolling route without a confirmed actionable deadline.,,Check official Linux Foundation event calendar and event page for CFP publication.,"No CFP, format, rules, or economics published. | Official calendar says CFP details coming soon; route, formats, and economics unknown.",https://events.linuxfoundation.org/about/calendar/
75,2.595,community/meetup,AI Tinkerers New York City,Preferred US cities,New York City; in person,in-person,2026-09-12,public form/contact route,,adaptive-systems,Building Adaptive & Dynamic AI Systems,,"Adaptive, Retrieval, Benchmarks, Parallelization, and Failure as live code or a working prototype",82,80,65.6,2.38,1,Exact preferred city.,4,Researcher-rated route and format effort; 1 is easiest and 5 is hardest.,2,Public organizer/platform signal of at least 302.,3,Recurring or contact-based route; the next listed event is not proof that a speaker slot remains open.,"Register for an event, then submit its demo form if enabled. A prior official form used five-minute, no-deck demos and selected four or five presenters. Current chapter · speaker-form example",Review the public route and decide whether to prepare the indicated talk or demo format.,"The September event's speaking mechanism, demo requirements, and selection capacity.",https://nyc.aitinkerers.org/
76,2.595,community/meetup,AI Tinkerers San Diego,Preferred US cities,San Diego; in person,in-person,2026-09-12,public form/contact route,,adaptive-systems,Building Adaptive & Dynamic AI Systems,,"Adaptive, Retrieval, Benchmarks, Parallelization, and Failure as working demos",82,80,65.6,2.38,1,Exact preferred city.,4,Researcher-rated route and format effort; 1 is easiest and 5 is hardest.,2,Public organizer/platform signal of at least 219.,3,Recurring or contact-based route; the next listed event is not proof that a speaker slot remains open.,Use the event-level Submit Your Demo Proposal route. Prior calls asked for five-to-seven-minute live implementation demos and deep technical Q&A. Chapter · Google-hosted example,Review the public route and decide whether to prepare the indicated talk or demo format.,"Next demo-night date, current proposal form, capacity, and travel-speaker handling.",https://san-diego.aitinkerers.org/
77,2.595,community/meetup,ProductTank digital and international chapters,Overseas from March 2027,"Digital plus 200+ cities including London, Amsterdam, Berlin, Paris, Singapore, Toronto, Sydney and Melbourne",in-person,,public form/contact route,,product-engineering,The Future of Product Engineering,,"PE, JU, FT; selected EL/SE variants for product-education audiences",82,80,65.6,2.38,3,Other domestic location.,1,Researcher-rated route and format effort; 1 is easiest and 5 is hardest.,2,Recurring program or sponsor/history evidence is visible; no strong comparable audience count was found.,3,Recurring or contact-based route; the next listed event is not proof that a speaker slot remains open.,Standing speaker directory lets volunteer organizers find speakers for digital events,Review the public route and decide whether to prepare the indicated talk or demo format.,"No guaranteed booking, edition, duration, compensation or travel support; location preferences remain unknown. network and speaker directory, speaker-directory instructions",https://www.mindtheproduct.com/producttank/
78,2.63,conference/event,BACon,BACon 2027,"Columbus, United States",in-person,2027-02-26,open,2026-10-15,product-engineering,The Future of Product Engineering,judgment,"Regional audience explicitly spans product, AI and better outcomes; public CFP welcomes practical ideas and lessons.",87.0,100.0,87.0,1.52,3,Other domestic location.,2,Standard public proposal or organizer route with no hard requirement found.,1,Little public popularity evidence beyond the event or route itself.,2,Confirmed deadline in 40 days.,"Abstract, practical takeaway, audience level and real-world relevance.","Verify duration and 2027 speaker-pass wording, then submit by October 15.","No prior-program evidence captured; duration wording incomplete; page has a 2026/2027 benefit typo. | Event page incorrectly says BACon 2026 for complimentary registration; verify benefit applies to 2027. Format durations, rights, accessibility and attendance unknown.",https://sessionize.com/bacon-2027/
79,2.65,conference/event,Dutch AI Conference,Dutch AI Conference 2027,"Amsterdam, Netherlands",in-person,2027-03-16,open,2026-12-18,retrieval,From RAGs to Retrievals,,"Exact developer/architect audience; past program has RAG, vector-search, and MCP sessions.",99.0,96.0,95.0,1.2,4,"Overseas at or after the stated six-to-nine-month travel window, or an undated future overseas route.",2,Standard public proposal or organizer route with no hard requirement found.,3,Public organizer/platform signal of at least 500.,3,Confirmed deadline in 104 days.,Concise anonymous abstract; original practical no-nonsense content favored,Differentiate from implementation tutorials by making analogy boundaries and failure localization the central promise.,"FINALIST; event dates conflict within official page; duration unknown; topic saturation is high | Page headline/footer say March 16–18 while a highlight says workshop March 10–11 and main conference March 12; format duration, rights, accessibility",https://aiconference.nl/meet-the-speakers/call-for-presentations/
80,2.667,conference/event,Ohio State Learning Design Day: Fresh Ideas,Ohio State Learning Design Day 2027,"Columbus, United States",in-person,2027-05-13,open,2026-11-15,evidence-learning,"Outsmart Your Lying, Cheating Students",,"Inaugural event explicitly seeks AI, assessment, instructional effectiveness, and accessible deliverables in a 45-50 minute format.",89.0,88.0,78.3,1.87,3,Other domestic location.,2,Standard public proposal or organizer route with no hard requirement found.,2,Recurring program or sponsor/history evidence is visible; no strong comparable audience count was found.,3,Confirmed deadline in 71 days.,Title; track; <=500-word abstract; <=50-word description; format; 1-3 objectives; technology needs; facilitators; accessibility integrated,Adapt the four-minute exercise into a fuller redesign activity and make accessible alternatives explicit in every objective/material.,"FINALIST; no history; in-person only; compensation and costs unstated | No history; deadline year is implied by the 2027 page; compensation, travel, speaker costs, and rights unknown.",https://cete.osu.edu/ohio-state-learning-design-day-call-for-proposals/
81,2.672,conference/event,JavaLand,JavaLand 2027,"Rust, Germany",in-person,2027-03-02,open,2026-09-14,adaptive-systems,Building Adaptive & Dynamic AI Systems,,"Open community CFP covers AI, architecture, platform, cloud, DevOps, deep dives, and practical lessons.",74.0,78.0,57.7,2.69,3,Other domestic location.,2,Standard public proposal or organizer route with no hard requirement found.,2,Recurring program or sponsor/history evidence is visible; no strong comparable audience count was found.,1,Confirmed deadline in 9 days.,,Verify duration and speaker terms immediately; submit only if the talk can honestly foreground a JVM/cloud-native case rather than adding cosmetic Java references.,"Deadline is close; current duration and economics were not captured; strongest only with a credible Java/JVM implementation angle. | Duration, economics, travel/hotel, accessibility, and detailed current rights need recheck. Stronger if tied to JVM/cloud platform context.",https://www.javaland.eu/en/speakers/
82,2.695,community/meetup,The AI Exchange,Denver/Colorado,"Exponential Impact, Colorado Springs; monthly, in person",in-person,,public form/contact route,,free-tier,Cry Me a Free Tier,,"Free tier, Product, Education, Judgment, and practical small-business AI",82,80,65.6,2.38,2,Near a preferred city or within the Denver/Front Range area.,3,Researcher-rated route and format effort; 1 is easiest and 5 is hardest.,2,Recurring program or sponsor/history evidence is visible; no strong comparable audience count was found.,3,Recurring or contact-based route; the next listed event is not proof that a speaker slot remains open.,The program uses a one-hour guest speaker each month; use Exponential Impact’s public event/contact route. Series page,Review the public route and decide whether to prepare the indicated talk or demo format.,,https://exponentialimpact.com/events/the-ai-exchange/
83,2.71,conference/event,APQC CONNECT,APQC CONNECT 2027,"Houston, United States",in-person,2027-05-05,open,2026-10-12,judgment,Code Is Cheap. Judgment Is Expensive.,product-engineering,"Process, performance and knowledge leaders are relevant; archived AI operating-model content supports the organizational angle.",79.0,100.0,79.0,1.84,3,Other domestic location.,2,Standard public proposal or organizer route with no hard requirement found.,1,Little public popularity evidence beyond the event or route itself.,2,Confirmed deadline in 37 days.,"Non-promotional proposal with practical tools, interactive design and real-world problem/solution.",Use the teach-a-technique route only if conceptual operating-model sessions are allowed; submit by October 12.,"Organizer prefers real organizational problems and measurable effects; adaptation is substantial and synthetic examples may be insufficient. | Synthetic example may not satisfy measurable organizational-effects preference; exact session duration, rights and meal coverage details unknown.",https://www.apqc.org/events/2027/apqc-conference/call-for-speakers
84,2.745,community/meetup,CU Boulder ATLAS Colloquium,Denver/Colorado,CU Boulder ATLAS; usually in person plus Zoom,in-person,,public form/contact route,,skeptic-education,A Skeptic's Guide to Surviving AI in Education,,"Education, Product, Judgment, Adaptive, and human-centered Retrieval",82,80,65.6,2.38,1,Remote or online participation is available.,4,Researcher-rated route and format effort; 1 is easiest and 5 is hardest.,1,Little public popularity evidence beyond the event or route itself.,3,Recurring or contact-based route; the next listed event is not proof that a speaker slot remains open.,"Curated by the named faculty organizer; the series page is the public route, but no open speaker form is published",Review the public route and decide whether to prepare the indicated talk or demo format.,,https://www.colorado.edu/atlas/atlas-colloquium
85,2.745,community/meetup,CU Denver Data Science & AI Symposium,Denver/Colorado,CU Denver Business School; in person,in-person,,public form/contact route,,benchmarks,Stop Looking at My Benchmarks,,"Benchmarks, Retrieval, Adaptive, Parallelization, Education, and Failure",82,80,65.6,2.38,1,Exact preferred city.,4,Researcher-rated route and format effort; 1 is easiest and 5 is hardest.,1,Little public popularity evidence beyond the event or route itself.,3,Recurring or contact-based route; the next listed event is not proof that a speaker slot remains open.,2026 call is closed; the official archive shows registration-based proposal submission for oral or poster review. Monitor the DSAI events page and 2026 symposium archive,Review the public route and decide whether to prepare the indicated talk or demo format.,,https://datascience.ucdenver.edu/events
86,2.745,community/meetup,Refresh Miami,Preferred US cities,Miami; in person events plus a Luma community calendar,in-person,,public form/contact route,,product-engineering,The Future of Product Engineering,,"Product, Judgment, Free tier, Education, and broad AI/engineering talks",82,80,65.6,2.38,1,Exact preferred city.,4,Researcher-rated route and format effort; 1 is easiest and 5 is hardest.,1,Little public popularity evidence beyond the event or route itself.,3,Recurring or contact-based route; the next listed event is not proof that a speaker slot remains open.,"Refresh publishes a public partnership/contact route and a Luma Submit Event calendar, but no general speaker application. Treat it as an ecosystem gateway or co-produced-event route, not a talk CFP. Resources · Luma calendar",Review the public route and decide whether to prepare the indicated talk or demo format.,"Editorial speaker intake, costs or partnership terms, audience for a co-produced event, and whether independent talks are accepted.",https://refreshmiami.com/resources/
87,2.76,conference/event,FinOPS Chicago,FinOPS Chicago rolling meetup route,"Chicago, USA",in-person or online,,unknown,,free-tier,Cry Me a Free Tier,,Only prior event is almost exact topical evidence and was online.,68.0,50.0,34.0,3.64,1,Exact preferred city.,2,Standard public proposal or organizer route with no hard requirement found.,1,Little public popularity evidence beyond the event or route itself.,4,"Announced, undated, or route status still needs confirmation.",Message organizer; no formal CFP found,Monitor for a second event and dated speaker invitation.,"Very small and nascent; no explicit speaker route or next event | Nascent group; no explicit speaker route, next event, format, or economics",https://www.meetup.com/finops-chicago/
88,2.785,conference/event,ICAI Annual Conference,ICAI 2027 Annual Conference,"Monterrey, Mexico",in-person,2027-02-25,open,2026-09-18,evidence-learning,"Outsmart Your Lying, Cheating Students",,"Exact audience, AI theme, and 40-minute format align unusually well; current program language already questions detection-first approaches.",89.0,86.0,76.5,1.94,4,Canada or Mexico: feasible but outside the preferred domestic list.,2,Standard public proposal or organizer route with no hard requirement found.,2,Recurring program or sponsor/history evidence is visible; no strong comparable audience count was found.,1,Confirmed deadline in 13 days.,Theme area; title; proposal; learning outcomes; no more than two submissions bearing one person's name and only one lead program,Draft the 40-minute AI-theme proposal before September 18 and separately verify presenter registration and travel obligations.,"FINALIST; in-person Monterrey required; no more than two submissions; travel/economics unknown | Compensation, travel support, registration cost, rights, accessibility, and Dan's travel willingness are unknown.",https://academicintegrity.org/aws/ICAI/pt/sp/conference_cfp
89,2.785,conference/event,Observability Day Europe,Observability Day Europe 2027,"Barcelona, Spain",in-person,2027-03-15,open,2026-10-18,benchmarks,Stop Looking at My Benchmarks,,"Observability practitioners are a strong fit for measurement, uncertainty, failure slicing, and operational feedback",96.0,90.0,86.4,1.54,4,"Overseas at or after the stated six-to-nine-month travel window, or an undated future overseas route.",2,Standard public proposal or organizer route with no hard requirement found.,2,Recurring program or sponsor/history evidence is visible; no strong comparable audience count was found.,2,Confirmed deadline in 43 days.,Proposal through common co-located CFP,Differentiate from any main KubeCon proposal and verify multi-proposal rules,"Requires a 25-minute cut and vendor-neutral/open-source framing; repeat rules apply | Travel, compensation, accessibility, and multi-proposal interaction unknown",https://events.linuxfoundation.org/kubecon-cloudnativecon-europe/co-located-events/cfp-colocated-events/
90,2.785,conference/event,AOmA / Adaptive Organizations meet Architecture,AOmA 2027,"Berlin, Germany",in-person,2027-04-06,open,2026-10-23,adaptive-systems,Building Adaptive & Dynamic AI Systems,retrieval,"Exact format match; CFP explicitly requests building architectures for AI, dangers/pitfalls, and adaptive decision-making.",96.0,90.0,86.4,1.54,4,"Overseas at or after the stated six-to-nine-month travel window, or an undated future overseas route.",3,"Standard CFP plus registration, assets, review, or meaningful format adaptation.",4,Established recurring conference or community series with visible program history.,3,Confirmed deadline in 48 days.,"Title, abstract, introductory/deep-dive type, tags, name, title, bio, photo, email",Prepare the existing 40-minute abstract for Sessionize and verify the official deadline banner immediately before any user-authorized submission.,"One session per concept is actively curated; must connect system adaptation to organizational decision rights; official/LinkedIn deadline conflict. | Travel cap by region, honorarium, visa support, speaker costs, and recording rights unknown; official page conflicts with later LinkedIn deadline claim. | Travel cap, honorarium, pass, rights, and whether talk has enough organizational/architecture emphasis | MERGE CONFLICTS/VARIANTS — edition_url: https://aoma-conference.com/2027/ | https://aoma-conference.com/; eligibility: Public Sessionize CFP | unknown; formats_and_durations: 40 minutes including Q&A; mixture of lecture and hands-on favored | 40 minutes including Q&A; introductory or deep-dive; submission_requirements: Title, abstract, introductory/deep-dive type, tags, name, title, bio, photo, email | Title, abstract, type, tags, name, title, bio, photo, email; English; compensation: Accommodation reimbursed up to EUR 300 for speakers outside Berlin | unknown; travel_support: Accommodation up to EUR300 outside Berlin; travel covered up to an unspecified location-based amount | Travel covered up to an amount depending on origin region; recording_rights: Recording rights not stated | unknown; accessibility: Organizer invites disclosure of access/parenting needs and offers discussion | Organizer offers to discuss accessibility and parent needs; verified_at: 2026-09-04T12:00:00-06:00 | 2026-09-04T23:30:00-06:00",https://aoma-conference.com/2027/cfp/
91,2.795,community/meetup,AI Tinkerers San Francisco,Preferred US cities,San Francisco; in person,in-person,2026-09-12,public form/contact route,,adaptive-systems,Building Adaptive & Dynamic AI Systems,,"Adaptive, Retrieval, Benchmarks, Parallelization, and Failure as live systems",82,80,65.6,2.38,1,Exact preferred city.,5,Researcher-rated route and format effort; 1 is easiest and 5 is hardest.,2,Public organizer/platform signal of at least 266.,3,Recurring or contact-based route; the next listed event is not proof that a speaker slot remains open.,"Apply through each event's demo form. Typical slots are five minutes, implementation-first, no deck, and no product pitch. Chapter · proposal example",Review the public route and decide whether to prepare the indicated talk or demo format.,"Next ordinary demo night, proposal opening, travel-speaker policy, and acceptance timing.",https://sf.aitinkerers.org/
92,2.795,community/meetup,CITA 2027 Annual Conference,Denver/Colorado,Denver; in person,in-person,2027-05-22,public form/contact route,,retrieval,From RAGs to Retrievals,,"Retrieval or Education through translation, language access, multilingual AI, and human judgment",82,80,65.6,2.38,1,Exact preferred city.,5,Researcher-rated route and format effort; 1 is easiest and 5 is hardest.,2,Recurring program or sponsor/history evidence is visible; no strong comparable audience count was found.,3,Recurring or contact-based route; the next listed event is not proof that a speaker slot remains open.,Public proposal form is linked from the official call; submissions are open 2026-09-01 through 2026-11-21,Review the public route and decide whether to prepare the indicated talk or demo format.,,https://citacolorado.org/events/call_proposals_conf-2027/
93,2.795,community/meetup,AI Tinkerers Berlin,Overseas from March 2027,"Berlin, Germany; in person",in-person,,public form/contact route,,adaptive-systems,Building Adaptive & Dynamic AI Systems,,"AS, FI, RT, BM, PA, technical JU",82,80,65.6,2.38,4,"Overseas at or after the stated six-to-nine-month travel window, or an undated future overseas route.",2,Researcher-rated route and format effort; 1 is easiest and 5 is hardest.,4,"Public organizer/platform signal of at least 2,320.",3,Recurring or contact-based route; the next listed event is not proof that a speaker slot remains open.,Public “Submit Your Talk Proposal” / demo route on event pages,Review the public route and decide whether to prepare the indicated talk or demo format.,"Proposal expects a technical walkthrough and project/company details. Future date, slot length beyond demo wording and economics unknown. Berlin event, route and stats",https://berlin.aitinkerers.org/p/ai-tinkerers-berlin-june-17-2026
94,2.808,conference/event,AI Festival,AI Festival 2027,"Milan, Italy",in-person,2027-02-11,open,2026-10-15,judgment,Code Is Cheap. Judgment Is Expensive.,product-engineering,Large AI/business audience and open call; engineering-leadership density is uncertain.,77.0,90.0,69.3,2.23,5,Overseas before the stated six-month travel window.,2,Standard public proposal or organizer route with no hard requirement found.,5,"Public organizer/platform signal of at least 10,000 members, registrations, attendees, or reach.",2,Confirmed deadline in 40 days.,"Title, description, professional details and future-challenge category.",Select a strategic future-of-work format and submit the 15-minute version by October 15 after verifying duration.,"Language, duration and economics unknown; avoid headcount-reduction predictions or unsupported productivity claims. | Language, economics, rights, accessibility and exact format unknown.",https://en.aifestival.it/call/speaker/
95,2.815,conference/event,SaaStock USA / AI Growth Summit,AI Growth Summit USA 2027,"San Francisco, USA",in-person,2027-09-06,invitation-only-or-unknown,,free-tier,Cry Me a Free Tier,,Audience fit is direct but route evidence is weak.,67.0,65.0,43.5,3.26,1,Exact preferred city.,5,No ordinary public speaking route is currently verified.,4,"Public organizer/platform signal of at least 3,000.",4,"Announced, undated, or route status still needs confirmation.",unknown,Monitor for a public editorial application.,No public editorial speaker route; acquisition/rebrand; sponsor-first page | No public editorial speaker application found after acquisition; only sponsorship contact was prominent,https://saastock.com/
96,2.835,conference/event,ASTE Educational Technology Conference,ASTE 2027,"Anchorage, USA",in-person,2027-02-13,open,2026-09-30,skeptic-education,A Skeptic's Guide to Surviving AI in Education,,"Event calls for honest discussion of what works in Alaskan classrooms and has AI, student impact, administration, and college/career strands",80.0,83.0,66.4,2.34,3,Other domestic location.,2,Standard public proposal or organizer route with no hard requirement found.,1,Little public popularity evidence beyond the event or route itself.,2,Confirmed deadline in 25 days.,Rolling review across six strands; practical classroom/school/district takeaways emphasized,Confirm external-speaker eligibility and travel willingness before the 2026-09-30 deadline,"Local relevance is important; non-Alaska eligibility and Dan's K-12 experience are unknown; travel likely material | Non-Alaska eligibility, proposal details, speaker economics, rights, and Dan's K-12 credentials are unknown",https://cfp.sched.com/
97,2.845,community/meetup,Denver Dev Day,Denver/Colorado,"Red Rocks Community College, Lakewood; annual, in person",in-person,,public form/contact route,,product-engineering,The Future of Product Engineering,,"Product, Adaptive, Retrieval, Parallelization, Benchmarks, Failure, Free tier, and Judgment",82,80,65.6,2.38,2,Near a preferred city or within the Denver/Front Range area.,3,Researcher-rated route and format effort; 1 is easiest and 5 is hardest.,1,Little public popularity evidence beyond the event or route itself.,3,Recurring or contact-based route; the next listed event is not proof that a speaker slot remains open.,2026 CFP closed; monitor the official site and Sessionize archive. The Meetup also exposes organizer messaging.,Review the public route and decide whether to prepare the indicated talk or demo format.,,https://denverdevday.com/
98,2.845,conference/event,AALHE Annual Conference,AALHE 2027 Conference,"Milwaukee, United States",in-person,2027-06-14,unknown,,evidence-learning,"Outsmart Your Lying, Cheating Students",,"This is the most exact assessment audience, and the 2026 program already featured closely adjacent sessions; current CFP route is not published.",82.0,86.0,70.5,2.18,3,Other domestic location.,2,Standard public proposal or organizer route with no hard requirement found.,2,Recurring program or sponsor/history evidence is visible; no strong comparable audience count was found.,4,"Announced, undated, or route status still needs confirmation.",CFP window mentioned but not published on reviewed official page,Monitor the official conference page weekly through January; do not treat the grant deadline as the CFP deadline.,"FINALIST incomplete lead; no 2027 CFP/status/deadline found; in-person; eligibility and price unknown | No 2027 CFP dates/status or proposal form found; economics, rights, and accessibility incomplete.",https://www.aalhe.org/annual-conference
99,2.845,community/meetup,AI Tinkerers London,Overseas from March 2027,"London, UK; in person",in-person,,public form/contact route,,failure-improvement,Automating Improvement From Failure,,"FI, AS, RT, BM, PA; only if converted into a live technical demo",82,80,65.6,2.38,4,"Overseas at or after the stated six-to-nine-month travel window, or an undated future overseas route.",3,Researcher-rated route and format effort; 1 is easiest and 5 is hardest.,5,"Public organizer/platform signal of at least 5,712 members, registrations, attendees, or reach.",3,Recurring or contact-based route; the next listed event is not proof that a speaker slot remains open.,"Event-specific “Submit Your Demo Proposal”; typically five-minute, no-slide, no-pitch demos",Review the public route and decide whether to prepare the indicated talk or demo format.,"Full 15/40-minute talks do not fit without a working demo and sharp cut; future date, travel and speaker economics unknown. London community and stats, speaker-form example",https://london.aitinkerers.org/p/ai-tinkerers-x-mongodb-demopalooza
100,2.845,community/meetup,AI Tinkerers Toronto,Overseas from March 2027,"Toronto, Canada; in person",in-person,,public form/contact route,,failure-improvement,Automating Improvement From Failure,,"FI, AS, RT, BM, PA; demo-driven JU",82,80,65.6,2.38,4,Canada or Mexico: feasible but outside the preferred domestic list.,3,Researcher-rated route and format effort; 1 is easiest and 5 is hardest.,5,"Public organizer/platform signal of at least 5,376 members, registrations, attendees, or reach.",3,Recurring or contact-based route; the next listed event is not proof that a speaker slot remains open.,"Event-specific “Submit Your Demo Proposal,” normally six-minute work-in-progress demo",Review the public route and decide whether to prepare the indicated talk or demo format.,"Strict short-demo format; working technical artifact required. Future date, expenses and selection lead time unknown. Toronto stats and April event, demo form example",https://toronto.aitinkerers.org/p/ai-tinkerers-toronto-april-2026-hosted-by-shopify
101,2.85,conference/event,expo:QA,expo:QA 2027,"Madrid, Spain",in-person,2027-05-25,open,2026-10-11,benchmarks,Stop Looking at My Benchmarks,failure-improvement,"The 2027 theme explicitly asks for testing and validating AI systems, measuring quality in AI-driven development, and trustworthy AI software",89.0,90.0,80.1,1.8,4,"Overseas at or after the stated six-to-nine-month travel window, or an undated future overseas route.",2,Standard public proposal or organizer route with no hard requirement found.,2,Recurring program or sponsor/history evidence is visible; no strong comparable audience count was found.,2,Confirmed deadline in 36 days.,Topic and abstract aligned to 'Reinventing Quality in the Age of AI.',Verify speaker entitlements and tailor the existing 40-minute deck to quality engineering,"Must ground examples as illustrative unless real deployments are supplied; economics unknown | Venue, talk durations, speaker economics, rights, accessibility, and language policy unknown | Language, durations, economics, rights, accessibility, attendance, eligibility and multiple-proposal rules unknown. | MERGE CONFLICTS/VARIANTS — edition_label: expo:QA 2027 | EXPOQA 2027; date_status: exact | confirmed; eligibility: Public call for speakers. | Practical experience, lessons, innovative ideas, or case studies; formats_and_durations: Regular talk; master class; keynote; half-day workshop; exact durations not published on captured page. | Half-day workshop; keynote; regular talk; master class; submission_requirements: Topic and abstract aligned to 'Reinventing Quality in the Age of AI.' | Proposal through Typeform; verified_at: 2026-09-04T23:45:00-06:00 | 2026-09-04T23:00:00-06:00",https://expoqa.com/call-for-speaker/
102,2.858,conference/event,Cloud Native AI + Inference Day Europe,Cloud Native AI + Inference Day Europe 2027,"Barcelona, Spain",in-person,2027-03-15,open,2026-10-18,retrieval,From RAGs to Retrievals,adaptive-systems,Event topics explicitly include RAG and AI agents and target production AI/ML.,90.0,88.0,79.2,1.83,4,"Overseas at or after the stated six-to-nine-month travel window, or an undated future overseas route.",2,Standard public proposal or organizer route with no hard requirement found.,2,Recurring program or sponsor/history evidence is visible; no strong comparable audience count was found.,2,Confirmed deadline in 43 days.,Choose co-located event; vendor-neutral; repeat restrictions; recording sample requested,Adapt slides 4–10 into the core and use agent context/tool boundaries as the closing application.,"FINALIST; 25-minute slot; must add cloud-native production evidence and avoid broad glossary framing | Travel/hotel support, honorarium, visa support, and exact recording license are unknown; 25-minute adaptation required. | Travel, hotel, honorarium, detailed form fields, reuse rules | MERGE CONFLICTS/VARIANTS — cfp_url: https://events.linuxfoundation.org/kubecon-cloudnativecon-europe/co-located-events/cncf-hosted-co-located-events-overview/ | https://events.linuxfoundation.org/kubecon-cloudnativecon-europe/co-located-events/cfp-colocated-events/; guidelines_url: https://events.linuxfoundation.org/kubecon-cloudnativecon-europe/co-located-events/cloud-native-ai-inference-day-europe/ | https://events.linuxfoundation.org/kubecon-cloudnativecon-europe/co-located-events/cfp-colocated-events/; eligibility: Public CFP; code-of-conduct agreement | unknown; formats_and_durations: 25-minute solo/dual presentation; 10-minute lightning; 35-minute panel | 25-minute presentation; 10-minute lightning; 35-minute panel; submission_requirements: Choose co-located event; vendor-neutral; repeat restrictions; recording sample requested | RAG and AI Agents are explicit topics; panel diversity/organization rules apply; compensation: Complimentary all-access pass | unknown; speaker_costs: Accepted co-located-event speakers receive an all-access pass | No mandatory registration stated for accepted speakers; recording_rights: Recorded and posted to CNCF YouTube; exact license not stated | recorded and published on CNCF YouTube; verified_at: 2026-09-04T12:00:00-06:00 | 2026-09-04T23:30:00-06:00",https://events.linuxfoundation.org/kubecon-cloudnativecon-europe/co-located-events/cncf-hosted-co-located-events-overview/
103,2.86,conference/event,USDLA National Conference,USDLA 2027 National Conference,"Cleveland, United States",hybrid,2027-06-21,open,2026-12-15,skeptic-education,A Skeptic's Guide to Surviving AI in Education,evidence-learning,"AI in education is a named priority; audience spans higher ed, K-12, and workplace learning; exact 45-minute format matches existing package",94.0,100.0,94.0,1.24,3,Other domestic location.,3,"Standard CFP plus registration, assets, review, or meaningful format adaptation.",1,Little public popularity evidence beyond the event or route itself.,3,Confirmed deadline in 101 days.,10-word title; 200-word abstract; detailed description; objectives; engagement plan; bio; no sales pitch,Choose onsite versus virtual only after budget preference is supplied; draft the detailed engagement plan before 2026-12-15,"Presenter fee USD 300 onsite or USD 100 virtual; travel origin and budget unknown | Virtual component dates remain TBD; compensation, travel support, rights, and accessibility are unknown. | Virtual dates, compensation, travel support, recording rights, accessibility, and Dan's preferred mode/budget unknown | MERGE CONFLICTS/VARIANTS — edition_url: https://usdla.org/events/national-conference/ | https://usdla.org/events/call-for-proposals/; country: United States | USA; eligibility: Open across higher education, K-12, corporate, government, military, and telehealth; first-time speakers encouraged | Open to practitioners across multiple education and training sectors; first-time speakers encouraged; formats_and_durations: 45-minute concurrent; extended time may be requested; onsite or virtual | 45-minute concurrent session; onsite or virtual component; submission_requirements: 10-word title; 200-word abstract; detailed description; objectives; engagement plan; bio; no sales pitch | Detailed description, learning objectives, takeaways, and engagement plan; multiple proposals allowed; compensation: Not stated | unknown; travel_support: Not stated | unknown; speaker_costs: Presenter registration USD 300 onsite or USD 100 virtual; full-conference registration required | $300 onsite presenter registration; $100 virtual presenter fee; recording_rights: Abstracts published in program | unknown; attendance_value: Cross-sector distance-learning audience; attendance not verified | Cross-sector national distance-learning audience; verified_at: 2026-09-04T12:00:00-06:00 | 2026-09-04T23:00:00-06:00",https://usdla.org/events/call-for-proposals/
104,2.872,conference/event,Quality Land,Quality Land 2027,"Vilnius, Lithuania",in-person,,open-undated,,benchmarks,Stop Looking at My Benchmarks,failure-improvement,"Explicit QA, automation, AI-in-testing and quality-engineering call; small regional room supports a focused discussion",73.0,79.0,57.7,2.69,3,Other domestic location.,2,Standard public proposal or organizer route with no hard requirement found.,2,Public organizer/platform signal of at least 300.,3,Open or rolling route without a confirmed actionable deadline.,Pitch via public contact; formal requirements not published.,Ask no questions yet; first prepare a short fit note and monitor page for terms,"Exact date, deadline, duration and economics absent; email proposal route only | Exact May dates, venue, deadline, language, speaker terms, rights, and accessibility unknown | Exact May 2027 date, deadline, language, format, economics, rights, accessibility and selection rules unknown. | MERGE CONFLICTS/VARIANTS — date_status: tentative month only | month-confirmed; cfp_url: https://qualityland.lt/ | mailto:signal@qualityland.lt; cfp_status: open-undated | open; submission_requirements: Pitch via public contact; formal requirements not published. | Email proposal to signal@qualityland.lt; attendance_value: 300 attendees advertised | 300; verified_at: 2026-09-05T00:24:00-06:00 | 2026-09-04T23:00:00-06:00",https://qualityland.lt/
105,2.885,conference/event,TestBash / Ministry of Testing,Continuous Call for Contributions,hybrid,hybrid,,rolling,,benchmarks,Stop Looking at My Benchmarks,,"Exact practitioner testing audience, rolling intake, practical format, and unusually clear travel/fee terms",92.0,94.0,86.5,1.54,4,"Overseas at or after the stated six-to-nine-month travel window, or an undated future overseas route.",2,Standard public proposal or organizer route with no hard requirement found.,2,Public organizer/platform signal of at least 350.,3,Open or rolling route without a confirmed actionable deadline.,Continuous contribution proposal,Submit only after choosing online versus in-person contribution and checking current rights,"No specific edition or response timeline; online talk may require pre-recording | Next matching edition/date, current review cadence, rights, and accessibility details unknown",https://www.ministryoftesting.com/software-testing-glossary/call-for-papers
106,2.89,conference/event,Optimizers Conference,Optimizers Conference West 2027,"Santa Cruz, United States",in-person,2027-03-03,attendee-led,,product-engineering,The Future of Product Engineering,judgment,Near-perfect experimentation/learning-loop audience; speaking route is attendee-led rather than a selected conference talk.,81.0,100.0,81.0,1.76,3,Other domestic location.,2,Standard public proposal or organizer route with no hard requirement found.,1,Little public popularity evidence beyond the event or route itself.,4,"Announced, undated, or route status still needs confirmation.","Purchase/hold attendee place, then shape sessions in event app; not a guaranteed curated stage slot.",Keep in a separate paid-attendee category until budget and travel preferences are supplied.,"Requires a paid ticket (USD 1595 at first available tier); no guaranteed stage; willingness to pay and travel unknown. | Travel, exact unconference format, selection/voting mechanics, recording and whether speakers receive any refund unknown.",https://optimizersconference.com/
107,2.895,community/meetup,PyData London monthly meetup,Overseas from March 2027,"London, UK; in person",in-person,,public form/contact route,,retrieval,From RAGs to Retrievals,,"RT, BM, AS, FI, PA; possibly JU with executable evidence",82,80,65.6,2.38,4,"Overseas at or after the stated six-to-nine-month travel window, or an undated future overseas route.",1,Researcher-rated route and format effort; 1 is easiest and 5 is hardest.,2,Public organizer/platform signal of at least 250.,3,Recurring or contact-based route; the next listed event is not proof that a speaker slot remains open.,Standing talk proposal/contact route; 25-minute talk plus five-minute Q&A or five-minute lightning talk,Review the public route and decide whether to prepare the indicated talk or demo format.,"Python/data relevance must be concrete; strict no-product-pitch rule; speakers are unpaid and travel support is not stated. submission format, recurrence and demand",https://london.pydata.org/submit-a-talk/
108,2.9,conference/event,IEEE International Conference on Software Architecture,ICSA 2027 Working Sessions,"Sydney, Australia",in-person,2027-03-08,open,2026-10-02,adaptive-systems,Building Adaptive & Dynamic AI Systems,,"Strong theme fit but this is a collaborative working-session format, not the existing talk.",77.0,78.0,60.1,2.6,3,Other domestic location.,2,Standard public proposal or organizer route with no hard requirement found.,1,Little public popularity evidence beyond the event or route itself.,2,Confirmed deadline in 27 days.,"Outline topic, why industry and academia should work on it, facilitator names, and proposed deliverable",Do not treat as deck-ready; pursue only if collaborators and a workshop deliverable are identified by September 15.,Likely needs co-facilitators and a concrete public deliverable; 90-180 minutes. | Requires substantial format conversion and likely co-facilitation; economics and rights unknown.,https://conf.researchr.org/track/icsa-2027/icsa-2027-working-sessions
109,2.9,conference/event,Incontro DevOps Italia,Incontro DevOps Italia 2027,"Bologna, Italy",hybrid,2027-03-09,open,2026-12-13,parallelization,Rethinking Parallelization in the Agentic Era,failure-improvement,Exact 40-minute format and strong DevOps/platform audience; prior AIOps and agent-tooling sessions support appetite.,85.0,100.0,85.0,1.6,4,"Overseas at or after the stated six-to-nine-month travel window, or an undated future overseas route.",2,Standard public proposal or organizer route with no hard requirement found.,2,Recurring program or sponsor/history evidence is visible; no strong comparable audience count was found.,3,Confirmed deadline in 99 days.,"Abstract, language, speaker profile and session details.",Submit the existing 40-minute English version by December 13 after checking language expectations.,"Most attendees are Italian; travel reimbursement depends on unknown origin. | Travel origin and eligibility for reimbursement, rights, accessibility and attendance unknown.",https://sessionize.com/incontro-devops-italia-idi-2027/
110,2.905,conference/event,Fort Wayne Teaching and Learning Conference,Fort Wayne Teaching and Learning Conference 2027,"Fort Wayne, United States",in-person,,announced-not-open,,evidence-learning,"Outsmart Your Lying, Cheating Students",,Small regional teaching conference explicitly lists assessing student learning and says its 2027 CFP will open in October.,79.0,69.0,54.5,2.82,3,Other domestic location.,2,Standard public proposal or organizer route with no hard requirement found.,2,Recurring program or sponsor/history evidence is visible; no strong comparable audience count was found.,3,Open or rolling route without a confirmed actionable deadline.,2027 submission details pending,Recheck in October; verify external eligibility and exact event date before preparing the 45-minute proposal.,"Regional/community opportunity; date, external-speaker eligibility, and costs unknown | Event date, opening/deadline, external-speaker eligibility, economics, rights, and accessibility unknown.",https://www.pfw.edu/faculty-support/teaching-and-learning-conference
111,2.928,conference/event,Ohio State Learning Design Day,Ohio State Learning Design Day 2027,"Columbus, USA",in-person,2027-05-13,open,2026-11-15,skeptic-education,A Skeptic's Guide to Surviving AI in Education,,"Tracks explicitly include generative AI, assessment/evaluation, reflective learning, and research-informed teaching",81.0,83.0,67.2,2.31,3,Other domestic location.,2,Standard public proposal or organizer route with no hard requirement found.,1,Little public popularity evidence beyond the event or route itself.,3,Confirmed deadline in 71 days.,Abstract max 500 words; 50-word description; 1-3 objectives; max two facilitators; accessibility integrated into materials,Verify external eligibility via public documentation or organizer response only if outreach is later authorized; do not submit until resolved,"Inaugural, at least eight slots; external-speaker eligibility unclear; accessible deliverables mandatory | External eligibility, registration, compensation, travel, rights, and attendance unknown",https://cete.osu.edu/ohio-state-learning-design-day-call-for-proposals/
112,2.935,conference/event,Platform Engineering Day Europe,Platform Engineering Day Europe 2027,"Barcelona, Spain",in-person,2027-03-15,open,2026-10-18,retrieval,From RAGs to Retrievals,adaptive-systems,Platform Engineering Day explicitly covers agentic platforms and AI integration for platform teams.,85.0,84.0,71.4,2.14,4,"Overseas at or after the stated six-to-nine-month travel window, or an undated future overseas route.",2,Standard public proposal or organizer route with no hard requirement found.,2,Recurring program or sponsor/history evidence is visible; no strong comparable audience count was found.,2,Confirmed deadline in 43 days.,Platform engineering and AI is explicit; practical case studies favored,Use AI Day as primary for retrieval thesis and Platform Day only as backup if multiple submissions are permitted.,"Shares CFP system/date with AI Day; a single proposal strategy should pick the better track; 25-minute adaptation needed | Topic fit depends on foregrounding planner/platform controls; travel/hotel/honorarium unknown. | Travel, hotel, honorarium, detailed form fields, reuse rules | MERGE CONFLICTS/VARIANTS — cfp_url: https://events.linuxfoundation.org/kubecon-cloudnativecon-europe/co-located-events/cncf-hosted-co-located-events-overview/ | https://events.linuxfoundation.org/kubecon-cloudnativecon-europe/co-located-events/cfp-colocated-events/; guidelines_url: https://events.linuxfoundation.org/kubecon-cloudnativecon-europe/co-located-events/platform-engineering-day/ | https://events.linuxfoundation.org/kubecon-cloudnativecon-europe/co-located-events/cfp-colocated-events/; eligibility: Public CFP; code-of-conduct agreement | unknown; formats_and_durations: 25-minute solo/dual presentation; 10-minute lightning; 35-minute panel | 25-minute presentation; 10-minute lightning; 35-minute panel; submission_requirements: Platform engineering and AI is explicit; practical case studies favored | Vendor-neutral; repeat restrictions; recording sample requested; compensation: Complimentary all-access pass | unknown; speaker_costs: Accepted co-located-event speakers receive an all-access pass | No mandatory registration stated for accepted speakers; recording_rights: Recorded and posted to CNCF YouTube; exact license not stated | recorded and published on CNCF YouTube; verified_at: 2026-09-04T12:00:00-06:00 | 2026-09-04T23:30:00-06:00",https://events.linuxfoundation.org/kubecon-cloudnativecon-europe/co-located-events/cncf-hosted-co-located-events-overview/
113,2.935,conference/event,KubeCon + CloudNativeCon Europe,KubeCon + CloudNativeCon Europe 2027,"Barcelona, Spain",in-person,2027-03-15,open,2026-10-11,adaptive-systems,Building Adaptive & Dynamic AI Systems,retrieval,"2027 has an Agentic AI track explicitly naming agent architectures, multi-agent systems, AgentOps, governance, and observability.",94.0,92.0,86.5,1.54,4,"Overseas at or after the stated six-to-nine-month travel window, or an undated future overseas route.",5,"Hard credential, publication, domain, or firsthand-evidence requirement.",5,"Public organizer/platform signal of at least 13,000 members, registrations, attendees, or reach.",2,Confirmed deadline in 36 days.,"Original, non-sales content; select track; previous recording requested; accepted speakers provide slides.",Create a 30-minute cloud-native variant and choose this as the primary CNCF submission rather than duplicating the same talk across all co-located events.,"Must emphasize open standards/cloud-native implementation and avoid proprietary product framing; maximum three proposals; repeat-talk restriction. | Travel/hotel support, honorarium, visa support, and speaker-recording license are unknown; Dan's travel origin/budget/eligibility are unknown. | Travel, compensation, accessibility details, and precise fit to open-source implementation unknown | Travel origin, funding eligibility, hotel, speaker costs, rights license, accessibility and current attendance unknown. | Travel/hotel/honorarium; speaker agreement and recording license; whether non-Kubernetes economics framing is technical enough | Travel, hotel, honorarium, speaker agreement, and whether bridge talk is technical enough | MERGE CONFLICTS/VARIANTS — date_status: exact | confirmed; eligibility: Maximum three submissions; generally one selected non-panel session; no repeat of a Linux Foundation event talk from the prior year. | Public CFP; code-of-conduct agreement; speaker experience recording requested; no biography-based eligibility inferred | Vendor-neutral, open/cloud-native relevance; repeat-talk and proposal-count rules | Open submitter route; end-user company status is separately defined and unknown for Dan | Open route; end-user company status separately defined and unknown; formats_and_durations: 30-minute session; 5-minute lightning; 80-minute tutorial; 30-minute panel | 30-minute session; 5-minute lightning; 80-minute tutorial; panel; poster | 30-minute session; 5-minute lightning; 80-minute tutorial; poster; panel | 30-minute session; 5-minute lightning talk; 80-minute tutorial; submission_requirements: Original, non-sales content; select track; previous recording requested; accepted speakers provide slides. | Maximum three proposals as named speaker; vendor-neutral/open-source emphasis; slides required if accepted | Abstract, outline, benefits, audience, speaker biography, and recording sample; maximum three proposals | Maximum three proposals; previous recording requested; no sales pitches; disclose related LF talks in past year | Maximum three proposals; prior recording requested; no sales pitches; disclose related LF talk in past year; compensation: Conference pass for accepted speakers. | Complimentary all-access pass | Complimentary pass | unknown; travel_support: Funding route referenced by organizer but current award details not established. | unknown; speaker_costs: One complimentary pass per accepted speaker | No mandatory registration stated for accepted speakers; recording_rights: Sessions are recorded; exact license/rights terms not established. | Sessions are ordinarily recorded; exact license/rights not found on CFP page | Sessions recorded under event terms | Accepted speakers must submit slides; recording-rights details not extracted | Slides required; recording license not extracted; attendance_value: Official sponsor page targets 13,000 developers, architects, and technical leaders | 13000 | 13,000 attendees claimed on sponsor page; verified_at: 2026-09-04T12:00:00-06:00 | 2026-09-04T23:30:00-06:00 | 2026-09-04T23:00:00-06:00 | 2026-09-04T23:25:00-06:00",https://events.linuxfoundation.org/kubecon-cloudnativecon-europe/program/cfp/
114,2.94,conference/event,eLearning Africa,eLearning Africa 2027,"Lome, Togo",in-person,2027-05-26,unknown,,skeptic-education,A Skeptic's Guide to Surviving AI in Education,,"Cross-sector digital learning and policy audience fits, but local expertise is explicitly preferred",66.0,100.0,66.0,2.36,4,"Overseas at or after the stated six-to-nine-month travel window, or an undated future overseas route.",3,"Standard CFP plus registration, assets, review, or meaningful format adaptation.",5,"Public organizer/platform signal of at least 24,000 members, registrations, attendees, or reach.",4,"Announced, undated, or route status still needs confirmation.","Synopsis max 300 words, audience, outcomes, materials, experience, bio, headshot, organization details",Do not call open. Recheck the proposal portal and only pursue with a credible African collaborator/context and budget authorization,"Form status conflicts; African practitioners preferred; speakers fund travel, hotel, and EUR 790-890 registration; no African context supplied | 2027 topic pages link to a form that still says 2026 deadline passed; status and deadline conflict; Dan's Africa connection and budget unknown",https://proposals.elearning-africa.com/
115,2.945,community/meetup,ACM Mile-High Video 2027,Denver/Colorado,Denver Botanic Gardens; in person,in-person,2027-02-23,public form/contact route,,benchmarks,Stop Looking at My Benchmarks,,"Benchmarks is an unusually strong fit if adapted to media quality; Adaptive, Retrieval, and Failure fit only with real video/media examples",82,80,65.6,2.38,1,Exact preferred city.,5,Researcher-rated route and format effort; 1 is easiest and 5 is hardest.,1,Little public popularity evidence beyond the event or route itself.,3,Recurring or contact-based route; the next listed event is not proof that a speaker slot remains open.,"Submit a one-page, 300+ word extended abstract through HotCRP from the official CFP by 2026-10-09 AoE",Review the public route and decide whether to prepare the indicated talk or demo format.,,https://www.mile-high.video/call-for-contributions
116,2.945,conference/event,CHEA Annual Conference,CHEA 2027 Annual Conference,"Washington, DC, United States",in-person,2027-01-25,open,2026-09-11,evidence-learning,"Outsmart Your Lying, Cheating Students",skeptic-education,"Direct 2027 topics include student outcomes, evidence of learning, institutional integrity, and AI in teaching and QA.",85.0,83.0,70.5,2.18,3,Other domestic location.,4,"Requires recordings, membership/co-presenter status, real evidence, a demo, or substantial extra material.",2,Recurring program or sponsor/history evidence is visible; no strong comparable audience count was found.,1,Confirmed deadline in 6 days.,Official proposal form; quality assurance/accreditation/student-success relevance; varied perspectives; no commercial advertising,Prepare a noncommercial 60-minute concurrent proposal and verify whether a solo submission satisfies the varied-perspectives criterion.,"FINALIST; deadline urgent; 60-minute slot needs added interaction; varied-perspective preference may favor a co-presenter; economics unknown | A co-presenter may be needed to satisfy the preference for varied perspectives; economics, rights, accessibility, and registration terms unknown. | Registration, compensation, travel, rights, accessibility, notification date, and Dan's quality-assurance credentials are unknown | MERGE CONFLICTS/VARIANTS — edition_url: https://www.chea.org/chea-2027-annual-conference-call-proposals | https://www.chea.org/chea-2027-annual-conference; city: Washington, DC | Washington DC; country: United States | USA; eligibility: Open to all; talk must relate to accreditation, quality assurance, or student success | Call open to all; concurrent sessions require one or two presenters; formats_and_durations: 60-minute plenary or concurrent sessions; concurrent allows one or two presenters | 60-minute plenary or concurrent session including participation/Q&A; submission_requirements: Official proposal form; quality assurance/accreditation/student-success relevance; varied perspectives; no commercial advertising | Official form; noncommercial; varied perspectives; proposal must tie AI/evidence of learning to quality assurance; attendance_value: Accreditors, faculty, policymakers, leaders, and international colleagues | National and international accreditation/quality audience; verified_at: 2026-09-04T12:00:00-06:00 | 2026-09-04T23:00:00-06:00",https://www.chea.org/chea-2027-annual-conference-call-proposals
117,2.945,community/meetup,AI Tinkerers Amsterdam,Overseas from March 2027,"Amsterdam, Netherlands; in person",in-person,,public form/contact route,,failure-improvement,Automating Improvement From Failure,,"FI, AS, RT, BM, PA",82,80,65.6,2.38,4,"Overseas at or after the stated six-to-nine-month travel window, or an undated future overseas route.",2,Researcher-rated route and format effort; 1 is easiest and 5 is hardest.,3,Public organizer/platform signal of at least 880.,3,Recurring or contact-based route; the next listed event is not proof that a speaker slot remains open.,Event-specific proposal; past pages accepted seven-minute demos and 15–20-minute technical talks,Review the public route and decide whether to prepare the indicated talk or demo format.,"Current future form was not open when checked; each edition sets its own format. Economics and 2027 dates unknown. Amsterdam event, route and stats, future-proposal status example",https://amsterdam.aitinkerers.org/p/ai-tinkerers-amsterdam-x-motherduck-may-demo-night
118,2.97,conference/event,DevOps Pro Europe,DevOps Pro Europe 2027,"Riga, Latvia",in-person,2027-05-25,open-undated,,failure-improvement,Automating Improvement From Failure,parallelization,"Good DevOps/SRE/platform audience; open route, but no closing date or session duration was published.",70.0,90.0,63.0,2.48,4,"Overseas at or after the stated six-to-nine-month travel window, or an undated future overseas route.",2,Standard public proposal or organizer route with no hard requirement found.,3,Public organizer/platform signal of at least 700.,3,Open or rolling route without a confirmed actionable deadline.,"English proposal for DevOps, SRE, platform or adjacent track.",Recheck the Airtable call for deadline and duration before drafting.,"Deadline, format and economics unknown. | Deadline, format durations, economics, rights, accessibility and multiple-submission rules unknown. Attendance is an organizer projection.",https://devopsproeurope.eu/faq/
119,2.978,conference/event,FinOps x GreenOps France,FinOps x GreenOps France rolling meetup route,"Paris, France",in-person; recordings,,rolling,,free-tier,Cry Me a Free Tier,,Large specialist community explicitly welcomes speakers across practitioner and vendor roles and maintains replays.,83.0,75.0,62.2,2.51,4,"Overseas at or after the stated six-to-nine-month travel window, or an undated future overseas route.",2,Standard public proposal or organizer route with no hard requirement found.,3,"Public organizer/platform signal of at least 1,412.",3,Open or rolling route without a confirmed actionable deadline.,Contact organizer through Meetup or listed LinkedIn route; no formal deadline,Confirm language capability and wait for a dated call or later authorization to use the public organizer route.,"FINALIST; French delivery requirement unknown; contact route is organizer message, not a formal CFP; no outreach authorized | Presentation language, next date, selection criteria, format, economics, rights, and Dan's travel",https://www.meetup.com/fr-fr/meetup-cloud-finops-paris/
120,2.982,conference/event,MLOps Community,MLOps Community rolling routes,Global,hybrid/remote,,unknown,,adaptive-systems,Building Adaptive & Dynamic AI Systems,,"Strong practitioner community and remote-friendly formats, but no open intake was verified.",76.0,55.0,41.8,3.33,4,"Overseas at or after the stated six-to-nine-month travel window, or an undated future overseas route.",2,Standard public proposal or organizer route with no hard requirement found.,5,"Public organizer/platform signal of at least 90,000 members, registrations, attendees, or reach.",4,"Announced, undated, or route status still needs confirmation.","Past individual events expose a Submit a Talk route, but the checked agent-production event was closed",Monitor the public events portal for a matching event with a live Submit a Talk control.,Public route is unclear; past event-specific talk form was closed; no outreach authorized. | No verified open route or deadline; geography and chapter-level process unknown.,https://mlops.community/
121,2.995,conference/event,ProductTank,ProductTank speaker directory and digital events,online and local in-person,online and local in-person,,rolling,,product-engineering,The Future of Product Engineering,judgment,"Direct product community, low-formality rolling route and good rehearsal value.",84.0,90.0,75.6,1.98,4,"Overseas at or after the stated six-to-nine-month travel window, or an undated future overseas route.",2,Standard public proposal or organizer route with no hard requirement found.,2,Recurring program or sponsor/history evidence is visible; no strong comparable audience count was found.,3,Open or rolling route without a confirmed actionable deadline.,Join speaker directory; individual organizer selects opportunities.,Prepare a reusable directory profile and only select chapters after region/remote preferences are known.,"No specific edition, deadline, economics or format; location preferences unknown. | No specific edition, deadline, format, economics, recording terms, accessibility or audience size; location preferences unknown.",https://support.mindtheproduct.com/hc/en-us/articles/40000576495508-Nominate-a-ProductTank-speaker
122,2.995,community/meetup,AI Tinkerers Paris,Overseas from March 2027,"Paris, France; in person",in-person,,public form/contact route,,failure-improvement,Automating Improvement From Failure,,"FI, AS, RT, BM, PA as five-minute demos",82,80,65.6,2.38,4,"Overseas at or after the stated six-to-nine-month travel window, or an undated future overseas route.",3,Researcher-rated route and format effort; 1 is easiest and 5 is hardest.,4,"Public organizer/platform signal of at least 4,263.",3,Recurring or contact-based route; the next listed event is not proof that a speaker slot remains open.,Event-specific technical-demo proposal and organizer contact,Review the public route and decide whether to prepare the indicated talk or demo format.,"Requires code, architecture or a live pipeline; no slide-only talk. Future calendar, language expectation and economics unknown. Paris route, format and stats",https://paris.aitinkerers.org/p/docker-raise
123,2.995,community/meetup,AI Tinkerers Singapore,Overseas from March 2027,Singapore; in person,in-person,,public form/contact route,,failure-improvement,Automating Improvement From Failure,,"FI, AS, RT, BM, PA, technical FT",82,80,65.6,2.38,4,"Overseas at or after the stated six-to-nine-month travel window, or an undated future overseas route.",3,Researcher-rated route and format effort; 1 is easiest and 5 is hardest.,4,"Public organizer/platform signal of at least 1,519.",3,Recurring or contact-based route; the next listed event is not proof that a speaker slot remains open.,Event-specific live-demo proposal,Review the public route and decide whether to prepare the indicated talk or demo format.,"Five-to-seven-minute live demo, active-project proof and screened attendance; no slide-only talk. Future calendar and speaker support unknown. Singapore route, format and stats",https://singapore.aitinkerers.org/p/ai-tinkerers-x-elevenlabs-side-quests-demo-night
124,2.997,conference/event,AINext Awards & Conference,AINext US 2027,United States,in-person,2027-04-09,open-undated,,judgment,Code Is Cheap. Judgment Is Expensive.,product-engineering,Applied-AI operators and founders are a reasonable audience; program detail and deadline are absent.,67.0,90.0,60.3,2.59,3,Other domestic location.,2,Standard public proposal or organizer route with no hard requirement found.,1,Little public popularity evidence beyond the event or route itself.,3,Open or rolling route without a confirmed actionable deadline.,Edition selection and application through organizer portal.,Inspect the full application only after logistics preferences are known; do not infer a cutoff.,"City, deadline, format, economics and past-session evidence unknown. | City, deadline, selection requirements, economics, rights, accessibility and attendance unknown.",https://ainextconference.com/apply-to-speak
125,3.008,conference/event,Agentics Day: MCP + Agents Europe,Agentics Day: MCP + Agents Europe 2027,"Barcelona, Spain",in-person,2027-03-15,open,2026-10-18,failure-improvement,Automating Improvement From Failure,adaptive-systems,Purpose-built agent audience and explicit reliability/debugging interests; current deck needs only a moderate cut.,88.0,90.0,79.2,1.83,4,"Overseas at or after the stated six-to-nine-month travel window, or an undated future overseas route.",2,Standard public proposal or organizer route with no hard requirement found.,1,Little public popularity evidence beyond the event or route itself.,2,Confirmed deadline in 43 days.,"Original, non-sales proposal aligned to production agents/MCP; accepted speaker receives event access.",Cut the demo and intervention hierarchy to 25 minutes and submit by October 18.,"25-minute cap; likely topic competition; travel/economics unknown. | Travel/hotel support, honorarium, visa support, and exact recording license are unknown; 25-minute adaptation required. | Travel, hotel, speaker costs, rights license, accessibility and attendance unknown. Existing 30-minute deck needs a 25-minute cut. | MERGE CONFLICTS/VARIANTS — guidelines_url: https://events.linuxfoundation.org/kubecon-cloudnativecon-europe/co-located-events/agentics-day-mcp-agents/ | https://events.linuxfoundation.org/kubecon-cloudnativecon-europe/co-located-events/cfp-colocated-events/; eligibility: Public CFP; general Linux Foundation speaker rules apply. | Public CFP; code-of-conduct agreement; submission_requirements: Original, non-sales proposal aligned to production agents/MCP; accepted speaker receives event access. | Choose co-located event; vendor-neutral; prior Linux Foundation repeat within one year must be materially differentiated; recording sample requested; compensation: Event pass for accepted speakers. | Complimentary all-access pass; recording_rights: Sessions expected to be recorded; exact rights terms not established. | Official overview says co-located sessions are recorded and posted to CNCF YouTube",https://events.linuxfoundation.org/kubecon-cloudnativecon-europe/co-located-events/cfp-colocated-events/
126,3.03,conference/event,Swiss Testing Day,Swiss Testing Day 2027,"Zurich, Switzerland",in-person,2027-04-08,open,2026-10-31,failure-improvement,Automating Improvement From Failure,parallelization,"Conference explicitly asks for facts over hype, failed experiments, AI governance and nondeterministic-system testing.",80.0,90.0,72.0,2.12,4,"Overseas at or after the stated six-to-nine-month travel window, or an undated future overseas route.",2,Standard public proposal or organizer route with no hard requirement found.,2,Recurring program or sponsor/history evidence is visible; no strong comparable audience count was found.,3,Confirmed deadline in 56 days.,"Proposal, abstract and speaker profile.",Submit the existing 30-minute variant after verifying language and travel constraints.,"Travel/hotel and presentation language not established. | Language, travel/hotel, recording rights, accessibility, attendance and multiple-submission rules unknown.",https://sessionize.com/swiss-testing-day-2027/
127,3.095,community/meetup,fintech_devcon 2027,Denver/Colorado,Boulder; in person,in-person,2027-08-02,public form/contact route,,product-engineering,The Future of Product Engineering,,"Product, Judgment, Adaptive, Benchmarks, Retrieval, Failure, and Parallelization—only with a real fintech roadblock",82,80,65.6,2.38,2,Near a preferred city or within the Denver/Front Range area.,5,Researcher-rated route and format effort; 1 is easiest and 5 is hardest.,2,Recurring program or sponsor/history evidence is visible; no strong comparable audience count was found.,3,Recurring or contact-based route; the next listed event is not proof that a speaker slot remains open.,Official speaker form closes 2027-03-01 at 11:59 p.m. PST,Review the public route and decide whether to prepare the indicated talk or demo format.,,https://fintechdevcon.io/call-for-speakers/
128,3.095,community/meetup,Cloud Native Amsterdam,Overseas from March 2027,"Amsterdam, Netherlands; in person",in-person,,public form/contact route,,failure-improvement,Automating Improvement From Failure,,"FI, AS, RT, BM, PA, technical FT",82,80,65.6,2.38,4,"Overseas at or after the stated six-to-nine-month travel window, or an undated future overseas route.",2,Researcher-rated route and format effort; 1 is easiest and 5 is hardest.,2,Public organizer/platform signal of at least 413.,3,Recurring or contact-based route; the next listed event is not proof that a speaker slot remains open.,Official chapter publishes a direct talk-proposal email and organizer contact form,Review the public route and decide whether to prepare the indicated talk or demo format.,"Format, language, economics and future dates unknown. Email outreach was not performed. official chapter and proposal route",https://community.cncf.io/cloud-native-amsterdam/
129,3.095,community/meetup,Cloud Native Berlin,Overseas from March 2027,"Berlin, Germany; in person",in-person,,public form/contact route,,failure-improvement,Automating Improvement From Failure,,"FI, AS, RT, BM, PA, technical FT",82,80,65.6,2.38,4,"Overseas at or after the stated six-to-nine-month travel window, or an undated future overseas route.",2,Researcher-rated route and format effort; 1 is easiest and 5 is hardest.,2,Recurring program or sponsor/history evidence is visible; no strong comparable audience count was found.,3,Recurring or contact-based route; the next listed event is not proof that a speaker slot remains open.,Public topic-proposal form linked from official CNCF event pages,Review the public route and decide whether to prepare the indicated talk or demo format.,"Current proposal-form status, language, duration and economics need recheck. official event and proposal link, CNCF community activity rules",https://community.cncf.io/events/details/cncf-cloud-native-berlin-presents-kubernetes-amp-cloud-native-berlin-meetup-pre-kubecon-special/
130,3.117,conference/event,INQAAHE Biennial Conference,INQAAHE Conference 2027,"Doha, Qatar",in-person,2027-04-04,open,2026-10-31,evidence-learning,"Outsmart Your Lying, Cheating Students",,"The 2027 subtheme names authorship, assessment validity, qualification credibility, and human-centered AI; prior program shows strong appetite.",85.0,92.0,78.2,1.87,4,"Overseas at or after the stated six-to-nine-month travel window, or an undated future overseas route.",2,Standard public proposal or organizer route with no hard requirement found.,1,Little public popularity evidence beyond the event or route itself.,3,Confirmed deadline in 56 days.,"Forward-looking, critical, practice-oriented proposal; accessible to international QA audience; interactive",Reframe from classroom tactics to a QA case about what evidence institutions should require and how humans review it.,"FINALIST; international QA framing and possible credentials expectations; travel/economics unknown | Speaker economics, visa support, rights, accessibility, registration requirements, and Dan's QA credentials are unknown.",https://inqaahe2027-doha.org/call-for-proposals/
131,3.12,conference/event,Bett UK,Bett UK 2027,"London, UK",in-person,2027-01-20,rolling,,skeptic-education,A Skeptic's Guide to Surviving AI in Education,,"Bett asks for practical, evidence-informed, strategic sessions and specifically wants assessment, feedback, AI, workload, and student engagement",82.0,83.0,68.1,2.28,5,Overseas before the stated six-month travel window.,3,"Standard CFP plus registration, assets, review, or meaningful format adaptation.",5,"Public organizer/platform signal of at least 37,000 members, registrations, attendees, or reach.",3,Open or rolling route without a confirmed actionable deadline.,"Bio max 150 words, headshot, title, description, three takeaways, target audience; speaking links optional",Treat as reserve/2028 lead; verify speaker economics before supplying profile materials,"First-look deadline passed; current submissions feed reserve list or 2028; headshot, bio, job title, and organization required and not supplied | First-look deadline passed; reserve-list status and selection timing unclear; economics, rights, and Dan's job title/organization unknown",https://uk.bettshow.com/call-for-speakers
132,3.203,conference/event,European Chatbot & Agentic AI Summit,European Chatbot & Agentic AI Summit 2027,"Edinburgh, UK",in-person,2027-03-16,conflicting-official-pages,2026-10-01,retrieval,From RAGs to Retrievals,,"RAG, agentic AI, LLMOps, infrastructure, and human-AI collaboration are named topics.",73.0,82.0,59.9,2.61,4,"Overseas at or after the stated six-to-nine-month travel window, or an undated future overseas route.",2,Standard public proposal or organizer route with no hard requirement found.,1,Little public popularity evidence beyond the event or route itself.,2,Confirmed deadline in 26 days.,unknown,Recheck the speaker form and event dates; do not rely on October 1 until status conflict is resolved.,Official homepage conflicts with CFP page on open status and event dates; formats/economics unknown | CFP page says March 16–19; homepage says March 16–18 and main event March 17–18; homepage also says CFP opens soon while CFP page invites applications; formats and economics unknown,https://theeuropeanchatbot.com/call-for-speakers/
133,3.27,conference/event,Bett Asia,Bett Asia 2027 reserve/forward call,unknown,unknown,,rolling,,skeptic-education,A Skeptic's Guide to Surviving AI in Education,,Good audience and editorial fit; current form accepts reserve-list/2027 proposals,76.0,83.0,63.1,2.48,4,"Overseas at or after the stated six-to-nine-month travel window, or an undated future overseas route.",2,Standard public proposal or organizer route with no hard requirement found.,1,Little public popularity evidence beyond the event or route itself.,3,Open or rolling route without a confirmed actionable deadline.,Form requests profile and proposal information; exact limits not fully captured,Keep as incomplete rolling lead; verify edition details before any submission,"No 2027 dates/deadline/location; economics and selection timing unknown | No 2027 edition date, deadline, location, economics, rights, or accessibility confirmed; form says reserve list or 2027",https://asia.bettshow.com/page-en/call-for-papers
134,3.285,conference/event,CTO Craft Con Europe,CTO Craft Con Europe 2027,"London, United Kingdom",in-person,2027-03-15,open-undated-with-stale-label,,judgment,Code Is Cheap. Judgment Is Expensive.,failure-improvement,Senior CTO and VP Engineering audience is exact; public content form exists but carries stale edition labeling.,74.0,90.0,66.6,2.34,4,"Overseas at or after the stated six-to-nine-month travel window, or an undated future overseas route.",3,"Standard CFP plus registration, assets, review, or meaningful format adaptation.",2,Recurring program or sponsor/history evidence is visible; no strong comparable audience count was found.,3,Open or rolling route without a confirmed actionable deadline.,"Experience-led content, biography and previous-talk information.","Wait until the call identifies the 2027 edition unambiguously, then confirm eligibility.","Call page title references 2026 while event shell shows 2027; deadline and Dan's senior-leadership credentials are unknown. | Deadline, format, travel/hotel, fee, accessibility, attendance and Dan's senior-leadership eligibility evidence unknown. | Edition labeling conflict; deadline, format, travel/hotel, fee, rights license, accessibility and attendance unknown. | MERGE CONFLICTS/VARIANTS — cfp_status: open-undated-with-stale-label | open-undated; eligibility: Public form is reachable but page title references 2026 while event shell shows 2027 dates. | Experienced senior technology leaders; public application route.; submission_requirements: Experience-led content, biography and previous-talk information. | Experience-led proposal; bio and prior talks requested.; verified_at: 2026-09-04T22:25:00-06:00 | 2026-09-05T00:20:00-06:00",https://conference.ctocraft.com/london/call-for-content/
135,3.295,conference/event,LDX3 London / LeadDev,LDX3 London 2027,"London, UK",in-person,2027-06-28,announced-not-open,,retrieval,From RAGs to Retrievals,,LeadDev serves senior engineering leaders and has current programming on durable skills and AI adoption.,65.0,70.0,45.5,3.18,4,"Overseas at or after the stated six-to-nine-month travel window, or an undated future overseas route.",2,Standard public proposal or organizer route with no hard requirement found.,2,Recurring program or sponsor/history evidence is visible; no strong comparable audience count was found.,3,Open or rolling route without a confirmed actionable deadline.,unknown,Monitor for a 2027 CFP and adapt outcomes toward architecture communication and staff development.,"No current CFP; talk needs explicit leadership decisions and team enablement | No current CFP found; formats, economics, rights, accessibility, and exact venue unknown",https://leaddev.com/
136,3.295,community/meetup,AI Builders SG recurring jam,Overseas from March 2027,Singapore; in person,in-person,,public form/contact route,,adaptive-systems,Building Adaptive & Dynamic AI Systems,,"AS, RT, PA, FI; project-based FT",82,80,65.6,2.38,4,"Overseas at or after the stated six-to-nine-month travel window, or an undated future overseas route.",3,Researcher-rated route and format effort; 1 is easiest and 5 is hardest.,2,Recurring program or sponsor/history evidence is visible; no strong comparable audience count was found.,3,Recurring or contact-based route; the next listed event is not proof that a speaker slot remains open.,Luma page explicitly invites presenters to send a project link through Contact the Host,Review the public route and decide whether to prepare the indicated talk or demo format.,"Requires a project/showcase rather than a finished keynote; future dates, talk length, selection and support unknown. first-party Luma event",https://luma.com/9pbbv5ja
137,3.303,conference/event,FinOps Connect,FinOps Connect rolling meetup route,"London and virtual, UK",hybrid,,rolling,,free-tier,Cry Me a Free Tier,,The group explicitly hosts virtual and in-person practical FinOps meetups and previously programmed AI cloud funding.,83.0,72.0,59.8,2.61,4,"Overseas at or after the stated six-to-nine-month travel window, or an undated future overseas route.",2,Standard public proposal or organizer route with no hard requirement found.,1,Little public popularity evidence beyond the event or route itself.,3,Open or rolling route without a confirmed actionable deadline.,Organizer-message route; no formal deadline,Keep as low-friction community rehearsal route; seek a dated speaker invitation before action.,"FINALIST; small reach; unclear whether 'hosting' includes proposing a talk; no formal CFP or date | Whether hosting means proposing editorial content; next date, format, economics, and rights",https://www.meetup.com/finops-connect/
138,3.308,conference/event,MLOps Community Meetups,MLOps Community local meetup route,Worldwide,hybrid,,rolling,,retrieval,From RAGs to Retrievals,,MLOps Community includes engineers and technical product managers and says local groups program two to three speakers.,69.0,64.0,44.2,3.23,4,"Overseas at or after the stated six-to-nine-month travel window, or an undated future overseas route.",2,Standard public proposal or organizer route with no hard requirement found.,2,Recurring program or sponsor/history evidence is visible; no strong comparable audience count was found.,3,Open or rolling route without a confirmed actionable deadline.,Local organizer route; no universal CFP/deadline,Select a chapter only when it publishes a dated event or speaker route; do not mass-contact organizers.,"No universal speaker form/date; chapter depth varies; location and format must be resolved | Specific chapter/date, format, economics, language, and whether bridge-level talk fits local depth",https://mlops.community/meetups
139,3.31,conference/event,Berlin FinOps and Cloud Cost Optimization,Berlin FinOps rolling meetup route,"Berlin, Germany",in-person,,rolling,,free-tier,Cry Me a Free Tier,,Specialist audience and active regional history.,76.0,58.0,44.1,3.24,4,"Overseas at or after the stated six-to-nine-month travel window, or an undated future overseas route.",2,Standard public proposal or organizer route with no hard requirement found.,2,Public organizer/platform signal of at least 340.,3,Open or rolling route without a confirmed actionable deadline.,Message organizer; no formal CFP found,Monitor new events for a public call before using organizer message route.,"No explicit speaker invitation or dated event; language and economics unknown | No explicit speaker invitation text; next date, language, format, and economics unknown",https://www.meetup.com/berlin-finops/
140,3.328,conference/event,LILAC,LILAC 2027,"London, United Kingdom",in-person,2027-04-21,announced-not-open,2026-11-11,evidence-learning,"Outsmart Your Lying, Cheating Students",,"Credible adjacent audience and explicit demand for deeper AI work, but information literacy must be central rather than decorative.",63.0,67.0,42.2,3.31,4,"Overseas at or after the stated six-to-nine-month travel window, or an undated future overseas route.",2,Standard public proposal or organizer route with no hard requirement found.,2,Recurring program or sponsor/history evidence is visible; no strong comparable audience count was found.,3,Confirmed deadline in 67 days.,Account required; abstract; must go beyond generic AI-adoption or AI-literacy coverage,Review presentation types when the call opens and only proceed with a genuine information-literacy adaptation.,"CFP opens September 21; narrower disciplinary fit; UK travel/economics unknown | CFP opens 2026-09-21; topic requires stronger information-literacy framing; economics, rights, accessibility incomplete.",https://www.lilacconference.com/lilac-2027/call-for-presentations-1
141,3.335,conference/event,CloudFest,CloudFest 2027,"Rust, Germany",in-person,2027-03-15,invitation-only-or-unknown,,free-tier,Cry Me a Free Tier,,Cloud and internet-infrastructure audience and value theme fit; reach is strong.,63.0,58.0,36.5,3.54,3,Other domestic location.,5,No ordinary public speaking route is currently verified.,5,"Public organizer/platform signal of at least 10,900 members, registrations, attendees, or reach.",4,"Announced, undated, or route status still needs confirmation.",unknown,Keep as invitation-only lead; exclude partner speaking from editorial shortlist.,No editorial CFP found; partner page offers speaking through commercial packages | No public editorial CFP verified; partner packages may include speaking and must remain separate,https://www.cloudfest.com/event
142,3.38,conference/event,IEEE International Conference on Software Architecture,ICSA 2027 Software Architecture in Practice,"Sydney, Australia",in-person,2027-03-08,open,2026-10-30,adaptive-systems,Building Adaptive & Dynamic AI Systems,,ICSA SAIP explicitly invites AI integrated into architecture and practical solutions in defined contexts; 2026 program shows agentic AI and human-oversight appetite.,89.0,92.0,81.9,1.72,3,Other domestic location.,5,"Hard credential, publication, domain, or firsthand-evidence requirement.",1,Little public popularity evidence beyond the event or route itself.,3,Confirmed deadline in 55 days.,Two-page maximum technical-talk proposal; IEEE format/guidelines; not previously published or simultaneously under review; accepted proposal published in companion proceedings,Decide whether publication/simultaneous-submission restrictions are acceptable before investing in the two-page technical-talk proposal.,"Requires a two-page IEEE-formatted proposal, exclusivity while under review, publication, registration, and in-person Sydney presentation. | Conference start/end inferred from official 2027 track context and should be rechecked on home page; registration cost, travel support, honorarium, accessibility, and exact copyright agreement unknown.",https://conf.researchr.org/track/icsa-2027/icsa-2027-software-architecture-in-practice-track
143,3.38,conference/event,Taqelah Testing Conference,Taqelah Testing Conference 2027,"Singapore, Singapore",in-person,2027-03-04,open,2026-10-30,failure-improvement,Automating Improvement From Failure,parallelization,Testing audience and AI-testing precedent are strong; organizer advertises a 25-minute talk route.,82.0,100.0,82.0,1.72,5,Overseas before the stated six-month travel window.,2,Standard public proposal or organizer route with no hard requirement found.,1,Little public popularity evidence beyond the event or route itself.,3,Confirmed deadline in 55 days.,Talk proposal and speaker details.,"Verify the submission form details, then prepare the 25-minute version by October 30.","Format/travel evidence partly comes from organizer social post; intercontinental support may not cover actual travel. | CFP form details, economics, rights, accessibility, and deadline time zone unknown | Official site did not reproduce format/economics details; verify in submission flow. Hotel, costs, rights, accessibility and multiple-submission rules unknown. | MERGE CONFLICTS/VARIANTS — edition_label: Taqelah Testing Conference 2027 | TTC 2027; date_status: exact | confirmed; eligibility: Public CFP. | First-time and seasoned speakers invited; formats_and_durations: 25-minute talks and half-day workshops reported by organizer social post | Talk; workshop; exact durations not verified; submission_requirements: Talk proposal and speaker details. | Testing story and proposal via CFP; verified_at: 2026-09-05T00:08:00-06:00 | 2026-09-04T23:00:00-06:00",https://ttc.taqelah.sg/
144,3.4,conference/event,Softwarearchitektur Wien,Softwarearchitektur Wien meetup route,"Vienna, Austria",in-person,,unknown,,adaptive-systems,Building Adaptive & Dynamic AI Systems,,Small architecture community has hosted 45-minute-style practical talks and AI-adjacent content.,60.0,50.0,30.0,3.8,3,Other domestic location.,2,Standard public proposal or organizer route with no hard requirement found.,1,Little public popularity evidence beyond the event or route itself.,4,"Announced, undated, or route status still needs confirmation.",Past event had two or three speakers and 45-minute blocks,Keep as a community lead; take no outreach action unless the user later authorizes it and a public route is evidenced.,"No public CFP or future event date; language and travel economics unknown. | No evidenced public speaker application route, future date, or economics; community outreach is not authorized.",https://www.meetup.com/de-de/softwarearchitektur-wien/
145,3.41,conference/event,KMWorld Europe,KMWorld Europe 2027,"London, United Kingdom",in-person,2027-04-14,conflicting,2026-10-09,judgment,Code Is Cheap. Judgment Is Expensive.,product-engineering,Knowledge-management audience is adjacent; useful for the organizational-memory section but weaker for software delivery.,59.0,100.0,59.0,2.64,4,"Overseas at or after the stated six-to-nine-month travel window, or an undated future overseas route.",3,"Standard CFP plus registration, assets, review, or meaningful format adaptation.",1,Little public popularity evidence beyond the event or route itself.,2,Confirmed deadline in 34 days.,"Title, abstract, relevant bio and presenter contact details.",Recheck until the page unambiguously identifies the 2027 call; do not rely on October 9.,"Official page conflicts on open status, edition year and deadline; real-experience preference. | CFP year/status conflict prevents actionable deadline claim; economics beyond pass, rights, accessibility and attendance unknown.",https://www.kmworld.com/Europe/2027/CallForSpeakers.aspx
146,3.41,conference/event,DevOpsDays Tel Aviv,DevOpsDays Tel Aviv 2026,"Tel Aviv, Israel",in-person,2026-12-22,conflicting-official-pages,2026-09-25,free-tier,Cry Me a Free Tier,,Local page supports exact 30-minute format and no-vendor-pitch positioning.,50.0,48.0,24.0,4.04,5,Overseas before the stated six-month travel window.,2,Standard public proposal or organizer route with no hard requirement found.,4,Established recurring conference or community series with visible program history.,2,Confirmed deadline in 20 days.,"Email type, title, and description",Do not rely on September 25 until the local page and global index agree.,"Official open-status conflict; language, travel/safety, and economics unknown | Local page says CFP TBD while global index says open with 2026-09-25 deadline; language, safety/travel, economics, rights unknown",https://devopsdays.org/events/2026-tel-aviv/propose/
147,3.415,conference/event,Voxxed Days Luxembourg,Voxxed Days Luxembourg 2027,"Luxembourg, Luxembourg",in-person,2027-06-21,announced-not-open,,retrieval,From RAGs to Retrievals,,"Tracks cover architecture, cloud, AI, big data/ML, DevOps, and testing; broad experienced-developer audience fits.",61.0,55.0,33.5,3.66,4,"Overseas at or after the stated six-to-nine-month travel window, or an undated future overseas route.",2,Standard public proposal or organizer route with no hard requirement found.,2,Recurring program or sponsor/history evidence is visible; no strong comparable audience count was found.,3,Open or rolling route without a confirmed actionable deadline.,CFP announced for early November through December 2026,Prepare the 40-minute version and recheck when the official page opens the CFP in November.,"CFP only announced by month; exact dates, formats, and economics unknown | Exact open/close dates, format, economics, rights, accessibility, travel",https://luxembourg.voxxeddays.com/en/
148,3.43,conference/event,Great International Developer Summit,GIDS 2027,"Bengaluru, India",in-person,2027-04-27,open,2026-09-30,judgment,Code Is Cheap. Judgment Is Expensive.,parallelization,"Strong engineering, architecture and leadership audience with an exact 30-minute slot and explicit systems-thinking themes.",97.0,100.0,97.0,1.12,4,"Overseas at or after the stated six-to-nine-month travel window, or an undated future overseas route.",5,"Hard credential, publication, domain, or firsthand-evidence requirement.",1,Little public popularity evidence beyond the event or route itself.,2,Confirmed deadline in 25 days.,"Technical abstract, system/problem, decisions, constraints, takeaways, speaker experience and optional prior recording.","Proceed only after identifying truthful firsthand evidence; if available, submit by September 30.","Must be grounded in work Dan directly did or materially contributed to; a qualifying firsthand organizational case is unknown. | Honorarium, visa support, accessibility, recording rights, and whether a 40-minute source deck can be accepted as 30 minutes without loss are unknown. | Recording rights, accessibility, exact reimbursement eligibility, and deadline time zone unknown | Dan's qualifying firsthand case details, travel origin, full reimbursement rules, recording rights, accessibility and attendance unknown. | Synthetic/proposed architecture may fail real-experience bar; travel origin, rights, accessibility and attendance unknown. | Dan's direct-work evidence and employer support; honorarium, rights, accessibility, and final support approval | MERGE CONFLICTS/VARIANTS — date_status: exact | confirmed; eligibility: Content must be grounded in real engineering work the speaker directly did or materially contributed to; up to five proposals. | Public CFP; international speakers encouraged to submit multiple 60-minute sessions | Real engineering experience; no promotion | Original content based on work the speaker directly did or materially contributed to; up to five proposals. | Original content based on work directly done or materially contributed to; form asks technical depth and speaking experience; formats_and_durations: 30-minute short talk; 60-minute long talk | 60-minute long talk; 30-minute short talk | 30- or 60-minute talk; international speakers encouraged toward 60 minutes and multiple talks | 30-minute short talk; 60-minute long talk.; submission_requirements: Technical abstract, system/problem, decisions, constraints, takeaways, speaker experience and optional prior recording. | Up to five proposals; technical abstract; system problem; decisions/tradeoffs; takeaways; practitioner-depth declaration; bio/photo; no product promotion | Proposal with decisions, tradeoffs, constraints, and experience | Practical, vendor-neutral proposal with real engineering experience and speaker details. | Up to five proposals; system problem, decisions, tradeoffs, outcomes, biography, photo, affiliation, and support needs; compensation: Conference access; international travel reimbursement may be available up to USD 1500 and two hotel nights at organizer discretion. | Full conference access; support is discretionary | Conference access; discretionary international reimbursement. | unknown; travel_support: Up to USD 1500 for selected international speakers; reimbursement after event; discretionary. | Selected international speakers may receive up to USD 1,500 travel and two hotel nights; reimbursement after event | Up to USD 1,500 travel reimbursement plus two hotel nights; discretionary and paid after event | Up to USD 1500 and two hotel nights may be offered to selected international speakers. | Selected international speakers may receive up to US$1,500 travel and two hotel nights; discretionary and reimbursement-based; speaker_costs: Full conference access for selected speakers; co-speaker must buy pass unless approved | Full conference pass; recording_rights: Recording rights not stated | unknown; attendance_value: 150+ sessions on official site | 150; verified_at: 2026-09-04T21:20:00-06:00 | 2026-09-04T23:30:00-06:00 | 2026-09-04T23:00:00-06:00 | 2026-09-04T23:35:00-06:00 | 2026-09-04T12:00:00-06:00",https://form.jotform.com/saltmarch/gids2027cfp
149,3.448,conference/event,Open Source Summit North America,Open Source Summit North America 2027,"Vancouver, Canada",in-person,2027-05-17,announced-not-open,,adaptive-systems,Building Adaptive & Dynamic AI Systems,,Broad open-source audience; fit depends on demonstrable open-source components.,58.0,52.0,30.2,3.79,4,Canada or Mexico: feasible but outside the preferred domestic list.,2,Standard public proposal or organizer route with no hard requirement found.,2,Recurring program or sponsor/history evidence is visible; no strong comparable audience count was found.,3,Open or rolling route without a confirmed actionable deadline.,,Wait for track descriptions and submit only if an authentic open-source implementation angle exists.,"CFP details coming soon; base talk has no explicit open-source project dependency. | Official calendar says CFP details coming soon; exact AI/agent tracks and all submission economics unknown. | CFP dates, tracks, formats, terms, economics, rights, and accessibility not published | MERGE CONFLICTS/VARIANTS — edition_url: https://events.linuxfoundation.org/open-source-summit-north-america/ | https://events.linuxfoundation.org/about/calendar/; date_status: confirmed | exact; cfp_url: https://events.linuxfoundation.org/open-source-summit-north-america/ | https://events.linuxfoundation.org/about/calendar/; guidelines_url: https://events.linuxfoundation.org/open-source-summit-north-america/ | https://events.linuxfoundation.org/about/calendar/; verified_at: 2026-09-04T23:00:00-06:00 | 2026-09-04T23:30:00-06:00",https://events.linuxfoundation.org/open-source-summit-north-america/
150,3.452,conference/event,DevOpsDays Almaty,DevOpsDays Almaty 2026,"Almaty, Kazakhstan",in-person,2026-10-16,open,2026-10-01,free-tier,Cry Me a Free Tier,,Open regional community route with a matching event format family.,55.0,36.0,19.8,4.21,5,Overseas before the stated six-month travel window.,2,Standard public proposal or organizer route with no hard requirement found.,4,Established recurring conference or community series with visible program history.,2,Confirmed deadline in 26 days.,unknown,Recheck the local propose page before deciding whether the October 1 deadline is usable.,"Deadline is official but local rules/form were not extractable; travel, language, economics, and audience detail unknown | Local propose page could not be extracted; deadline comes from official global index; all requirements and economics unknown",https://devopsdays.org/events/2026-almaty/propose/
151,3.478,conference/event,AGNTCon + MCPCon Europe,AGNTCon + MCPCon Europe 2027,"London, United Kingdom",in-person,2027-09-15,announced-not-open,,adaptive-systems,Building Adaptive & Dynamic AI Systems,,Direct agent/MCP venue announced by Linux Foundation; details forthcoming.,73.0,58.0,42.3,3.31,4,"Overseas at or after the stated six-to-nine-month travel window, or an undated future overseas route.",2,Standard public proposal or organizer route with no hard requirement found.,1,Little public popularity evidence beyond the event or route itself.,3,Open or rolling route without a confirmed actionable deadline.,,Check official event page when created and evaluate against any earlier Linux Foundation appearance.,"No CFP, format, rules, or economics published; reuse may conflict with Linux Foundation repeat rule. | Official calendar says CFP details coming soon; route, formats, and economics unknown.",https://events.linuxfoundation.org/about/calendar/
152,3.48,conference/event,PyData Venice,PyData Venice 2026 series,"Mestre, Italy",hybrid,2026-08-27,rolling,,failure-improvement,Automating Improvement From Failure,parallelization,Relevant MLOps/LLMOps audience and hybrid delivery; broad rather than exact testing/platform fit.,72.0,100.0,72.0,2.12,5,Overseas before the stated six-month travel window.,2,Standard public proposal or organizer route with no hard requirement found.,1,Little public popularity evidence beyond the event or route itself.,3,Open or rolling route without a confirmed actionable deadline.,"Technical talk in data science, ML engineering, MLOps/LLMOps or adjacent tooling.",Check which remaining 2026 meetup date still accepts sessions and whether remote delivery is allowed.,"Exact next available date, duration and economics unknown. | Format, economics, rights, accessibility, attendance and exact next available slot unknown.",https://sessionize.com/pydata-venice
153,3.495,conference/event,Experts Live UK,Experts Live UK 2027,"London, United Kingdom",in-person,2027-05-18,announced-not-open,,adaptive-systems,Building Adaptive & Dynamic AI Systems,,"Some topical overlap, but audience is specifically Microsoft 365/Copilot operations.",52.0,78.0,40.6,3.38,4,"Overseas at or after the stated six-to-nine-month travel window, or an undated future overseas route.",2,Standard public proposal or organizer route with no hard requirement found.,1,Little public popularity evidence beyond the event or route itself.,3,Open or rolling route without a confirmed actionable deadline.,Actionable practitioner story; no product pitch,Exclude unless Dan confirms relevant Microsoft-estate experience; otherwise monitor only.,CFP not open and dates provisional; requires real Microsoft production story not supplied. | CFP dates are provisional until Sessionize opens; fit is weak without a Microsoft 365/Copilot case study; travel cap and honorarium unknown.,https://expertslive.co.uk/become-a-speaker/
154,3.495,community/meetup,Lorong AI calendar,Overseas from March 2027,Singapore; in person at One-North and Cross Street,in-person,,public form/contact route,,failure-improvement,Automating Improvement From Failure,,"FI, AS, RT, BM, PA, JU",82,80,65.6,2.38,4,"Overseas at or after the stated six-to-nine-month travel window, or an undated future overseas route.",4,Researcher-rated route and format effort; 1 is easiest and 5 is hardest.,2,Recurring program or sponsor/history evidence is visible; no strong comparable audience count was found.,3,Recurring or contact-based route; the next listed event is not proof that a speaker slot remains open.,Luma calendar has a public Submit Event route; individual talk acceptance is organizer-curated,Review the public route and decide whether to prepare the indicated talk or demo format.,"Submit Event is not a guaranteed speaker CFP; audience size, selection rules, duration and economics unknown. Luma calendar, community site",https://luma.com/lorong-ai
155,3.532,conference/event,Think!AI Summit,Think!AI Summit 2027,"Pittsburgh, United States",in-person,2027-02-18,announced-not-open,2026-11-20,adaptive-systems,Building Adaptive & Dynamic AI Systems,,"Strong agentic AI/reality-check/responsible AI themes, but the organizer requires an actual implementation and measurable learning.",65.0,72.0,46.8,3.13,3,Other domestic location.,4,"Requires recordings, membership/co-presenter status, real evidence, a demo, or substantial extra material.",1,Little public popularity evidence beyond the event or route itself.,3,Confirmed deadline in 76 days.,"Specific implementation, outcomes, lessons, and transferable takeaways; no sales pitches or live demos",Do not prepare a submission until Dan confirms a truthful real-world implementation story that meets the guidelines.,"CFP not open; real implementation/results requirement may be a hard barrier because supplied materials describe a deterministic fixture, not deployed infrastructure. | Dan's actual production case-study basis and regional connection unknown; submission form not yet open; economics, rights, accessibility, and attendance unknown. | Opening date, economics, rights, accessibility, and whether supplied examples satisfy experience bar unknown | MERGE CONFLICTS/VARIANTS — date_status: confirmed | exact; eligibility: Real-world implementation required; practitioners prioritized; regional voices encouraged | Actual implementation, outcomes, and lessons required; submission_requirements: Specific implementation, outcomes, lessons, and transferable takeaways; no sales pitches or live demos | Abstract; no live demos or product pitches; verified_at: 2026-09-04T23:00:00-06:00 | 2026-09-04T23:30:00-06:00",https://www.pghtech.org/events/ThinkAI2027-Call-for-Speakers
156,3.553,conference/event,IEEE International Conference on Software Architecture,ICSA 2027 Tutorials / Technical Briefings,"Sydney, Australia",in-person,2027-03-08,open,2026-12-20,adaptive-systems,Building Adaptive & Dynamic AI Systems,,Exact software-architecture audience and AI-system relevance.,83.0,78.0,64.7,2.41,3,Other domestic location.,5,"Hard credential, publication, domain, or firsthand-evidence requirement.",1,Little public popularity evidence beyond the event or route itself.,3,Confirmed deadline in 106 days.,PDF proposal through EasyChair; brief speaker information; optional/accepted two-page IEEE companion abstract,Prefer SAIP technical talk; retain this as backup only after confirming duration and whether the demo can support an interactive briefing.,"Requires expansion or redesign as a tutorial/briefing; IEEE companion publication option; duration not captured. | Duration, economics, accessibility, and author-rights details unknown; likely requires expansion beyond existing deck.",https://conf.researchr.org/track/icsa-2027/icsa-2027-tutorials-tech-briefings
157,3.553,conference/event,ARC Software Architecture & Engineering Conference,ARC 2027,"Abu Dhabi, United Arab Emirates",in-person,2027-01-12,open-undated,,judgment,Code Is Cheap. Judgment Is Expensive.,product-engineering,"Senior architects and AI builders are direct enough, but the new event emphasizes practitioners running real systems.",72.0,90.0,64.8,2.41,5,Overseas before the stated six-month travel window.,2,Standard public proposal or organizer route with no hard requirement found.,1,Little public popularity evidence beyond the event or route itself.,3,Open or rolling route without a confirmed actionable deadline.,Application details not exposed in captured page.,Keep as an incomplete lead and proceed only if the form accepts an operating-model talk without a production case.,"New event; no deadline or format; qualifying real-production example is unknown. | A live speaker-interest form is not enough to prove a formal CFP is open; deadline, durations, economics, rights, accessibility, attendance, and prior history unknown. | New event; no history. Deadline, economics, rights, accessibility, attendance and Dan's real-production-case eligibility unknown. | Application deadline, formats, economics, rights, accessibility, and Dan's practitioner evidence | MERGE CONFLICTS/VARIANTS — country: United Arab Emirates | UAE; cfp_url: https://futurewitharc.com/ | https://futurewitharc.com/apply-to-speak/; guidelines_url: https://futurewitharc.com/ | https://futurewitharc.com/apply-to-speak/; cfp_status: open-undated | unknown | open; eligibility: Public Apply to Speak control; program describes practitioners running real systems and no recycled slides. | Form prioritizes practitioners with real-world engineering experience, production systems, and technical depth | Every speaker described as a practitioner; peer review and real-system ownership emphasized; formats_and_durations: Format/duration not stated. | unknown; submission_requirements: Application details not exposed in captured page. | Interest form asks name, job title, company, work email, LinkedIn, talk title, speaking history, optional videos, and theme alignment | unknown; verified_at: 2026-09-04T22:30:00-06:00 | 2026-09-04T23:30:00-06:00 | 2026-09-04T12:00:00-06:00",https://futurewitharc.com/
158,3.587,conference/event,Cloud Native Mumbai,Cloud Native Mumbai 2026 rolling call,"Mumbai, India",hybrid,2026-09-12,rolling,,failure-improvement,Automating Improvement From Failure,parallelization,Regional cloud-native audience fits SRE/platform/AI; route is open but individual future dates are unclear.,68.0,90.0,61.2,2.55,5,Overseas before the stated six-month travel window.,2,Standard public proposal or organizer route with no hard requirement found.,1,Little public popularity evidence beyond the event or route itself.,3,Open or rolling route without a confirmed actionable deadline.,"Proposal aligned to cloud native, SRE, platform or cloud-native AI/ML.",Monitor the rolling call for a dated session before investing in adaptation.,"Future edition/date and economics unknown; September session may already be programmed. | Only one next session date was visible; future dates, format, economics, rights, accessibility and attendance unknown.",https://sessionize.com/cloud-native-mumbai-city
159,3.625,conference/event,Tokenomicon London,Tokenomicon London 2027,"London, UK",in-person,2027-02-08,announced-not-open,,free-tier,Cry Me a Free Tier,,Organizer taxonomy directly includes cost-to-serve and cost per call.,80.0,72.0,57.6,2.7,5,Overseas before the stated six-month travel window.,2,Standard public proposal or organizer route with no hard requirement found.,1,Little public popularity evidence beyond the event or route itself.,3,Open or rolling route without a confirmed actionable deadline.,unknown,Monitor organizer page for an editorial CFP and do not substitute sponsorship enquiry.,"No public CFP yet; travel and economics unknown | CFP/equivalent route, requirements, formats, economics, rights, accessibility, and travel",https://www.tokeneconomics.com/
160,3.627,conference/event,Honolulu Education Conference,Honolulu Education Conference 2027,"Honolulu, United States",hybrid,2027-03-10,open,2026-11-13,skeptic-education,A Skeptic's Guide to Surviving AI in Education,evidence-learning,"AI in education, testing/evaluation, higher education, and EdTech are explicit streams",69.0,83.0,57.3,2.71,3,Other domestic location.,5,"Hard credential, publication, domain, or firsthand-evidence requirement.",1,Little public popularity evidence beyond the event or route itself.,3,Confirmed deadline in 69 days.,Up to 300-word English proposal; publication options described,Keep as lower-confidence lead pending organizer/reputation and full-fee verification,"Organizer credibility and economics insufficiently verified; advance deadline only | Commercial status, fee structure, organizer reputation, rights, travel support, accessibility, and acceptance standards need independent vetting. | Organizer credibility, exact format duration, final deadline beyond advance round, fees, rights, accessibility, and economics require review | MERGE CONFLICTS/VARIANTS — country: United States | USA; eligibility: Education proposals across AI, testing, higher education, and EdTech | Educators, academics, researchers, and students; submission_requirements: Up to 300-word English proposal; publication options described | Proposal up to 300 words; attendance_value: Broad international education audience; organizer-provided attendance not verified | International academic conference; reach unverified; verified_at: 2026-09-04T12:00:00-06:00 | 2026-09-04T23:00:00-06:00",https://intesda.org/education-conference/
161,3.715,conference/event,SaaStock Europe / AI Growth Summit,AI Growth Summit Europe 2027,"London, UK",in-person,2027-05-24,invitation-only-or-unknown,,free-tier,Cry Me a Free Tier,,Audience fit is direct and organizer archive is extensive.,67.0,65.0,43.5,3.26,4,"Overseas at or after the stated six-to-nine-month travel window, or an undated future overseas route.",5,No ordinary public speaking route is currently verified.,4,"Public organizer/platform signal of at least 3,000.",4,"Announced, undated, or route status still needs confirmation.",unknown,Monitor for a public editorial application; do not use sponsor messaging as a CFP.,No public editorial speaker route found; acquisition/rebrand creates uncertainty; sponsorship is separate | No public editorial speaker application found after acquisition; only sponsorship contact was prominent,https://saastock.com/
162,3.728,conference/event,International Conference on Learning,Thirty-Fourth International Conference on Learning,"Thessaloniki, Greece",hybrid,2027-07-07,open,,skeptic-education,A Skeptic's Guide to Surviving AI in Education,,"Special focus explicitly addresses critical AI literacy across schools, universities, and workplaces",75.0,83.0,62.2,2.51,4,"Overseas at or after the stated six-to-nine-month travel window, or an undated future overseas route.",5,"Hard credential, publication, domain, or firsthand-evidence requirement.",2,Recurring program or sponsor/history evidence is visible; no strong comparable audience count was found.,3,Open or rolling route without a confirmed actionable deadline.,Proposal plus optional publication path; exact requirements not captured,Review author guidelines and costs before queueing; adapt only as a conceptual/practice paper,"Academic publication orientation; deadline and fees not captured; empirical expectations may exceed current talk | Deadline, fees, speaker economics, rights, accessibility, and research-evidence expectations need direct guideline review",https://thelearner.com/2027-conference/call-for-papers
163,3.792,conference/event,DORS/CLUC,DORS/CLUC 2026,"Zagreb, Croatia",in-person,2026-10-29,unknown,,adaptive-systems,Building Adaptive & Dynamic AI Systems,,Regional route inspected; architecture/AI theme is relevant only with a real open-source project.,51.0,70.0,35.7,3.57,5,Overseas before the stated six-month travel window.,2,Standard public proposal or organizer route with no hard requirement found.,2,Recurring program or sponsor/history evidence is visible; no strong comparable audience count was found.,4,"Announced, undated, or route status still needs confirmation.",Noncommercial; employer on one slide only; correctly licensed slides,Exclude unless Dan has an open-source implementation and the organizer confirms the CFP remains open.,CFP status/deadline unverified; travel/lodging not covered; recording is CC BY-SA 4.0; open-source requirement is a barrier for the current fixture-only talk. | CFP deadline/status not visible in retrieved official page; talk needs an explicit open-source implementation angle.,https://2026.dorscluc.org/call-for-speakers/
164,3.828,conference/event,ISLS Annual Meeting / ICLS and CSCL,ISLS Annual Meeting 2027,in-person,in-person,2027-06-12,open,2026-10-09,evidence-learning,"Outsmart Your Lying, Cheating Students",,"Learning-sciences audience fits the thesis, but the route expects a research contribution rather than a ready-made practitioner talk.",67.0,63.0,42.2,3.31,4,"Overseas at or after the stated six-to-nine-month travel window, or an undated future overseas route.",5,"Hard credential, publication, domain, or firsthand-evidence requirement.",2,Recurring program or sponsor/history evidence is visible; no strong comparable audience count was found.,2,Confirmed deadline in 34 days.,Research-form contribution with empirical validation or literature/theory basis; publication-ready final submission,Only pursue if source material can support a conceptual/design contribution with literature and empirical evidence; otherwise skip.,"Paper/publication burden; empirical validation may be required; existing talk alone is insufficient | Location, costs, rights, accessibility, and whether existing talk has enough original scholarship for paper route are unknown.",https://2027.isls.org/icls-2027-call-for-proposals/
165,3.905,conference/event,QCon London,QCon London 2027,"London, United Kingdom",in-person,2027-04-13,invitation-only-with-spontaneous-route,,retrieval,From RAGs to Retrievals,,"2027 tracks include Engineering AI Systems, evals, agent architecture, data platforms, and platform engineering.",79.0,88.0,69.5,2.22,4,"Overseas at or after the stated six-to-nine-month travel window, or an undated future overseas route.",5,"Hard credential, publication, domain, or firsthand-evidence requirement.",1,Little public popularity evidence beyond the event or route itself.,4,"Announced, undated, or route status still needs confirmation.",Public submission path not found,Use the spontaneous route only after verifying form status and strengthening production evidence; do not frame it as an open CFP.,"No formal CFP; usually invitation-only; spontaneous form is low-certainty; production implementation evidence expected | Edition dates, contact route for editorial pitches, selection rules, economics, rights, and accessibility unknown | Spontaneous form fields/status, format, honorarium, rights, and Dan's production credentials | MERGE CONFLICTS/VARIANTS — date_status: unconfirmed | exact; country: United Kingdom | UK; guidelines_url: https://qconlondon.com/faq/apr2025 | https://qconlondon.com/; cfp_status: invitation-only-with-spontaneous-route | invitation-only; eligibility: Usually direct invitation; spontaneous submission form exists; production practitioner evidence strongly favored | Curated speaker program; no public CFP route verified; formats_and_durations: Conference talk; duration unknown | unknown; submission_requirements: Public submission path not found | unknown; verified_at: 2026-09-04T12:00:00-06:00 | 2026-09-04T23:00:00-06:00",https://qconferences.com/third-party-social-media
166,4.035,conference/event,International Conference on AI in Education 2027,ICAIED London 2027,"London, United Kingdom",hybrid,2027-03-19,open,2027-02-05,skeptic-education,A Skeptic's Guide to Surviving AI in Education,evidence-learning,"Exact topic fit across AI literacy, academic integrity, ethics, adaptive learning, and teaching design",68.0,83.0,56.4,2.74,4,"Overseas at or after the stated six-to-nine-month travel window, or an undated future overseas route.",5,"Hard credential, publication, domain, or firsthand-evidence requirement.",1,Little public popularity evidence beyond the event or route itself.,4,Confirmed deadline in 153 days.,200-250-word abstract and 3-5 keywords; double-blind review; optional full paper afterward,"Do not prioritize until organizer legitimacy, fees, and acceptance standards are independently verified","First edition; publication-oriented signals; organizer history not established; talk must not claim empirical validation | Organizer identity/provenance, fee structure, publication terms, rights, accessibility, and track fit beyond broad AI education require verification. | First-edition organizer reputation, committee verification, fees, rights, economics, accessibility, and whether a non-study talk will pass review unknown | MERGE CONFLICTS/VARIANTS — edition_label: ICAIED London 2027 | ICAIED 2027; country: United Kingdom | UK; formats_and_durations: Oral or online presentation; exact duration unknown | Abstract presentation; exact duration not captured; submission_requirements: 200-250-word abstract and 3-5 keywords; double-blind review; optional full paper afterward | 200-250 word abstract and 3-5 keywords; double-blind review; attendance_value: First-edition international AI-in-education audience; attendance unknown | New event; no verified attendance or archive; verified_at: 2026-09-04T12:00:00-06:00 | 2026-09-04T23:00:00-06:00",https://www.icaied.org/call-for-papers
