edition_id,event_id,edition_label,edition_url,start_date,end_date,date_status,city,country,mode,language,cfp_url,guidelines_url,cfp_status,eligibility,formats_and_durations,submission_requirements,compensation,travel_support,speaker_costs,recording_rights,accessibility,attendance_value,attendance_year,verified_at,source_ids,unknowns
ed-evt-pydata-venice-pydata-venice-2026-series,evt-pydata-venice,PyData Venice 2026 series,https://sessionize.com/pydata-venice,2026-08-27,2026-12-17,exact recurring dates,Mestre,Italy,hybrid,Italian; English,https://sessionize.com/pydata-venice,https://sessionize.com/pydata-venice,rolling,Public community call.,,"Technical talk in data science, ML engineering, MLOps/LLMOps or adjacent tooling.",,,,,,,,2026-09-05T00:16:00-06:00,src-failure-improvement-ev-fi-pydata-current;src-parallelization-ev-pa-pydata-current,"Format, economics, rights, accessibility, attendance and exact next available slot unknown."
ed-evt-cloud-native-mumbai-cloud-native-mumbai-2026-rolling-call,evt-cloud-native-mumbai,Cloud Native Mumbai 2026 rolling call,https://sessionize.com/cloud-native-mumbai-city,2026-09-12,,partial,Mumbai,India,hybrid,English,https://sessionize.com/cloud-native-mumbai-city,https://sessionize.com/cloud-native-mumbai-city,rolling,Public regional community call.,,"Proposal aligned to cloud native, SRE, platform or cloud-native AI/ML.",,,,,,,,2026-09-05T00:14:00-06:00,src-failure-improvement-ev-fi-cnm-current;src-parallelization-ev-pa-cnm-current,"Only one next session date was visible; future dates, format, economics, rights, accessibility and attendance unknown."
ed-evt-european-conference-on-ethics-and-integrity-in-academia-eceia-2026-b,evt-european-conference-on-ethics-and-integrity-in-academia,ECEIA 2026 Batumi,https://www.academicintegrity.eu/conference/,2026-09-14,2026-09-16,exact,Batumi,Georgia,in-person,English,https://www.academicintegrity.eu/conference/,https://www.academicintegrity.eu/conference/,closed-or-unknown,Academic-integrity community; exact eligibility not found,,,,,,,,European academic-integrity network,,2026-09-04T12:00:00-06:00,src-evidence-learning-src-enai-2026;src-evidence-learning-src-enai-series,No open speaker route found; current edition is imminent; 2027 edition unconfirmed.
ed-evt-haystack-conference-haystack-europe-2026,evt-haystack-conference,Haystack Europe 2026,https://haystackconf.com/,2026-09-15,2026-09-16,exact,Berlin,Germany,in-person,English,https://haystackconf.com/,https://haystackconf.com/,closed,unknown,45-minute talks visible in program,unknown,unknown,unknown,unknown,unknown,unknown,unknown,,2026-09-04T12:00:00-06:00,src-retrieval-src-haystack-program;src-retrieval-src-haystack-history,"Current CFP unavailable/closed; future edition, economics, rights, accessibility"
ed-evt-tokenomicon-amsterdam-tokenomicon-amsterdam-2026,evt-tokenomicon-amsterdam,Tokenomicon Amsterdam 2026,https://www.tokenomicon.com/amsterdam,2026-09-22,2026-09-23,exact,Amsterdam,Netherlands,in-person,English,,,closed,Unknown; no official CFP rules verified,unknown,unknown,unknown,unknown,unknown,unknown,unknown,unknown,,2026-09-04T12:00:00-06:00,src-free-tier-src-tokenomics-events;src-free-tier-src-finops-tokenomicon-news,Official CFP deadline and rules unavailable; event imminent
ed-evt-educause-annual-conference-educause-annual-2026,evt-educause-annual-conference,EDUCAUSE Annual 2026,https://events.educause.edu/annual-conference/2026,2026-09-29,2026-10-15,exact,Denver and online,United States,hybrid,English,https://events.educause.edu/annual-conference/call-for-proposals,https://events.educause.edu/annual-conference/call-for-proposals,closed,Open community call; corporate presenters need higher-education institutional partner,In-person presentations/workshops and online formats,Track-aligned proposal; registration required; educational corporate content with institutional partner,,Not stated,Presenter registration required,,,Large higher-education technology community; attendance not verified,,2026-09-04T12:00:00-06:00,src-evidence-learning-src-educause-2026,Official page conflicts between online end dates October 15 and October 16; represented here through October 15 only as table-listed date; 2027 edition unknown.
ed-evt-devopsdays-almaty-devopsdays-almaty-2026,evt-devopsdays-almaty,DevOpsDays Almaty 2026,https://devopsdays.org/events/2026-almaty/welcome/,2026-10-16,2026-10-16,exact,Almaty,Kazakhstan,in-person,unknown,https://devopsdays.org/events/2026-almaty/propose/,https://devopsdays.org/events/2026-almaty/propose/,open,unknown,unknown,unknown,unknown,unknown,unknown,unknown,unknown,unknown,,2026-09-04T12:00:00-06:00,src-free-tier-src-dod-global-speaking,Local propose page could not be extracted; deadline comes from official global index; all requirements and economics unknown
ed-evt-issotl-annual-conference-issotl-2026,evt-issotl-annual-conference,ISSOTL 2026,https://issotl.com/issotl26/,2026-10-28,2026-10-31,exact,,,in-person,English,https://issotl.com/issotl26/call-for-proposals/,https://issotl.com/issotl26/call-for-proposals-2/,closed,International SoTL community; no membership rule captured,"Paper, roundtable, workshop, preconference, poster",Anonymized 300-word abstract; 100-word presentation-method statement; 100-word program abstract; up to 10 references; SoTL grounding,,,,,Inclusive and accessible conference pedagogy required,International SoTL network,,2026-09-04T12:00:00-06:00,src-evidence-learning-src-issotl-2026,2027 edition unknown; current talk needs stronger scholarship/research evidence; economics and rights unknown.
ed-evt-dors-cluc-dors-cluc-2026,evt-dors-cluc,DORS/CLUC 2026,https://2026.dorscluc.org/,2026-10-29,2026-10-30,exact,Zagreb,Croatia,in-person,English/Croatian unknown,https://2026.dorscluc.org/call-for-speakers/,https://2026.dorscluc.org/call-for-speakers/,unknown,"Talk must be on open-source hardware, software, policy, or philosophy",,Noncommercial; employer on one slide only; correctly licensed slides,,Organizer cannot cover travel or lodging unless otherwise specified,,Talk recorded and shared CC BY-SA 4.0,,,,2026-09-04T23:30:00-06:00,src-adaptive-systems-ev-dors-current,CFP deadline/status not visible in retrieved official page; talk needs an explicit open-source implementation angle.
ed-evt-devlearn-conference-and-expo-devlearn-2026,evt-devlearn-conference-and-expo,DevLearn 2026,https://www.learningguild.com/devlearn,2026-11-04,2026-11-06,exact,Las Vegas,USA,in-person,English,https://www.learningguild.com/call-for-speakers,https://www.learningguild.com/call-for-speakers,closed,Workplace learning and technology practitioners,Hundreds of sessions and hands-on experiences; exact CFP formats not captured,Educational/non-promotional proposal; 2026 call closed,unknown,unknown,Historical Guild terms often provide one primary-speaker registration; 2026 terms not confirmed,unknown,unknown,Thousands of learning professionals; large workplace-learning technology event,2026,2026-09-04T23:00:00-06:00,src-skeptic-education-ev-052;src-skeptic-education-ev-053,"2026 economics, rights, accessibility, and dates for next CFP unknown; 2026 call closed"
ed-evt-kubecon-cloudnativecon-north-america-kubecon-cloudnativecon-north-am,evt-kubecon-cloudnativecon-north-america,KubeCon + CloudNativeCon North America 2026,https://events.linuxfoundation.org/kubecon-cloudnativecon-north-america/,2026-11-09,2026-11-12,exact,Salt Lake City,USA,in-person,English,https://events.linuxfoundation.org/kubecon-cloudnativecon-north-america/program/cfp/,https://events.linuxfoundation.org/kubecon-cloudnativecon-north-america/program/cfp/,closed,Maximum three submissions; repeat LF talk differences required,unknown,unknown,unknown,unknown,unknown,Breakout and keynote recordings made public,unknown,unknown,,2026-09-04T12:00:00-06:00,src-free-tier-src-kubecon-na-cfp;src-free-tier-src-kubecon-na-faq,Monitor next cycle; 2026 is closed
ed-evt-isaqb-software-architecture-gathering-isaqb-software-architecture-ga,evt-isaqb-software-architecture-gathering,iSAQB Software Architecture Gathering 2026,https://www.software-architecture-gathering.com/,2026-11-16,2026-11-19,exact,Berlin,Germany,in-person,English,https://www.software-architecture-gathering.com/call-for-papers/,https://www.software-architecture-gathering.com/call-for-papers/,closed,Public CFP,45-minute session/keynote including Q&A; six-hour workshop,,,,,,,,,2026-09-04T23:30:00-06:00,src-adaptive-systems-ev-sag-current,"Closed June 9; monitor next cycle. Economics, rights, accessibility, and attendance unknown."
ed-evt-qcon-san-francisco-qcon-san-francisco-2026,evt-qcon-san-francisco,QCon San Francisco 2026,https://qconsf.com/,2026-11-16,2026-11-20,exact,San Francisco,USA,in-person,English,https://qconferences.com/third-party-social-media,https://qconferences.com/third-party-social-media,invitation-only-with-spontaneous-route,Usually direct invitation; spontaneous submission route exists,unknown,unknown,unknown,unknown,unknown,unknown,unknown,80+ confirmed speakers claimed,2026,2026-09-04T12:00:00-06:00,src-retrieval-src-qcon-sf;src-retrieval-src-qcon-selection,"Program appears effectively complete; form status, speaker economics, rights, and travel"
ed-evt-text-retrieval-conference-trec-2026,evt-text-retrieval-conference,TREC 2026,https://trec.nist.gov/,2026-11-16,2026-11-18,exact,Gaithersburg,USA,in-person,English,https://trec.nist.gov/cfp.html,https://trec.nist.gov/cfp.html,open-research-participation,Organization must register and participate in evaluation tracks; results subject to dissemination agreement,Participants present results in poster session; some selected for plenary talks,Run track experiments and report results; not an ordinary speaker CFP,unknown,unknown,unknown,unknown,unknown,unknown,,2026-09-04T12:00:00-06:00,src-retrieval-src-trec-home;src-retrieval-src-trec-cfp,"Anticipated timeline is TBA; Dan's organization, research capacity, travel, and conference registration"
ed-evt-global-ai-community-seattle-global-ai-community-seattle-2026-2027-se,evt-global-ai-community-seattle,Global AI Community Seattle 2026-2027 series,https://sessionize.com/global-ai-community-seattle/,2026-11-18,2027-08-18,exact recurring dates,Seattle / Bellevue,United States,in-person,English,https://sessionize.com/global-ai-community-seattle/,https://sessionize.com/global-ai-community-seattle/,rolling,Public rolling call for multiple announced meetup dates.,Talks; demos; panels; workshops; durations not stated,"Proposal aligned to agents, infrastructure, MLOps/platform or developer tooling.",,,Free community event.,,,,,2026-09-05T00:12:00-06:00,src-failure-improvement-ev-fi-gaic-current;src-parallelization-ev-pa-gaic-current,"Exact venue by date, durations, economics, rights, accessibility, attendance and multiple-submission rules unknown."
ed-evt-pod-network-annual-conference-pod-network-2026-annual-conference,evt-pod-network-annual-conference,POD Network 2026 Annual Conference,https://podnetwork.org/annual-conference/baltimore-2026-draft/call-for-proposals/,2026-11-18,2026-11-20,exact,Baltimore,United States,in-person,English,https://podnetwork.org/annual-conference/baltimore-2026-draft/call-for-proposals/,https://podnetwork.org/content/uploads/POD26-Call-for-Proposals-Updated_4.2026.pdf,closed,Educational-development professionals; detailed membership rules in PDF not fully extracted,"Interactive, research, poster, workshop, committee/SIG formats",Evidence-based actionable educational-development proposal,unknown,unknown,unknown,unknown,unknown,Educational developers and faculty-support professionals,2026,2026-09-04T12:00:00-06:00,src-evidence-learning-src-pod-2026;src-skeptic-education-ev-048;src-skeptic-education-ev-049,"2027 edition and CFP not yet confirmed; economics, rights, and accessibility unknown. | CFP closed; speaker economics, rights, accessibility, and Dan's educational-developer affiliation unknown | MERGE CONFLICTS/VARIANTS — edition_label: POD Network 2026 Annual Conference | POD Network 2026; edition_url: https://podnetwork.org/annual-conference/baltimore-2026-draft/call-for-proposals/ | https://podnetwork.org/annual-conference/baltimore-2026-draft/; country: United States | USA; eligibility: Educational-development professionals; detailed membership rules in PDF not fully extracted | Educational-development community; exact membership rule not captured; formats_and_durations: Interactive, research, poster, workshop, committee/SIG formats | Multiple conference formats; exact durations not captured; submission_requirements: Evidence-based actionable educational-development proposal | Detailed 22-page proposal rules; proposal window closed; attendance_value: Educational developers and faculty-support professionals | Established specialist faculty-development network; verified_at: 2026-09-04T12:00:00-06:00 | 2026-09-04T23:00:00-06:00"
ed-evt-devopsdays-tel-aviv-devopsdays-tel-aviv-2026,evt-devopsdays-tel-aviv,DevOpsDays Tel Aviv 2026,https://devopsdays.org/events/2026-tel-aviv/welcome/,2026-12-22,2026-12-22,exact,Tel Aviv,Israel,in-person,unknown,https://devopsdays.org/events/2026-tel-aviv/propose/,https://devopsdays.org/events/2026-tel-aviv/propose/,conflicting-official-pages,Direct speaker involvement required; no third-party or vendor pitches,30-minute talk; 5-minute Ignite; Open Space,"Email type, title, and description",unknown,unknown,unknown,unknown,unknown,unknown,,2026-09-04T12:00:00-06:00,src-free-tier-src-dod-telaviv-propose;src-free-tier-src-dod-global-speaking,"Local page says CFP TBD while global index says open with 2026-09-25 deadline; language, safety/travel, economics, rights unknown"
ed-evt-finops-foundation-virtual-summit-finops-foundation-virtual-summit-me,evt-finops-foundation-virtual-summit,FinOps Foundation virtual summit member presentation,https://www.finops.org/membership/,2027,,,unknown,,online,English,https://www.finops.org/membership/,https://www.finops.org/membership/,paid-placement,"Premier member benefit, not editorial CFP",unknown,Purchase qualifying membership,unknown,unknown,Premier membership starts at a publicly listed high annual price tier,unknown,unknown,"Foundation page describes approximately 1,500+ summit attendees",2026,2026-09-04T12:00:00-06:00,src-free-tier-src-finops-paid-placement,Exact 2027 summit date and presentation terms; excluded from editorial queue
ed-evt-ces-ces-2027,evt-ces,CES 2027,https://www.ces.tech/,2027-01-06,2027-01-09,exact,Las Vegas,United States,in-person,English,https://www.ces.tech/cfs,https://www.ces.tech/cfs,open,"Tech experts at all career stages; selection favors actionable objectives, unique trend perspective and visible influence.",Format/duration not stated on public call.,Speaker application; independent editorial selection. Sponsored opportunities are separate.,No payment; complimentary CES pass.,CES does not pay travel or hotel.,Complimentary pass.,,,,,2026-09-04T21:35:00-06:00,src-judgment-ev-ju-ces-current;src-judgment-ev-ju-ces-dates;src-judgment-ev-ju-ces-past1;src-judgment-ev-ju-ces-past2;src-product-engineering-ev-pe-ces-current;src-product-engineering-ev-pe-ces-dates;src-product-engineering-ev-pe-ces-past1;src-product-engineering-ev-pe-ces-past2,"Format, recording rights, accessibility, selection timing and Dan's evidence of influence unknown."
ed-evt-sparking-success-faculty-development-conference-sparking-success-202,evt-sparking-success-faculty-development-conference,Sparking Success 2027,https://celt.tulane.edu/sparking-success,2027-01-06,2027-01-07,exact,New Orleans,United States,in-person,English,https://celt.tulane.edu/sparking-success,https://celt.tulane.edu/sparking-success,open,Faculty of all disciplines and experience levels; external eligibility not explicit,Breakout session or poster; durations not stated,Application route linked; detailed fields not captured,,,,,,University faculty-development audience,,2026-09-04T12:00:00-06:00,src-evidence-learning-src-tulane-2027,"Deadline year is inferred from the 2026-27 page context; external eligibility, economics, rights, accessibility, and format duration unknown."
ed-evt-lilly-conference-san-diego-lilly-san-diego-2027,evt-lilly-conference-san-diego,Lilly San Diego 2027,https://www.lillyconferences.com/,2027-01-07,2027-01-09,exact,San Diego,United States,in-person,English,https://www.lillyconferences-ca.com/,https://www.lillyconferences-ca.com/,open,Higher-education teaching-and-learning contributors; exact presenter credential rules not found,Exact 2027 session formats/durations not found in accessible page,Blind peer review; expected scholarly/evidence-based teaching contribution,unknown,unknown,Registration and travel obligations not found,unknown,unknown,Series reports 125+ colleges/universities and 30+ states per conference,2026,2026-09-04T12:00:00-06:00,src-evidence-learning-src-lilly-series;src-skeptic-education-ev-005;src-skeptic-education-ev-006,"Deadline is verified but submission requirements, formats, economics, rights, accessibility, and two specific past-session examples remain unknown. | CFP form URL, session durations, fees, travel, rights, accessibility, and Dan's institutional affiliation are unknown | MERGE CONFLICTS/VARIANTS — country: United States | USA; cfp_url: https://www.lillyconferences-ca.com/ | https://www.lillyconferences.com/; guidelines_url: https://www.lillyconferences-ca.com/ | https://www.lillyconferences.com/; eligibility: Higher-education teaching-and-learning contributors; exact presenter credential rules not found | Faculty, administrators, and graduate students are invited; exact eligibility not captured; formats_and_durations: Exact 2027 session formats/durations not found in accessible page | Formats not captured from reviewed page; attendance_value: Series reports 125+ colleges/universities and 30+ states per conference | Teaching for Active & Engaged Learning in the Age of AI; attendance_year: 2026 | 2027; verified_at: 2026-09-04T12:00:00-06:00 | 2026-09-04T23:00:00-06:00"
ed-evt-arc-software-architecture-and-engineering-conference-arc-2027,evt-arc-software-architecture-and-engineering-conference,ARC 2027,https://futurewitharc.com/,2027-01-12,2027-01-14,exact,Abu Dhabi,United Arab Emirates,in-person,English,https://futurewitharc.com/,https://futurewitharc.com/,open-undated,Public Apply to Speak control; program describes practitioners running real systems and no recycled slides.,Format/duration not stated.,Application details not exposed in captured page.,unknown,unknown,unknown,unknown,unknown,unknown,,2026-09-04T22:30:00-06:00,src-adaptive-systems-ev-arc-current;src-judgment-ev-ju-arc-current;src-product-engineering-ev-pe-arc-current;src-retrieval-src-arc-home,"A live speaker-interest form is not enough to prove a formal CFP is open; deadline, durations, economics, rights, accessibility, attendance, and prior history unknown. | New event; no history. Deadline, economics, rights, accessibility, attendance and Dan's real-production-case eligibility unknown. | Application deadline, formats, economics, rights, accessibility, and Dan's practitioner evidence | MERGE CONFLICTS/VARIANTS — country: United Arab Emirates | UAE; cfp_url: https://futurewitharc.com/ | https://futurewitharc.com/apply-to-speak/; guidelines_url: https://futurewitharc.com/ | https://futurewitharc.com/apply-to-speak/; cfp_status: open-undated | unknown | open; eligibility: Public Apply to Speak control; program describes practitioners running real systems and no recycled slides. | Form prioritizes practitioners with real-world engineering experience, production systems, and technical depth | Every speaker described as a practitioner; peer review and real-system ownership emphasized; formats_and_durations: Format/duration not stated. | unknown; submission_requirements: Application details not exposed in captured page. | Interest form asks name, job title, company, work email, LinkedIn, talk title, speaking history, optional videos, and theme alignment | unknown; verified_at: 2026-09-04T22:30:00-06:00 | 2026-09-04T23:30:00-06:00 | 2026-09-04T12:00:00-06:00"
ed-evt-hi-ai-hi-ai-2027,evt-hi-ai,Hi AI! 2027,https://www.ltcillinois.org/hiai/,2027-01-14,2027-01-15,exact,,,virtual,English,https://www.ltcillinois.org/hiai/rfp/,https://www.ltcillinois.org/hiai/rfp/,open,"K-12 educators, administrators, technology leaders, and innovators","50-minute presentation, demo/hands-on activity, or panel",Title max 10 words; description max 350 words; target audience; actionable learning objectives,unknown,none,unknown,unknown,unknown,Focused statewide K-12 AI audience; attendance not published,,2026-09-04T23:00:00-06:00,src-skeptic-education-ev-012;src-skeptic-education-ev-013,"Speaker cost, compensation, rights, accessibility, and whether an out-of-state non-school practitioner is competitive remain unknown"
ed-evt-bett-uk-bett-uk-2027,evt-bett-uk,Bett UK 2027,https://uk.bettshow.com/,2027-01-20,2027-01-22,exact,London,UK,in-person,English,https://uk.bettshow.com/call-for-speakers,https://uk.bettshow.com/call-for-speakers,rolling,"Teacher, practitioner, policy, researcher, or non-commercial expert; evidence-based non-promotional content",30-minute session; 45-minute workshop; panels/firesides; clinics/labs; roundtables,"Bio max 150 words, headshot, title, description, three takeaways, target audience; speaking links optional",unknown,unknown,unknown,unknown,Accessibility needs may be supplied in submission,"Organizer reports 37,000+ attendees, 400+ speakers, 130+ countries",2026,2026-09-04T23:00:00-06:00,src-skeptic-education-ev-015;src-skeptic-education-ev-016;src-skeptic-education-ev-067;src-skeptic-education-ev-068,"First-look deadline passed; reserve-list status and selection timing unclear; economics, rights, and Dan's job title/organization unknown"
ed-evt-chea-annual-conference-chea-2027-annual-conference,evt-chea-annual-conference,CHEA 2027 Annual Conference,https://www.chea.org/chea-2027-annual-conference-call-proposals,2027-01-25,2027-01-28,exact,"Washington, DC",United States,in-person,English,https://www.chea.org/chea-2027-annual-conference-call-proposals,https://www.chea.org/chea-2027-annual-conference-call-proposals,open,"Open to all; talk must relate to accreditation, quality assurance, or student success",60-minute plenary or concurrent sessions; concurrent allows one or two presenters,Official proposal form; quality assurance/accreditation/student-success relevance; varied perspectives; no commercial advertising,unknown,unknown,unknown,unknown,unknown,"Accreditors, faculty, policymakers, leaders, and international colleagues",2027,2026-09-04T12:00:00-06:00,src-evidence-learning-src-chea-cfp;src-evidence-learning-src-chea-2026;src-skeptic-education-ev-008;src-skeptic-education-ev-009,"A co-presenter may be needed to satisfy the preference for varied perspectives; economics, rights, accessibility, and registration terms unknown. | Registration, compensation, travel, rights, accessibility, notification date, and Dan's quality-assurance credentials are unknown | MERGE CONFLICTS/VARIANTS — edition_url: https://www.chea.org/chea-2027-annual-conference-call-proposals | https://www.chea.org/chea-2027-annual-conference; city: Washington, DC | Washington DC; country: United States | USA; eligibility: Open to all; talk must relate to accreditation, quality assurance, or student success | Call open to all; concurrent sessions require one or two presenters; formats_and_durations: 60-minute plenary or concurrent sessions; concurrent allows one or two presenters | 60-minute plenary or concurrent session including participation/Q&A; submission_requirements: Official proposal form; quality assurance/accreditation/student-success relevance; varied perspectives; no commercial advertising | Official form; noncommercial; varied perspectives; proposal must tie AI/evidence of learning to quality assurance; attendance_value: Accreditors, faculty, policymakers, leaders, and international colleagues | National and international accreditation/quality audience; verified_at: 2026-09-04T12:00:00-06:00 | 2026-09-04T23:00:00-06:00"
ed-evt-ndc-london-ndc-london-2027,evt-ndc-london,NDC London 2027,https://ndclondon.com/,2027-01-25,2027-01-29,exact,London,United Kingdom,in-person,English,https://ndclondon.com/call-for-papers,https://ndclondon.com/call-for-papers,closed,Public CFP; organizers encourage limiting submissions to 3-4,60-minute regular; 10-15-minute lightning; 60-120-minute workshop; two-day preconference workshop,Organizer asks submitters to limit portfolio to three or four proposals,unknown,unknown,unknown,unknown,unknown,unknown,,2026-09-04T12:00:00-06:00,src-adaptive-systems-ev-ndc-current;src-benchmarks-ev-ndc;src-free-tier-src-ndc-london-cfp;src-retrieval-src-ndc-london-cfp,"Closed before run date; economics, rights, accessibility, and attendance unknown. | Speaker economics, rights, accessibility, and next-cycle timing unknown | Closed 2026-08-30; future cycle and economics unknown; regular talk needs expansion | Closed before run date; future cycle and economics unknown | MERGE CONFLICTS/VARIANTS — date_status: exact | confirmed; country: United Kingdom | UK; eligibility: Public CFP; organizers encourage limiting submissions to 3-4 | Public CFP; prior speaking links requested if available | Public CFP; limit portfolio to 3–4 strongest talks; formats_and_durations: 60-minute regular; 10-15-minute lightning; 60-120-minute workshop; two-day preconference workshop | 60-minute regular; 10-15 minute lightning; workshops | 60-minute regular; 10-15-minute lightning; 60-120-minute workshop; 2-day preconference | 60-minute regular; 10–15-minute lightning; 60–120-minute workshop; two-day preconference; submission_requirements: Organizer asks submitters to limit portfolio to three or four proposals | Public CFP closed before research run | Previous talk links requested when available | Previous speaking links requested when available; verified_at: 2026-09-04T12:00:00-06:00 | 2026-09-04T23:30:00-06:00 | 2026-09-04T23:00:00-06:00"
ed-evt-oop-conference-oop-2027,evt-oop-conference,OOP 2027,https://www.oop-konferenz.de/de,2027-02-02,2027-02-05,exact,Munich,Germany,in-person,German/English; per-session policy unknown,https://www.oop-konferenz.de/de,https://www.oop-konferenz.de/de/programm/tracks,closed,,Talk/workshop formats not captured,,,,,,,120,2027,2026-09-04T23:30:00-06:00,src-adaptive-systems-ev-oop-current,"Closed before run date; economics, rights, and accessibility unknown."
ed-evt-upcea-digital-teaching-and-learning-conference-2027-upcea-digital-te,evt-upcea-digital-teaching-and-learning-conference,2027 UPCEA Digital Teaching & Learning Conference,https://conferences.upcea.edu/DTL2027/,2027-02-03,2027-02-04,exact,,,virtual,English,https://conferences.upcea.edu/DTL2027/proposals.html,https://conferences.upcea.edu/DTL2027/proposals.html,open,Presenter must be a current UPCEA institutional or corporate member; corporate members require an institutional-member co-presenter; significant online-learning experience expected,50-minute concurrent; 60-minute workshop; 10-minute lightning; 3-5-minute asynchronous poster,All speakers named; complete contact details; outcomes; engagement plan; level; evidence or reflective practice,Not stated,Not applicable for virtual delivery,Presenters responsible for registration and other expenses; free for institutional members; limited scholarships for eligible nonmembers,Organizers may edit title/description; digital materials collected,Virtual format described as reducing travel/cost barriers,"Instructional designers, faculty, researchers, and digital-learning leaders",2026,2026-09-04T12:00:00-06:00,src-evidence-learning-src-dtl-cfp;src-evidence-learning-src-dtl-2026-program;src-skeptic-education-ev-003;src-skeptic-education-ev-004;src-skeptic-education-ev-063;src-skeptic-education-ev-064,"Dan's UPCEA membership/affiliation and eligible co-presenter status are unknown; exact deadline time and registration price are not stated. | Dan's UPCEA membership, institutional affiliation, and professional-experience evidence are unknown; nonmember price and recording license not stated | MERGE CONFLICTS/VARIANTS — edition_label: 2027 UPCEA Digital Teaching & Learning Conference | DT&L 2027; eligibility: Presenter must be a current UPCEA institutional or corporate member; corporate members require an institutional-member co-presenter; significant online-learning experience expected | Presenters must be current UPCEA institutional or corporate members; corporate members need an institutional-member co-presenter; formats_and_durations: 50-minute concurrent; 60-minute workshop; 10-minute lightning; 3-5-minute asynchronous poster | 10-minute lightning; 50-minute concurrent; 60-minute workshop/general; submission_requirements: All speakers named; complete contact details; outcomes; engagement plan; level; evidence or reflective practice | All speakers named; learning goals; engagement plan; level; evaluation data or established models valued; compensation: Not stated | unknown; travel_support: Not applicable for virtual delivery | none; speaker_costs: Presenters responsible for registration and other expenses; free for institutional members; limited scholarships for eligible nonmembers | Presenter pays registration and related expenses; recording_rights: Organizers may edit title/description; digital materials collected | unknown; attendance_value: Instructional designers, faculty, researchers, and digital-learning leaders | Long-running predecessor conference; recordings of most 2026 sessions; verified_at: 2026-09-04T12:00:00-06:00 | 2026-09-04T23:00:00-06:00"
ed-evt-tokenomicon-london-tokenomicon-london-2027,evt-tokenomicon-london,Tokenomicon London 2027,https://www.tokeneconomics.com/,2027-02-08,2027-02-09,exact,London,UK,in-person,English,,,announced-not-open,unknown,unknown,unknown,unknown,unknown,unknown,unknown,unknown,unknown,,2026-09-04T12:00:00-06:00,src-free-tier-src-tokenomics-events;src-free-tier-src-finops-tokenomicon-news,"CFP/equivalent route, requirements, formats, economics, rights, accessibility, and travel"
ed-evt-ai-agent-event-ai-agent-event-2027,evt-ai-agent-event,AI Agent Event 2027,https://www.aiagentevent.com/east/,2027-02-09,2027-02-11,exact,Fort Lauderdale,United States,in-person,English,https://www.aiagentevent.com/east/call-for-speakers.aspx,https://www.aiagentevent.com/east/call-for-speakers.aspx,open,"Enterprise practitioners, AI developers, innovators, researchers, solution providers, and leaders with real-world agent experience","Case study, technical session, workshop, or panel; duration not stated","Educational, noncommercial, non-self-promotional; headshot and bio; claims new concepts unavailable elsewhere","Complimentary all-access speaker pass stated as USD 1,799 value",unknown,No mandatory registration stated for selected speakers,unknown,unknown,"Pass advertised at USD 1,799 value",2027,2026-09-04T12:00:00-06:00,src-adaptive-systems-ev-aiae-current;src-adaptive-systems-ev-aiae-past1;src-adaptive-systems-ev-aiae-past2;src-benchmarks-ev-aiae-current;src-benchmarks-ev-aiae-past;src-retrieval-src-ai-agent-cfp;src-retrieval-src-ai-agent-home,"Travel/hotel, honorarium, accessibility, recording rights, session duration, and meaning/enforceability of novelty clause unknown. | Deadline time zone, travel, compensation, rights, accessibility, and exact durations unknown | Deadline year inferred from 2027 page context; talk duration, travel, honorarium, rights, accessibility, and Dan's qualifying deployment experience | MERGE CONFLICTS/VARIANTS — date_status: exact | confirmed; country: United States | USA; eligibility: Enterprise practitioners, AI developers, innovators, researchers, solution providers, and leaders with real-world agent experience | Editorial, non-commercial material; novel concepts clause | Seeks enterprise practitioners, developers, researchers, providers, and leaders with real deployment experience; formats_and_durations: Case study, technical session, workshop, or panel; duration not stated | Case study; technical session; workshop; panel; durations unknown | unknown; submission_requirements: Educational, noncommercial, non-self-promotional; headshot and bio; claims new concepts unavailable elsewhere | Title, abstract, biography, and committee review | Headshot, full bio, title, and description; strict no-commercialism policy; compensation: Complimentary all-access speaker pass stated as USD 1,799 value | Complimentary all-access pass | unknown; speaker_costs: No mandatory registration stated for selected speakers | No pay-to-speak found | Complimentary all-access speaker pass; attendance_value: Pass advertised at USD 1,799 value | 1000 | Organizer claims 1,000 attendees; verified_at: 2026-09-04T12:00:00-06:00 | 2026-09-04T23:30:00-06:00 | 2026-09-04T23:00:00-06:00"
ed-evt-developerweek-developerweek-2027,evt-developerweek,DeveloperWeek 2027,https://www.developerweek.com/,2027-02-09,2027-02-11,exact,Santa Clara,United States,in-person,English,https://www.developerweek.com/speakers/apply-to-speak/,https://www.developerweek.com/speakers/apply-to-speak/,open,Public call; practitioner and technical proposals across four co-located programs.,Duration not stated on extracted CFP page,"Speaker application with topic, abstract and profile.",unknown,unknown,unknown,unknown,unknown,3000 onsite and 6000 community members advertised for 2027,2027,2026-09-04T12:00:00-06:00,src-failure-improvement-ev-fi-devweek-current;src-failure-improvement-ev-fi-devweek-past1;src-failure-improvement-ev-fi-devweek-past2;src-free-tier-src-developerweek-cfp;src-free-tier-src-developerweek-about;src-parallelization-ev-pa-devweek-current;src-parallelization-ev-pa-devweek-past1;src-parallelization-ev-pa-devweek-past2;src-retrieval-src-developerweek-cfp;src-retrieval-src-developerweek-about,"Format, economics, rights, accessibility, multiple-submission and exclusivity rules unknown; attendance is organizer projection, not audited actual. | Exact session duration, presenter pass, travel, honorarium, rights, accessibility, and Dan's travel availability | Exact duration, presenter pass, travel, honorarium, rights, accessibility, and travel availability | MERGE CONFLICTS/VARIANTS — country: United States | USA; guidelines_url: https://www.developerweek.com/speakers/apply-to-speak/ | https://www.developerweek.com/tracks/; eligibility: Public call; practitioner and technical proposals across four co-located programs. | All speakers must use the public call; biography and affiliation details otherwise unknown | All speakers must use the public call; formats_and_durations: Duration not stated on extracted CFP page | Exact current session duration not found.; submission_requirements: Speaker application with topic, abstract and profile. | Complete all proposal fields and select one of four conference worlds | Complete all fields and select one of four conference worlds; attendance_value: 3000 onsite and 6000 community members advertised for 2027 | 5,000+ annual participants claimed; 2,500 onsite and 2,500 virtual described on About page | 5,000+ annual participants claimed; verified_at: 2026-09-04T12:00:00-06:00 | 2026-09-04T23:58:00-06:00"
ed-evt-productworld-productworld-2027,evt-productworld,ProductWorld 2027,https://productworld.co/,2027-02-09,2027-02-11,exact,Santa Clara,United States,in-person,English,https://sessionize.com/productworld-2027/,https://productworld.co/speakers/apply-to-speak/,open,Public CFP; all speakers must use the official process.,Session duration not exposed publicly.,Complete proposal fields and select ProductWorld; live participation required.,Speaker PRO pass plus one guest PRO pass.,,Free for speakers.,,,3000+ attendees from 115+ countries advertised for the co-located event,2027,2026-09-04T21:00:00-06:00,src-judgment-ev-ju-pw-current;src-judgment-ev-ju-pw-past1;src-judgment-ev-ju-pw-past2;src-product-engineering-ev-pe-pw-current;src-product-engineering-ev-pe-pw-past1;src-product-engineering-ev-pe-pw-past2,"Duration, travel/hotel, payment, rights and accessibility unknown."
ed-evt-ai-festival-ai-festival-2027,evt-ai-festival,AI Festival 2027,https://en.aifestival.it/,2027-02-11,2027-02-12,exact,Milan,Italy,in-person,,https://en.aifestival.it/call/speaker/,https://en.aifestival.it/call/speaker/,open,"Public form asks company, job title, level, speech type and topic.",Speech types selectable in form; durations not public.,"Title, description, professional details and future-challenge category.",,,,,,10000+ attendees and 200+ speakers reported for 2026,2026,2026-09-04T21:30:00-06:00,src-judgment-ev-ju-aif-current;src-judgment-ev-ju-aif-past1;src-judgment-ev-ju-aif-past2;src-product-engineering-ev-pe-aif-current;src-product-engineering-ev-pe-aif-past1;src-product-engineering-ev-pe-aif-past2,"Language, economics, rights, accessibility and exact format unknown."
ed-evt-aste-educational-technology-conference-aste-2027,evt-aste-educational-technology-conference,ASTE 2027,https://www.aste.org/conference/,2027-02-13,2027-02-15,exact,Anchorage,USA,in-person,English,https://cfp.sched.com/,https://www.aste.org/conference/,open,Anyone supporting technology in Alaskan schools is listed; non-Alaska eligibility not expressly barred,Session duration and detailed formats not found on public page,Rolling review across six strands; practical classroom/school/district takeaways emphasized,unknown,unknown,unknown,unknown,Site includes an accessibility statement but event-specific accommodations not reviewed,Statewide regional reach; 45-year history claim,2027,2026-09-04T23:00:00-06:00,src-skeptic-education-ev-014,"Non-Alaska eligibility, proposal details, speaker economics, rights, and Dan's K-12 credentials are unknown"
ed-evt-aaai-conference-on-artificial-intelligence-aaai-27,evt-aaai-conference-on-artificial-intelligence,AAAI-27,https://aaai.org/conference/aaai/aaai-27/,2027-02-16,2027-02-23,confirmed,Montreal,Canada,in-person,English,https://aaai.org/conference/aaai/aaai-27/main-technical-track-call/,https://aaai.org/conference/aaai/aaai-27/main-technical-track-call/,open,Original peer-reviewed research paper required,Paper presentation,Technical paper with novelty and peer review,,,,,,,,2026-09-04T23:00:00-06:00,src-benchmarks-ev-aaai,Excluded: supplied talk makes no academic-research novelty claim; registration and publication terms not assessed
ed-evt-think-ai-summit-think-ai-summit-2027,evt-think-ai-summit,Think!AI Summit 2027,https://www.pghtech.org/events/ThinkAI2027-Call-for-Speakers,2027-02-18,2027-02-18,confirmed,Pittsburgh,United States,in-person,English,https://www.pghtech.org/events/ThinkAI2027-Call-for-Speakers,https://www.pghtech.org/events/ThinkAI2027-Call-for-Speakers,announced-not-open,Real-world implementation required; practitioners prioritized; regional voices encouraged,15-minute Tech Talk,"Specific implementation, outcomes, lessons, and transferable takeaways; no sales pitches or live demos",,,,,,,,2026-09-04T23:00:00-06:00,src-adaptive-systems-ev-thinkai-current;src-benchmarks-ev-thinkai,"Dan's actual production case-study basis and regional connection unknown; submission form not yet open; economics, rights, accessibility, and attendance unknown. | Opening date, economics, rights, accessibility, and whether supplied examples satisfy experience bar unknown | MERGE CONFLICTS/VARIANTS — date_status: confirmed | exact; eligibility: Real-world implementation required; practitioners prioritized; regional voices encouraged | Actual implementation, outcomes, and lessons required; submission_requirements: Specific implementation, outcomes, lessons, and transferable takeaways; no sales pitches or live demos | Abstract; no live demos or product pitches; verified_at: 2026-09-04T23:00:00-06:00 | 2026-09-04T23:30:00-06:00"
ed-evt-training-conference-and-expo-training-2027-conference-and-expo,evt-training-conference-and-expo,Training 2027 Conference and Expo,https://www.trainingconference.com/2027/,2027-02-22,2027-02-24,exact,Orlando,USA,in-person,English,https://www.trainingconference.com/2027/faqs.cfm,https://www.trainingconference.com/2027/faqs.cfm,closed,Workplace learning/training practitioner relevance expected,"Breakouts, micro-sessions, labs, hands-on clinics; exact presenter durations not captured",2027 call closed mid-June 2026,unknown,unknown,unknown,Sessions are not recorded; attendee image may be used in promotional media,unknown,"Organizer reports 2,000+ attendees and 150+ speakers for 2026",2026,2026-09-04T23:00:00-06:00,src-skeptic-education-ev-050;src-skeptic-education-ev-051,"Speaker benefits, travel, registration cost, submission requirements, and Dan's workplace-L&D record unknown; CFP closed"
ed-evt-productcon-productcon-london-2027,evt-productcon,ProductCon London 2027,https://productschool.com/productcon,2027-02-23,2027-02-23,exact,London,United Kingdom,hybrid,English,,https://productschool.com/productcon,no-public-route-found,Speakers presented as senior product executives; no public editorial application verified.,Single-day conference; duration not stated.,,,,,Sessions distributed online; rights unknown.,,45000+ across circuit claimed using ProductCon New York 2025 stats,2025,2026-09-04T22:05:00-06:00,src-judgment-ev-ju-pcon-current;src-judgment-ev-ju-pcon-past1;src-judgment-ev-ju-pcon-past2;src-product-engineering-ev-pe-pcon-current;src-product-engineering-ev-pe-pcon-past1;src-product-engineering-ev-pe-pcon-past2,"Speaker route, economics, rights, accessibility and edition-specific attendance unknown."
ed-evt-platformcon-live-day-san-francisco-platformcon-live-day-san-francisc,evt-platformcon-live-day-san-francisco,PlatformCon Live Day San Francisco 2027,https://sanfrancisco.platformcon.com/,2027-02-24,2027-02-24,exact,San Francisco,United States,in-person,English,https://sessionize.com/platformcon-live-day-san-francisco/,https://sanfrancisco.platformcon.com/cfp,open,"Practitioner-only; proposals should describe real implementations, named organizations and outcomes; multiple proposals allowed.",25-minute talk,Case-study proposal with concrete implementation and outcomes.,No honorarium stated.,No travel expenses covered.,unknown,unknown,unknown,300+ advertised,2027,2026-09-04T12:00:00-06:00,src-failure-improvement-ev-fi-platform-current;src-failure-improvement-ev-fi-platform-official-conflict;src-failure-improvement-ev-fi-platform-past1;src-failure-improvement-ev-fi-platform-past2;src-free-tier-src-platformcon-sf;src-parallelization-ev-pa-platform-current;src-parallelization-ev-pa-platform-official-conflict;src-parallelization-ev-pa-platform-past1;src-parallelization-ev-pa-platform-past2;src-retrieval-src-platformcon-sf-cfp;src-retrieval-src-platformcon-context;src-retrieval-src-platformcon-evals,"Dan's ability to name an organization and evidence outcomes is unknown and may be a hard barrier. Rights and accessibility unknown. Official pages conflict on deadline time/timezone. | CFP form/status/deadline, formats, economics, rights; page has a CFP label but that alone does not prove open | Deadline says 12:59 PM EST despite San Francisco venue; speaker economics, rights, accessibility, and travel unknown | MERGE CONFLICTS/VARIANTS — edition_label: PlatformCon Live Day San Francisco 2027 | PlatformCon San Francisco 2027; end_date: 2027-02-24 | 2027-02-25; country: United States | USA; cfp_url: https://sessionize.com/platformcon-live-day-san-francisco/ | https://sanfrancisco.platformcon.com/ | https://sanfrancisco.platformcon.com/cfp; guidelines_url: https://sanfrancisco.platformcon.com/cfp | https://sanfrancisco.platformcon.com/; cfp_status: open | unknown; eligibility: Practitioner-only; proposals should describe real implementations, named organizations and outcomes; multiple proposals allowed. | unknown; formats_and_durations: 25-minute talk | unknown; submission_requirements: Case-study proposal with concrete implementation and outcomes. | unknown | Practical enterprise platform story; further form fields not extracted; compensation: No honorarium stated. | unknown; travel_support: No travel expenses covered. | unknown; attendance_value: 300+ advertised | 300+ displayed on event page without a fully extracted unit | 300 practitioners claimed; verified_at: 2026-09-04T12:00:00-06:00 | 2026-09-05T00:05:00-06:00"
ed-evt-agenticcon-agenticcon-2027,evt-agenticcon,AgenticCon 2027,https://agenticcon.com/,2027-02-25,2027-02-25,exact,San Francisco,USA,in-person,English,https://agenticcon.com/cfp,https://agenticcon.com/cfp,open,unknown,25-minute main-stage talk; limited workshops and practitioner roundtables,"Title <=90 characters, 250-character description, 800-character third-person abstract; no vendor pitch",unknown,unknown,unknown,unknown,unknown,300+ attendees claimed,2027,2026-09-04T12:00:00-06:00,src-retrieval-src-agenticcon-cfp;src-retrieval-src-agenticcon-home,"Same CFP page gives both October 4 and November 1 deadlines and both October 20 and November 17 notifications; economics, rights, accessibility, travel"
ed-evt-icai-annual-conference-icai-2027-annual-conference,evt-icai-annual-conference,ICAI 2027 Annual Conference,https://academicintegrity.org/aws/ICAI/pt/sp/conference_home_page,2027-02-25,2027-02-28,exact,Monterrey,Mexico,in-person,English and Spanish,https://academicintegrity.org/aws/ICAI/pt/sp/conference_cfp,https://academicintegrity.org/aws/ICAI/pt/sp/conference_cfp,open,No credential restriction stated; readiness for in-person delivery required,40 minutes: 30-35 presentation plus 5-10 Q&A; panels,Theme area; title; proposal; learning outcomes; no more than two submissions bearing one person's name and only one lead program,,,,,,"Educators, administrators, and industry experts committed to academic integrity",,2026-09-04T12:00:00-06:00,src-evidence-learning-src-icai-home;src-evidence-learning-src-icai-cfp;src-evidence-learning-src-icai-program,"Compensation, travel support, registration cost, rights, accessibility, and Dan's travel willingness are unknown."
ed-evt-bacon-bacon-2027,evt-bacon,BACon 2027,https://columbusoh.iiba.org/bacon,2027-02-26,2027-02-26,exact,Columbus,United States,in-person,English,https://sessionize.com/bacon-2027/,https://sessionize.com/bacon-2027/,open,"Public CFP; practical stories, ideas, lessons and AI/product delivery topics welcomed.",Conference session; hands-on workshop; durations not visible in captured source.,"Abstract, practical takeaway, audience level and real-world relevance.",Complimentary speaker registration.,No travel reimbursement or honorarium.,Free for speakers.,,,,,2026-09-04T21:25:00-06:00,src-judgment-ev-ju-bacon-current;src-product-engineering-ev-pe-bacon-current,"Event page incorrectly says BACon 2026 for complimentary registration; verify benefit applies to 2027. Format durations, rights, accessibility and attendance unknown."
ed-evt-javaland-javaland-2027,evt-javaland,JavaLand 2027,https://www.javaland.eu/en/home/,2027-03-02,2027-03-04,exact,Rust,Germany,in-person,German and English; exact track language policy not fully captured,https://www.javaland.eu/en/speakers/,https://www.javaland.eu/go/gtc-speakers,open,Public community CFP; newcomer route separately closed on September 1,Talk duration not captured in current official page,,Speaker terms document exists,,,,Terms include usage grants; exact current clauses require legal review,,,2026-09-04T23:30:00-06:00,src-adaptive-systems-ev-javaland-current;src-adaptive-systems-ev-javaland-past1;src-adaptive-systems-ev-javaland-past2,"Duration, economics, travel/hotel, accessibility, and detailed current rights need recheck. Stronger if tied to JVM/cloud platform context."
ed-evt-optimizers-conference-optimizers-conference-west-2027,evt-optimizers-conference,Optimizers Conference West 2027,https://optimizersconference.com/,2027-03-03,2027-03-05,exact,Santa Cruz,United States,in-person,English,https://optimizersconference.com/,https://optimizersconference.com/,attendee-led,Every attendee can propose/lead an unconference discussion; curated keynotes are selected separately with no public CFP found.,Attendee-led unconference sessions; duration not stated.,"Purchase/hold attendee place, then shape sessions in event app; not a guaranteed curated stage slot.",,,USD 1595 super-early attendee ticket from October 1; later tiers higher; hotel and meals included.,,Contact route accepts accessibility questions; accommodations not specified.,130,2027,2026-09-04T21:15:00-06:00,src-judgment-ev-ju-opt-current;src-judgment-ev-ju-opt-past1;src-judgment-ev-ju-opt-past2;src-product-engineering-ev-pe-opt-current;src-product-engineering-ev-pe-opt-past1;src-product-engineering-ev-pe-opt-past2,"Travel, exact unconference format, selection/voting mechanics, recording and whether speakers receive any refund unknown."
ed-evt-taqelah-testing-conference-taqelah-testing-conference-2027,evt-taqelah-testing-conference,Taqelah Testing Conference 2027,https://ttc.taqelah.sg/,2027-03-04,2027-03-05,exact,Singapore,Singapore,in-person,English,https://ttc.taqelah.sg/,https://ttc.taqelah.sg/,open,Public CFP.,25-minute talks and half-day workshops reported by organizer social post,Talk proposal and speaker details.,,Regional travel support bands reported by organizer social post; intercontinental ceiling reported as USD 1000.,,,,33 talks and free attendance advertised,2027,2026-09-05T00:08:00-06:00,src-benchmarks-ev-ttc-current;src-failure-improvement-ev-fi-ttc-current;src-failure-improvement-ev-fi-ttc-travel;src-failure-improvement-ev-fi-ttc-past1;src-failure-improvement-ev-fi-ttc-past2;src-parallelization-ev-pa-ttc-current;src-parallelization-ev-pa-ttc-travel;src-parallelization-ev-pa-ttc-past1;src-parallelization-ev-pa-ttc-past2,"CFP form details, economics, rights, accessibility, and deadline time zone unknown | Official site did not reproduce format/economics details; verify in submission flow. Hotel, costs, rights, accessibility and multiple-submission rules unknown. | MERGE CONFLICTS/VARIANTS — edition_label: Taqelah Testing Conference 2027 | TTC 2027; date_status: exact | confirmed; eligibility: Public CFP. | First-time and seasoned speakers invited; formats_and_durations: 25-minute talks and half-day workshops reported by organizer social post | Talk; workshop; exact durations not verified; submission_requirements: Talk proposal and speaker details. | Testing story and proposal via CFP; verified_at: 2026-09-05T00:08:00-06:00 | 2026-09-04T23:00:00-06:00"
ed-evt-ieee-international-conference-on-software-architecture-icsa-2027-sof,evt-ieee-international-conference-on-software-architecture,ICSA 2027 Software Architecture in Practice,https://conf.researchr.org/track/icsa-2027/icsa-2027-software-architecture-in-practice-track,2027-03-08,2027-03-12,exact,Sydney,Australia,in-person,English,https://conf.researchr.org/track/icsa-2027/icsa-2027-software-architecture-in-practice-track,https://conf.researchr.org/track/icsa-2027/icsa-2027-software-architecture-in-practice-track,open,Practitioner or researcher actively working with practitioners; at least one author must register and present in person,30-minute technical talk,Two-page maximum technical-talk proposal; IEEE format/guidelines; not previously published or simultaneously under review; accepted proposal published in companion proceedings,,,At least one author must register,Publication in IEEE companion proceedings; specific author rights not checked,,,,2026-09-04T23:30:00-06:00,src-adaptive-systems-ev-icsa-saip;src-adaptive-systems-ev-icsa-past1;src-adaptive-systems-ev-icsa-past2,"Conference start/end inferred from official 2027 track context and should be rechecked on home page; registration cost, travel support, honorarium, accessibility, and exact copyright agreement unknown."
ed-evt-ieee-international-conference-on-software-architecture-icsa-2027-tut,evt-ieee-international-conference-on-software-architecture,ICSA 2027 Tutorials / Technical Briefings,https://conf.researchr.org/track/icsa-2027/icsa-2027-tutorials-tech-briefings,2027-03-08,2027-03-12,exact,Sydney,Australia,in-person,English,https://conf.researchr.org/track/icsa-2027/icsa-2027-tutorials-tech-briefings,https://conf.researchr.org/track/icsa-2027/icsa-2027-tutorials-tech-briefings,open,,Tutorial or technical briefing; duration not captured,PDF proposal through EasyChair; brief speaker information; optional/accepted two-page IEEE companion abstract,,,Registration obligation not verified,Opportunity to publish two-page abstract; specific rights unknown,,,,2026-09-04T23:30:00-06:00,src-adaptive-systems-ev-icsa-tutorial,"Duration, economics, accessibility, and author-rights details unknown; likely requires expansion beyond existing deck."
ed-evt-ieee-international-conference-on-software-architecture-icsa-2027-wor,evt-ieee-international-conference-on-software-architecture,ICSA 2027 Working Sessions,https://conf.researchr.org/track/icsa-2027/icsa-2027-working-sessions,2027-03-08,2027-03-12,exact,Sydney,Australia,in-person,English,https://conf.researchr.org/track/icsa-2027/icsa-2027-working-sessions,https://conf.researchr.org/track/icsa-2027/icsa-2027-working-sessions,open,Facilitator-led contribution; participation requirements otherwise not stated,90-180 minute interactive working session,"Outline topic, why industry and academia should work on it, facilitator names, and proposed deliverable",,,Registration obligation not verified,,,,,2026-09-04T23:30:00-06:00,src-adaptive-systems-ev-icsa-working,Requires substantial format conversion and likely co-facilitation; economics and rights unknown.
ed-evt-nercomp-annual-conference-nercomp-annual-conference-2027,evt-nercomp-annual-conference,NERCOMP Annual Conference 2027,https://events.educause.edu/nercomp-annual-conference/2027,2027-03-08,2027-03-10,exact,Providence,United States,in-person,English,https://events.educause.edu/nercomp-annual-conference/2027,https://events.educause.edu/nercomp-annual-conference/2027,no-current-cfp,Higher-education IT/library/faculty community; historical submission requires EDUCAUSE profile,"Historical formats include presentation, discussion, poster, and workshop; 2027 details absent",2027 proposal requirements not posted,unknown,unknown,Historical 2026: one presenter per presentation received registration; others paid registration/travel/lodging,unknown,unknown,Regional higher-education IT and library community,2027,2026-09-04T12:00:00-06:00,src-evidence-learning-src-nercomp-2027;src-skeptic-education-ev-034;src-skeptic-education-ev-035,"No 2027 CFP, formats, eligibility, economics, rights, or accessibility found. | 2027 CFP dates, terms, formats, economics, rights, accessibility, and Dan's regional/affiliation fit unknown | MERGE CONFLICTS/VARIANTS — edition_label: NERCOMP Annual Conference 2027 | NERCOMP 2027; country: United States | USA; cfp_status: no-current-cfp | unknown; eligibility: Higher-education IT/library/faculty community; historical submission requires EDUCAUSE profile | Not stated; attendance_value: Regional higher-education IT and library community | Regional Northeast higher-ed community; verified_at: 2026-09-04T12:00:00-06:00 | 2026-09-04T23:00:00-06:00"
ed-evt-incontro-devops-italia-incontro-devops-italia-2027,evt-incontro-devops-italia,Incontro DevOps Italia 2027,https://www.incontrodevops.it/,2027-03-09,2027-03-09,exact,Bologna,Italy,hybrid,Italian; English,https://sessionize.com/incontro-devops-italia-idi-2027/,https://sessionize.com/incontro-devops-italia-idi-2027/,open,Public CFP; English proposals accepted although most attendees are Italian.,40 minutes including Q&A,"Abstract, language, speaker profile and session details.",Conference ticket and hotel nights under stated conditions.,Up to EUR 250 for speakers travelling within Europe from outside Italy.,Selected speaker ticket included.,,,,,2026-09-05T00:02:00-06:00,src-failure-improvement-ev-fi-idi-current;src-failure-improvement-ev-fi-idi-past1;src-failure-improvement-ev-fi-idi-past2;src-parallelization-ev-pa-idi-current;src-parallelization-ev-pa-idi-past1;src-parallelization-ev-pa-idi-past2,"Travel origin and eligibility for reimbursement, rights, accessibility and attendance unknown."
ed-evt-honolulu-education-conference-honolulu-education-conference-2027,evt-honolulu-education-conference,Honolulu Education Conference 2027,https://intesda.org/education-conference/,2027-03-10,2027-03-12,exact,Honolulu,United States,hybrid,English,https://intesda.org/education-conference/,https://intesda.org/education-conference/,open,"Education proposals across AI, testing, higher education, and EdTech","Oral, poster, or online virtual presentation",Up to 300-word English proposal; publication options described,unknown,unknown,unknown,unknown,unknown,Broad international education audience; organizer-provided attendance not verified,2027,2026-09-04T12:00:00-06:00,src-evidence-learning-src-hec-cfp;src-skeptic-education-ev-027,"Commercial status, fee structure, organizer reputation, rights, travel support, accessibility, and acceptance standards need independent vetting. | Organizer credibility, exact format duration, final deadline beyond advance round, fees, rights, accessibility, and economics require review | MERGE CONFLICTS/VARIANTS — country: United States | USA; eligibility: Education proposals across AI, testing, higher education, and EdTech | Educators, academics, researchers, and students; submission_requirements: Up to 300-word English proposal; publication options described | Proposal up to 300 words; attendance_value: Broad international education audience; organizer-provided attendance not verified | International academic conference; reach unverified; verified_at: 2026-09-04T12:00:00-06:00 | 2026-09-04T23:00:00-06:00"
ed-evt-sxsw-edu-conference-and-festival-sxsw-edu-2027,evt-sxsw-edu-conference-and-festival,SXSW EDU 2027,https://sxswedu.com/,2027-03-13,2027-03-16,exact,Austin,USA,in-person,English,https://sxswedu.com/panelpicker/,https://sxswedu.com/panelpicker/,closed,Education professionals worldwide; session proposals require presenter bios/organizations and consent,Multiple formats including solo workshops and panels; format limits in PanelPicker,"One proposal per account; short description, three takeaways, track/focus, supporting video/visual, speaker details",unknown,unknown,Badge/travel obligations not established for accepted speakers in reviewed sources,unknown,Proposal video captions encouraged,"Organizer reports 11,000+ attendees, 300+ sessions, 63 industries",2027,2026-09-04T23:00:00-06:00,src-skeptic-education-ev-040;src-skeptic-education-ev-041;src-skeptic-education-ev-079;src-skeptic-education-ev-080,"Accepted-speaker economics, rights, accessibility, notification timing, and Dan's bio/organization unknown; proposal and voting windows closed"
ed-evt-agentics-day-mcp-agents-europe-agentics-day-mcp-agents-europe-2027,evt-agentics-day-mcp-agents-europe,Agentics Day: MCP + Agents Europe 2027,https://events.linuxfoundation.org/kubecon-cloudnativecon-europe/co-located-events/agentics-day-mcp-agents/,2027-03-15,2027-03-15,exact,Barcelona,Spain,in-person,English,https://events.linuxfoundation.org/kubecon-cloudnativecon-europe/co-located-events/cfp-colocated-events/,https://events.linuxfoundation.org/kubecon-cloudnativecon-europe/co-located-events/agentics-day-mcp-agents/,open,Public CFP; general Linux Foundation speaker rules apply.,25-minute solo/dual presentation; 10-minute lightning; 35-minute panel,"Original, non-sales proposal aligned to production agents/MCP; accepted speaker receives event access.",Event pass for accepted speakers.,,No mandatory registration stated for accepted speakers,Sessions expected to be recorded; exact rights terms not established.,https://events.linuxfoundation.org/kubecon-cloudnativecon-europe/attend/inclusion-accessibility/,,,2026-09-04T23:30:00-06:00,src-adaptive-systems-ev-agentics-current;src-adaptive-systems-ev-colocated-common;src-failure-improvement-ev-fi-agentics-current;src-failure-improvement-ev-fi-agentics-past1;src-failure-improvement-ev-fi-agentics-past2;src-parallelization-ev-pa-agentics-current;src-parallelization-ev-pa-agentics-past1;src-parallelization-ev-pa-agentics-past2,"Travel/hotel support, honorarium, visa support, and exact recording license are unknown; 25-minute adaptation required. | Travel, hotel, speaker costs, rights license, accessibility and attendance unknown. Existing 30-minute deck needs a 25-minute cut. | MERGE CONFLICTS/VARIANTS — guidelines_url: https://events.linuxfoundation.org/kubecon-cloudnativecon-europe/co-located-events/agentics-day-mcp-agents/ | https://events.linuxfoundation.org/kubecon-cloudnativecon-europe/co-located-events/cfp-colocated-events/; eligibility: Public CFP; general Linux Foundation speaker rules apply. | Public CFP; code-of-conduct agreement; submission_requirements: Original, non-sales proposal aligned to production agents/MCP; accepted speaker receives event access. | Choose co-located event; vendor-neutral; prior Linux Foundation repeat within one year must be materially differentiated; recording sample requested; compensation: Event pass for accepted speakers. | Complimentary all-access pass; recording_rights: Sessions expected to be recorded; exact rights terms not established. | Official overview says co-located sessions are recorded and posted to CNCF YouTube"
ed-evt-cloud-native-ai-inference-day-europe-cloud-native-ai-inference-day-e,evt-cloud-native-ai-inference-day-europe,Cloud Native AI + Inference Day Europe 2027,https://events.linuxfoundation.org/kubecon-cloudnativecon-europe/co-located-events/cloud-native-ai-inference-day-europe/,2027-03-15,2027-03-15,exact,Barcelona,Spain,in-person,English,https://events.linuxfoundation.org/kubecon-cloudnativecon-europe/co-located-events/cncf-hosted-co-located-events-overview/,https://events.linuxfoundation.org/kubecon-cloudnativecon-europe/co-located-events/cloud-native-ai-inference-day-europe/,open,Public CFP; code-of-conduct agreement,25-minute solo/dual presentation; 10-minute lightning; 35-minute panel,Choose co-located event; vendor-neutral; repeat restrictions; recording sample requested,Complimentary all-access pass,unknown,Accepted co-located-event speakers receive an all-access pass,Recorded and posted to CNCF YouTube; exact license not stated,https://events.linuxfoundation.org/kubecon-cloudnativecon-europe/attend/inclusion-accessibility/,unknown,,2026-09-04T12:00:00-06:00,src-adaptive-systems-ev-cnai-current;src-adaptive-systems-ev-colocated-common;src-retrieval-src-cnai-day;src-retrieval-src-cncf-colocated-faq,"Travel/hotel support, honorarium, visa support, and exact recording license are unknown; 25-minute adaptation required. | Travel, hotel, honorarium, detailed form fields, reuse rules | MERGE CONFLICTS/VARIANTS — cfp_url: https://events.linuxfoundation.org/kubecon-cloudnativecon-europe/co-located-events/cncf-hosted-co-located-events-overview/ | https://events.linuxfoundation.org/kubecon-cloudnativecon-europe/co-located-events/cfp-colocated-events/; guidelines_url: https://events.linuxfoundation.org/kubecon-cloudnativecon-europe/co-located-events/cloud-native-ai-inference-day-europe/ | https://events.linuxfoundation.org/kubecon-cloudnativecon-europe/co-located-events/cfp-colocated-events/; eligibility: Public CFP; code-of-conduct agreement | unknown; formats_and_durations: 25-minute solo/dual presentation; 10-minute lightning; 35-minute panel | 25-minute presentation; 10-minute lightning; 35-minute panel; submission_requirements: Choose co-located event; vendor-neutral; repeat restrictions; recording sample requested | RAG and AI Agents are explicit topics; panel diversity/organization rules apply; compensation: Complimentary all-access pass | unknown; speaker_costs: Accepted co-located-event speakers receive an all-access pass | No mandatory registration stated for accepted speakers; recording_rights: Recorded and posted to CNCF YouTube; exact license not stated | recorded and published on CNCF YouTube; verified_at: 2026-09-04T12:00:00-06:00 | 2026-09-04T23:30:00-06:00"
ed-evt-cloudfest-cloudfest-2027,evt-cloudfest,CloudFest 2027,https://www.cloudfest.com/event,2027-03-15,2027-03-18,exact,Rust,Germany,in-person,English,,,invitation-only-or-unknown,unknown,unknown,unknown,unknown,unknown,unknown,unknown,unknown,"10,000+ participants and 250+ speakers claimed",2027,2026-09-04T12:00:00-06:00,src-free-tier-src-cloudfest-2027;src-free-tier-src-cloudfest-partner,No public editorial CFP verified; partner packages may include speaking and must remain separate
ed-evt-cto-craft-con-europe-cto-craft-con-europe-2027,evt-cto-craft-con-europe,CTO Craft Con Europe 2027,https://conference.ctocraft.com/london/,2027-03-15,2027-03-17,exact,London,United Kingdom,in-person,English,https://conference.ctocraft.com/london/call-for-content/,https://conference.ctocraft.com/london/call-for-content/,open-undated-with-stale-label,Public form is reachable but page title references 2026 while event shell shows 2027 dates.,Format/duration not captured.,"Experience-led content, biography and previous-talk information.",Speaker pass.,,,Submission grants recording permission; exact license not captured.,,,,2026-09-04T22:25:00-06:00,src-failure-improvement-ev-fi-ctocraft-current;src-judgment-ev-ju-cto-current;src-judgment-ev-ju-cto-past1;src-judgment-ev-ju-cto-past2;src-parallelization-ev-pa-ctocraft-current;src-product-engineering-ev-pe-cto-current;src-product-engineering-ev-pe-cto-past1;src-product-engineering-ev-pe-cto-past2,"Deadline, format, travel/hotel, fee, accessibility, attendance and Dan's senior-leadership eligibility evidence unknown. | Edition labeling conflict; deadline, format, travel/hotel, fee, rights license, accessibility and attendance unknown. | MERGE CONFLICTS/VARIANTS — cfp_status: open-undated-with-stale-label | open-undated; eligibility: Public form is reachable but page title references 2026 while event shell shows 2027 dates. | Experienced senior technology leaders; public application route.; submission_requirements: Experience-led content, biography and previous-talk information. | Experience-led proposal; bio and prior talks requested.; verified_at: 2026-09-04T22:25:00-06:00 | 2026-09-05T00:20:00-06:00"
ed-evt-kubecon-cloudnativecon-europe-kubecon-cloudnativecon-europe-2027,evt-kubecon-cloudnativecon-europe,KubeCon + CloudNativeCon Europe 2027,https://events.linuxfoundation.org/kubecon-cloudnativecon-europe/,2027-03-15,2027-03-18,exact,Barcelona,Spain,in-person,English,https://events.linuxfoundation.org/kubecon-cloudnativecon-europe/program/cfp/,https://events.linuxfoundation.org/kubecon-cloudnativecon-europe/program/cfp/,open,Maximum three submissions; generally one selected non-panel session; no repeat of a Linux Foundation event talk from the prior year.,30-minute session; 5-minute lightning; 80-minute tutorial; 30-minute panel,"Original, non-sales content; select track; previous recording requested; accepted speakers provide slides.",Conference pass for accepted speakers.,Funding route referenced by organizer but current award details not established.,One complimentary pass per accepted speaker,Sessions are recorded; exact license/rights terms not established.,https://events.linuxfoundation.org/kubecon-cloudnativecon-europe/attend/inclusion-accessibility/,"Official sponsor page targets 13,000 developers, architects, and technical leaders",2027,2026-09-04T12:00:00-06:00,src-adaptive-systems-ev-kccnc-main;src-adaptive-systems-ev-kccnc-economics;src-benchmarks-ev-kccnc-current;src-failure-improvement-ev-fi-kube-current;src-failure-improvement-ev-fi-kube-past1;src-failure-improvement-ev-fi-kube-past2;src-free-tier-src-kubecon-eu-cfp;src-free-tier-src-kubecon-eu-home;src-free-tier-src-kubecon-eu-sponsor;src-parallelization-ev-pa-kube-current;src-parallelization-ev-pa-kube-past1;src-parallelization-ev-pa-kube-past2;src-retrieval-src-kubecon-eu-cfp;src-retrieval-src-kubecon-eu-home,"Travel/hotel support, honorarium, visa support, and speaker-recording license are unknown; Dan's travel origin/budget/eligibility are unknown. | Travel, compensation, accessibility details, and precise fit to open-source implementation unknown | Travel origin, funding eligibility, hotel, speaker costs, rights license, accessibility and current attendance unknown. | Travel/hotel/honorarium; speaker agreement and recording license; whether non-Kubernetes economics framing is technical enough | Travel, hotel, honorarium, speaker agreement, and whether bridge talk is technical enough | MERGE CONFLICTS/VARIANTS — date_status: exact | confirmed; eligibility: Maximum three submissions; generally one selected non-panel session; no repeat of a Linux Foundation event talk from the prior year. | Public CFP; code-of-conduct agreement; speaker experience recording requested; no biography-based eligibility inferred | Vendor-neutral, open/cloud-native relevance; repeat-talk and proposal-count rules | Open submitter route; end-user company status is separately defined and unknown for Dan | Open route; end-user company status separately defined and unknown; formats_and_durations: 30-minute session; 5-minute lightning; 80-minute tutorial; 30-minute panel | 30-minute session; 5-minute lightning; 80-minute tutorial; panel; poster | 30-minute session; 5-minute lightning; 80-minute tutorial; poster; panel | 30-minute session; 5-minute lightning talk; 80-minute tutorial; submission_requirements: Original, non-sales content; select track; previous recording requested; accepted speakers provide slides. | Maximum three proposals as named speaker; vendor-neutral/open-source emphasis; slides required if accepted | Abstract, outline, benefits, audience, speaker biography, and recording sample; maximum three proposals | Maximum three proposals; previous recording requested; no sales pitches; disclose related LF talks in past year | Maximum three proposals; prior recording requested; no sales pitches; disclose related LF talk in past year; compensation: Conference pass for accepted speakers. | Complimentary all-access pass | Complimentary pass | unknown; travel_support: Funding route referenced by organizer but current award details not established. | unknown; speaker_costs: One complimentary pass per accepted speaker | No mandatory registration stated for accepted speakers; recording_rights: Sessions are recorded; exact license/rights terms not established. | Sessions are ordinarily recorded; exact license/rights not found on CFP page | Sessions recorded under event terms | Accepted speakers must submit slides; recording-rights details not extracted | Slides required; recording license not extracted; attendance_value: Official sponsor page targets 13,000 developers, architects, and technical leaders | 13000 | 13,000 attendees claimed on sponsor page; verified_at: 2026-09-04T12:00:00-06:00 | 2026-09-04T23:30:00-06:00 | 2026-09-04T23:00:00-06:00 | 2026-09-04T23:25:00-06:00"
ed-evt-observability-day-europe-observability-day-europe-2027,evt-observability-day-europe,Observability Day Europe 2027,https://events.linuxfoundation.org/kubecon-cloudnativecon-europe/co-located-events/observability-day/,2027-03-15,2027-03-15,confirmed,Barcelona,Spain,in-person,English,https://events.linuxfoundation.org/kubecon-cloudnativecon-europe/co-located-events/cfp-colocated-events/,https://events.linuxfoundation.org/kubecon-cloudnativecon-europe/co-located-events/cfp-colocated-events/,open,Vendor-neutral; material repeat-talk restriction,25-minute talk; 10-minute lightning; 35-minute panel,Proposal through common co-located CFP,Complimentary all-access pass,,,Recordings published to CNCF YouTube,,,,2026-09-04T23:00:00-06:00,src-benchmarks-ev-colocated-cfp,"Travel, compensation, accessibility, and multi-proposal interaction unknown"
ed-evt-platform-engineering-day-europe-platform-engineering-day-europe-2027,evt-platform-engineering-day-europe,Platform Engineering Day Europe 2027,https://events.linuxfoundation.org/kubecon-cloudnativecon-europe/co-located-events/platform-engineering-day/,2027-03-15,2027-03-15,exact,Barcelona,Spain,in-person,English,https://events.linuxfoundation.org/kubecon-cloudnativecon-europe/co-located-events/cncf-hosted-co-located-events-overview/,https://events.linuxfoundation.org/kubecon-cloudnativecon-europe/co-located-events/platform-engineering-day/,open,Public CFP; code-of-conduct agreement,25-minute solo/dual presentation; 10-minute lightning; 35-minute panel,Platform engineering and AI is explicit; practical case studies favored,Complimentary all-access pass,unknown,Accepted co-located-event speakers receive an all-access pass,Recorded and posted to CNCF YouTube; exact license not stated,https://events.linuxfoundation.org/kubecon-cloudnativecon-europe/attend/inclusion-accessibility/,unknown,,2026-09-04T12:00:00-06:00,src-adaptive-systems-ev-colocated-common;src-retrieval-src-platform-day;src-retrieval-src-cncf-colocated-faq,"Topic fit depends on foregrounding planner/platform controls; travel/hotel/honorarium unknown. | Travel, hotel, honorarium, detailed form fields, reuse rules | MERGE CONFLICTS/VARIANTS — cfp_url: https://events.linuxfoundation.org/kubecon-cloudnativecon-europe/co-located-events/cncf-hosted-co-located-events-overview/ | https://events.linuxfoundation.org/kubecon-cloudnativecon-europe/co-located-events/cfp-colocated-events/; guidelines_url: https://events.linuxfoundation.org/kubecon-cloudnativecon-europe/co-located-events/platform-engineering-day/ | https://events.linuxfoundation.org/kubecon-cloudnativecon-europe/co-located-events/cfp-colocated-events/; eligibility: Public CFP; code-of-conduct agreement | unknown; formats_and_durations: 25-minute solo/dual presentation; 10-minute lightning; 35-minute panel | 25-minute presentation; 10-minute lightning; 35-minute panel; submission_requirements: Platform engineering and AI is explicit; practical case studies favored | Vendor-neutral; repeat restrictions; recording sample requested; compensation: Complimentary all-access pass | unknown; speaker_costs: Accepted co-located-event speakers receive an all-access pass | No mandatory registration stated for accepted speakers; recording_rights: Recorded and posted to CNCF YouTube; exact license not stated | recorded and published on CNCF YouTube; verified_at: 2026-09-04T12:00:00-06:00 | 2026-09-04T23:30:00-06:00"
ed-evt-dutch-ai-conference-dutch-ai-conference-2027,evt-dutch-ai-conference,Dutch AI Conference 2027,https://aiconference.nl/,2027-03-16,2027-03-18,official-conflict,Amsterdam,Netherlands,in-person,English,https://aiconference.nl/meet-the-speakers/call-for-presentations/,https://aiconference.nl/meet-the-speakers/call-for-presentations/,open,Inclusive public call; blind abstracts; multiple submissions encouraged,unknown,Concise anonymous abstract; original practical no-nonsense content favored,unknown,"Travel to Amsterdam and hotel covered; one night for nonlocal Netherlands speakers, two for international speakers, three for workshop speakers",Conference entry included,unknown,unknown,About 500 attendees expected; 25–30 speaking slots,2027,2026-09-04T12:00:00-06:00,src-retrieval-src-dutch-ai-cfp;src-retrieval-src-dutch-ai-rag;src-retrieval-src-dutch-ai-vector,"Page headline/footer say March 16–18 while a highlight says workshop March 10–11 and main conference March 12; format duration, rights, accessibility"
ed-evt-european-chatbot-and-agentic-ai-summit-european-chatbot-and-agentic-,evt-european-chatbot-and-agentic-ai-summit,European Chatbot & Agentic AI Summit 2027,https://theeuropeanchatbot.com/,2027-03-16,2027-03-19,official-conflict,Edinburgh,UK,in-person,English,https://theeuropeanchatbot.com/call-for-speakers/,https://theeuropeanchatbot.com/call-for-speakers/,conflicting-official-pages,Public speaker application and peer nomination routes,unknown,unknown,unknown,unknown,unknown,Organizer says talks are recorded; access terms differ by ticket,unknown,unknown,,2026-09-04T12:00:00-06:00,src-retrieval-src-eu-chatbot-cfp;src-retrieval-src-eu-chatbot-home,CFP page says March 16–19; homepage says March 16–18 and main event March 17–18; homepage also says CFP opens soon while CFP page invites applications; formats and economics unknown
ed-evt-international-conference-on-ai-in-education-2027-icaied-london-2027,evt-international-conference-on-ai-in-education-2027,ICAIED London 2027,https://www.icaied.org/,2027-03-19,2027-03-21,exact,London,United Kingdom,hybrid,English,https://www.icaied.org/call-for-papers,https://www.icaied.org/call-for-papers,open,"Researchers, educators, doctoral candidates, and practitioners",Oral or online presentation; exact duration unknown,200-250-word abstract and 3-5 keywords; double-blind review; optional full paper afterward,unknown,unknown,unknown,unknown,unknown,First-edition international AI-in-education audience; attendance unknown,2027,2026-09-04T12:00:00-06:00,src-evidence-learning-src-icaied-cfp;src-skeptic-education-ev-026,"Organizer identity/provenance, fee structure, publication terms, rights, accessibility, and track fit beyond broad AI education require verification. | First-edition organizer reputation, committee verification, fees, rights, economics, accessibility, and whether a non-study talk will pass review unknown | MERGE CONFLICTS/VARIANTS — edition_label: ICAIED London 2027 | ICAIED 2027; country: United Kingdom | UK; formats_and_durations: Oral or online presentation; exact duration unknown | Abstract presentation; exact duration not captured; submission_requirements: 200-250-word abstract and 3-5 keywords; double-blind review; optional full paper afterward | 200-250 word abstract and 3-5 keywords; double-blind review; attendance_value: First-edition international AI-in-education audience; attendance unknown | New event; no verified attendance or archive; verified_at: 2026-09-04T12:00:00-06:00 | 2026-09-04T23:00:00-06:00"
ed-evt-devopsdays-los-angeles-devopsdays-los-angeles-2027,evt-devopsdays-los-angeles,DevOpsDays Los Angeles 2027,https://devopsdays.org/events/2027-los-angeles/welcome/,2027-04-02,2027-04-02,exact,Pasadena,USA,in-person,English,https://devopsdays.org/events/2027-los-angeles/propose/,https://devopsdays.org/events/2027-los-angeles/propose/,conflicting-official-pages,Speaker must submit directly; local stories favored; no vendor pitches,30-40-minute talk; 10-minute lightning; Open Space,Title and description through SCaLE submission route,unknown,unknown,unknown,unknown,unknown,unknown,,2026-09-04T12:00:00-06:00,src-free-tier-src-dod-la-propose;src-free-tier-src-dod-global-speaking;src-retrieval-src-dod-la;src-retrieval-src-dod-global,Local page says CFP TBD while global speaking index labels it open and provides a 2026-11-01 deadline; economics and rights unknown | Local page says CFP TBD while global index labels open and gives 2026-11-01 deadline; economics and rights unknown | MERGE CONFLICTS/VARIANTS — eligibility: Speaker must submit directly; local stories favored; no vendor pitches | Direct speaker involvement; local stories favored; no vendor pitches; formats_and_durations: 30-40-minute talk; 10-minute lightning; Open Space | 30–40-minute talk; 10-minute lightning; Open Space; submission_requirements: Title and description through SCaLE submission route | SCaLE submission route
ed-evt-asu-gsv-summit-asu-gsv-summit-2027,evt-asu-gsv-summit,ASU+GSV Summit 2027,https://asugsvsummit.com/,2027-04-04,2027-04-07,exact,San Diego,USA,in-person,English,https://asugsvsummit.com/faq,https://asugsvsummit.com/faq,invitation-only,No public general speaker CFP found; program participation contact is public; startup GSV Cup has separate pre-Series-A eligibility,"Curated stages, panels, roundtables, and startup demos; general speaker formats not public",No general proposal route verified,unknown,unknown,unknown,unknown,unknown,"Official site reports 7,000 delegates, 700+ speakers, 65 countries",2027,2026-09-04T23:00:00-06:00,src-skeptic-education-ev-042;src-skeptic-education-ev-043,"Not actionable as an open CFP; Dan's invitation credentials, economics, rights, and travel preferences unknown"
ed-evt-inqaahe-biennial-conference-inqaahe-conference-2027,evt-inqaahe-biennial-conference,INQAAHE Conference 2027,https://inqaahe2027-doha.org/,2027-04-04,2027-04-07,exact,Doha,Qatar,in-person,English,https://inqaahe2027-doha.org/call-for-proposals/,https://inqaahe2027-doha.org/call-for-proposals/,open,International academic audience; detailed eligibility not stated,Conference sessions in diverse formats and posters,"Forward-looking, critical, practice-oriented proposal; accessible to international QA audience; interactive",,,,,,International QA agencies and providers,,2026-09-04T12:00:00-06:00,src-evidence-learning-src-inqaahe-cfp;src-evidence-learning-src-inqaahe-2025-program;src-evidence-learning-src-inqaahe-human,"Speaker economics, visa support, rights, accessibility, registration requirements, and Dan's QA credentials are unknown."
ed-evt-possible-possible-2027,evt-possible,POSSIBLE 2027,https://possibleevent.com/,2027-04-05,2027-04-07,exact,Miami Beach,United States,in-person,English,https://possibleevent.com/speaker-opportunities/,https://possibleevent.com/speaker-opportunities/,open,"CMOs, founders, strategists, creators, brand leaders, agencies, startups and innovators; solution providers routed to sales.",Format/duration not stated.,"Original idea, research, case study or forward-looking perspective; editorial application.",,,,,,,,2026-09-04T22:10:00-06:00,src-judgment-ev-ju-poss-current;src-judgment-ev-ju-poss-past1;src-judgment-ev-ju-poss-past2;src-product-engineering-ev-pe-poss-current;src-product-engineering-ev-pe-poss-past1;src-product-engineering-ev-pe-poss-past2,"Dan's founder/innovator eligibility, format, economics, rights, accessibility and attendance unknown; marketing audience is indirect."
ed-evt-aoma-adaptive-organizations-meet-architecture-aoma-2027,evt-aoma-adaptive-organizations-meet-architecture,AOmA 2027,https://aoma-conference.com/2027/,2027-04-06,2027-04-07,exact,Berlin,Germany,in-person,English,https://aoma-conference.com/2027/cfp/,https://aoma-conference.com/2027/cfp/,open,Public Sessionize CFP,40 minutes including Q&A; mixture of lecture and hands-on favored,"Title, abstract, introductory/deep-dive type, tags, name, title, bio, photo, email",Accommodation reimbursed up to EUR 300 for speakers outside Berlin,Accommodation up to EUR300 outside Berlin; travel covered up to an unspecified location-based amount,unknown,Recording rights not stated,Organizer invites disclosure of access/parenting needs and offers discussion,unknown,,2026-09-04T12:00:00-06:00,src-adaptive-systems-ev-aoma-current;src-adaptive-systems-ev-aoma-history;src-retrieval-src-aoma-cfp,"Travel cap by region, honorarium, visa support, speaker costs, and recording rights unknown; official page conflicts with later LinkedIn deadline claim. | Travel cap, honorarium, pass, rights, and whether talk has enough organizational/architecture emphasis | MERGE CONFLICTS/VARIANTS — edition_url: https://aoma-conference.com/2027/ | https://aoma-conference.com/; eligibility: Public Sessionize CFP | unknown; formats_and_durations: 40 minutes including Q&A; mixture of lecture and hands-on favored | 40 minutes including Q&A; introductory or deep-dive; submission_requirements: Title, abstract, introductory/deep-dive type, tags, name, title, bio, photo, email | Title, abstract, type, tags, name, title, bio, photo, email; English; compensation: Accommodation reimbursed up to EUR 300 for speakers outside Berlin | unknown; travel_support: Accommodation up to EUR300 outside Berlin; travel covered up to an unspecified location-based amount | Travel covered up to an amount depending on origin region; recording_rights: Recording rights not stated | unknown; accessibility: Organizer invites disclosure of access/parenting needs and offers discussion | Organizer offers to discuss accessibility and parent needs; verified_at: 2026-09-04T12:00:00-06:00 | 2026-09-04T23:30:00-06:00"
ed-evt-ieee-global-engineering-education-conference-educon-ieee-educon-2027,evt-ieee-global-engineering-education-conference-educon,IEEE EDUCON 2027,https://educon-conference.org/current/,2027-04-06,2027-04-09,exact,Timisoara,Romania,in-person,English,https://ieee-edusociety.org/post/educon-2027-call-abstracts,https://educon-conference.org/current/,open,Engineering-education contribution; author eligibility not otherwise stated,Paper/abstract presentation; duration unknown,Initial abstract followed by author instructions and likely paper requirements,,,,,,International engineering-education research audience,,2026-09-04T12:00:00-06:00,src-evidence-learning-src-educon-cfp,"Talk is not engineering-specific and research/paper burden is a likely barrier; economics, rights, accessibility unknown."
ed-evt-wscuc-accreditation-resource-conference-arc2027,evt-wscuc-accreditation-resource-conference,ARC2027,https://www.wscuc.org/arc2027cfp/,2027-04-07,2027-04-09,exact,San Diego,United States,in-person,English,https://www.wscuc.org/arc2027cfp/,https://www.wscuc.org/arc2027cfp/,open,Open to higher-education leaders and professionals; priority to accredited institutions in good standing,Session formats not captured; workshop rooms support small-group work,"Evidence-based action, tangible outcomes, applicability, audience appeal; vendor promotion excluded",,No travel support stated,Full registration fee plus own travel and lodging,,Electronic materials optional; no accessibility terms captured,Accreditation and quality-assurance leaders; attendance not verified,,2026-09-04T12:00:00-06:00,src-evidence-learning-src-wscuc-cfp;src-evidence-learning-src-wscuc-2026;src-evidence-learning-src-wscuc-authentic,Dan's relationship to a WSCUC-accredited institution is unknown and affects priority; exact format/duration and rights unknown.
ed-evt-swiss-testing-day-swiss-testing-day-2027,evt-swiss-testing-day,Swiss Testing Day 2027,https://swisstestingday.ch/,2027-04-08,2027-04-08,exact,Zurich,Switzerland,in-person,,https://sessionize.com/swiss-testing-day-2027/,https://sessionize.com/swiss-testing-day-2027/,open,Public Sessionize call; practitioner lessons and failed experiments welcomed.,30-minute talk; 60-minute workshop/deep dive; other formats listed in CFP,"Proposal, abstract and speaker profile.",No speaker fee stated.,,No event fee for selected speaker.,,,,,2026-09-04T23:50:00-06:00,src-failure-improvement-ev-fi-swiss-current;src-failure-improvement-ev-fi-swiss-past1;src-failure-improvement-ev-fi-swiss-past2;src-parallelization-ev-pa-swiss-current;src-parallelization-ev-pa-swiss-past1;src-parallelization-ev-pa-swiss-past2,"Language, travel/hotel, recording rights, accessibility, attendance and multiple-submission rules unknown."
ed-evt-ainext-awards-and-conference-ainext-us-2027,evt-ainext-awards-and-conference,AINext US 2027,https://ainextconference.com/apply-to-speak,2027-04-09,2027-04-09,exact,,United States,in-person,English,https://ainextconference.com/apply-to-speak,https://ainextconference.com/apply-to-speak,open-undated,Public applied-AI speaker-interest route; review promised within two weeks.,Format/duration not stated.,Edition selection and application through organizer portal.,,,,,,,,2026-09-04T22:20:00-06:00,src-judgment-ev-ju-ainext-current;src-product-engineering-ev-pe-ainext-current,"City, deadline, selection requirements, economics, rights, accessibility and attendance unknown."
ed-evt-srecon-americas-srecon27-americas,evt-srecon-americas,SREcon27 Americas,https://www.usenix.org/conference/srecon27americas,2027-04-12,2027-04-14,exact,Seattle,United States,in-person,English,https://www.usenix.org/conference/srecon27americas/call-for-participation,https://www.usenix.org/conference/srecon27americas/call-for-participation,open,Open internationally; new speakers encouraged. Speaker must submit own human-written proposal; content cannot be entirely or substantively generated by AI.,15 minutes plus 5 Q&A; 35 minutes plus 10 Q&A,Proposal and speaker details; two-phase review; human-written attestation.,unknown,unknown,unknown,"USENIX commonly posts slides/video, confirmed for 2026 archive; 2027 rights terms not located",unknown,Open-access archive in prior cycles,2027,2026-09-04T23:20:00-06:00,src-adaptive-systems-ev-srecon-current;src-adaptive-systems-ev-srecon-past1;src-adaptive-systems-ev-srecon-past2;src-benchmarks-ev-srecon-current;src-benchmarks-ev-srecon-past;src-failure-improvement-ev-fi-sre-current;src-failure-improvement-ev-fi-sre-past1;src-failure-improvement-ev-fi-sre-past2;src-parallelization-ev-pa-sre-current;src-parallelization-ev-pa-sre-past1;src-parallelization-ev-pa-sre-past2;src-retrieval-src-srecon27-cfp;src-retrieval-src-srecon26-agents;src-retrieval-src-srecon26-language,"Format, speaker economics, travel/hotel, accessibility, and 2027 recording terms unknown. | Speaker economics, rights, accessibility, format, and numeric UTC offset unknown | Travel support, speaker costs, recording rights, accessibility details, and public attendance figure not found. Dan's eligibility facts beyond supplied material are unknown. | Speaker registration, travel/honorarium, rights, accessibility, and sufficient SRE connection | MERGE CONFLICTS/VARIANTS — date_status: exact | confirmed; country: United States | USA; eligibility: Open internationally; new speakers encouraged. Speaker must submit own human-written proposal; content cannot be entirely or substantively generated by AI. | Public participation call; content must be primarily human-written and attested | Human-authored submission attestation; practitioner reliability content | International and new speakers welcome; presenter must submit own proposal and attest content is primarily human-written; formats_and_durations: 15 minutes plus 5 Q&A; 35 minutes plus 10 Q&A | Talk formats/durations not visible in retrieved excerpt | Format/duration not captured | 15+5 Q&A; 35+10 Q&A; lightning CFP later; submission_requirements: Proposal and speaker details; two-phase review; human-written attestation. | Proposal plus required human-authorship attestation; practical technical depth expected | Proposal describing concrete operational experience and takeaways | Two-phase submission; technical guidance and applied experience favored; recording_rights: USENIX commonly posts slides/video, confirmed for 2026 archive; 2027 rights terms not located | unknown; verified_at: 2026-09-04T23:20:00-06:00 | 2026-09-04T23:30:00-06:00 | 2026-09-04T23:00:00-06:00 | 2026-09-04T12:00:00-06:00"
ed-evt-qcon-london-qcon-london-2027,evt-qcon-london,QCon London 2027,https://qconlondon.com/,2027-04-13,2027-04-16,unconfirmed,London,United Kingdom,in-person,English,https://qconferences.com/third-party-social-media,https://qconlondon.com/faq/apr2025,invitation-only-with-spontaneous-route,Usually direct invitation; spontaneous submission form exists; production practitioner evidence strongly favored,Conference talk; duration unknown,Public submission path not found,unknown,Organizer says travel/accommodation budget is offered to all speakers,unknown,unknown,https://qconlondon.com/qcon-cares,75+ handpicked practitioners; one speaker per 11 attendees claimed,2027,2026-09-04T12:00:00-06:00,src-benchmarks-ev-qcon;src-retrieval-src-qcon-london;src-retrieval-src-qcon-selection,"Edition dates, contact route for editorial pitches, selection rules, economics, rights, and accessibility unknown | Spontaneous form fields/status, format, honorarium, rights, and Dan's production credentials | MERGE CONFLICTS/VARIANTS — date_status: unconfirmed | exact; country: United Kingdom | UK; guidelines_url: https://qconlondon.com/faq/apr2025 | https://qconlondon.com/; cfp_status: invitation-only-with-spontaneous-route | invitation-only; eligibility: Usually direct invitation; spontaneous submission form exists; production practitioner evidence strongly favored | Curated speaker program; no public CFP route verified; formats_and_durations: Conference talk; duration unknown | unknown; submission_requirements: Public submission path not found | unknown; verified_at: 2026-09-04T12:00:00-06:00 | 2026-09-04T23:00:00-06:00"
ed-evt-kmworld-europe-kmworld-europe-2027,evt-kmworld-europe,KMWorld Europe 2027,https://www.kmworld.com/Europe/2027/,2027-04-14,2027-04-15,exact,London,United Kingdom,in-person,English,https://www.kmworld.com/Europe/2027/CallForSpeakers.aspx,https://www.kmworld.com/Europe/2027/CallForSpeakers.aspx,conflicting,Header says 'Opens soon' while body gives an October 9 deadline and incorrectly references participation in 2026.,Presentations; case studies; workshops; roundtables; debates; durations not stated.,"Title, abstract, relevant bio and presenter contact details.",Complimentary two-day conference pass.,,Speaker pass included.,Video archive exists; exact rights unknown.,,,,2026-09-04T22:15:00-06:00,src-judgment-ev-ju-km-current;src-judgment-ev-ju-km-past1;src-judgment-ev-ju-km-past2;src-product-engineering-ev-pe-km-current;src-product-engineering-ev-pe-km-past1;src-product-engineering-ev-pe-km-past2,"CFP year/status conflict prevents actionable deadline claim; economics beyond pass, rights, accessibility and attendance unknown."
ed-evt-olc-innovate-olc-innovate-2027,evt-olc-innovate,OLC Innovate 2027,https://onlinelearningconsortium.org/conferences/olc-innovate2027/,2027-04-20,2027-04-22,exact,,,virtual,English,https://onlinelearningconsortium.org/conferences/olc-innovate2027/present/,https://onlinelearningconsortium.org/conferences/olc-innovate2027/present/,announced-not-open,"Educators, vendors, and industry L&D may submit; vendor product sessions require educator or industry-L&D co-presenter",Academic presentation and interactive formats; exact durations should be rechecked when portal opens,Double-blind proposal; outcomes; audience appeal; interactivity; vendor-neutral educational content,unknown,No travel needed,Accepted presenters must register and pay published fee; price not yet available,2026 sessions were recorded for nine months; 2027 rights not stated,unknown,Global online-learning practitioner network; attendance figure not verified,2027,2026-09-04T12:00:00-06:00,src-evidence-learning-src-olc-cfp;src-evidence-learning-src-olc-2026-program;src-skeptic-education-ev-017;src-skeptic-education-ev-018;src-skeptic-education-ev-069;src-skeptic-education-ev-070,"CFP opens 2026-09-15; 2027 recording/accessibility terms and registration price unknown. | Registration price, rights, accessibility, Dan's vendor status/affiliation, and exact session duration unknown | MERGE CONFLICTS/VARIANTS — eligibility: Educators, vendors, and industry L&D may submit; vendor product sessions require educator or industry-L&D co-presenter | Educators, vendors, and L&D professionals may submit; product/service proposals need educator or L&D co-presenter; formats_and_durations: Academic presentation and interactive formats; exact durations should be rechecked when portal opens | Multiple virtual session types; exact 2027 durations not captured; submission_requirements: Double-blind proposal; outcomes; audience appeal; interactivity; vendor-neutral educational content | Double-blind proposal; educational/non-promotional; alignment, outcomes, appeal, interactivity; travel_support: No travel needed | none; speaker_costs: Accepted presenters must register and pay published fee; price not yet available | Accepted presenters must register and pay published fee; recording_rights: 2026 sessions were recorded for nine months; 2027 rights not stated | unknown; attendance_value: Global online-learning practitioner network; attendance figure not verified | International online/digital/blended-learning community; verified_at: 2026-09-04T12:00:00-06:00 | 2026-09-04T23:00:00-06:00"
ed-evt-lilac-lilac-2027,evt-lilac,LILAC 2027,https://www.lilacconference.com/lilac-2027/,2027-04-21,2027-04-23,exact,London,United Kingdom,in-person,English,https://www.lilacconference.com/lilac-2027/call-for-presentations-1,https://www.lilacconference.com/lilac-2027/call-for-presentations-1,announced-not-open,Information-literacy proposals from all sectors and contexts; underrepresented and first-time presenters encouraged,"Symposium, workshop, paper, and poster options; durations not captured",Account required; abstract; must go beyond generic AI-adoption or AI-literacy coverage,,Bursaries for specified library sectors; Dan's eligibility unknown,,,,Information-literacy community; attendance not verified,,2026-09-04T12:00:00-06:00,src-evidence-learning-src-lilac-cfp,"CFP opens 2026-09-21; topic requires stronger information-literacy framing; economics, rights, accessibility incomplete."
ed-evt-stareast-stareast-2027,evt-stareast,STAREAST 2027,https://stareast.techwell.com/,2027-04-25,2027-04-30,confirmed,Orlando,United States,hybrid,English,https://stareast.techwell.com/speaker-submission-form-stareast-2027,https://stareast.techwell.com/speaker-submission-form-stareast-2027,open,,Conference presentation; exact duration not stated on form,150-200 word single-paragraph description; 75-150 word third-person bio; headshot; topic/job-function selections,,,,,,Hundreds in person and thousands online,,2026-09-04T23:00:00-06:00,src-benchmarks-ev-stareast-main;src-benchmarks-ev-stareast-cfp,"Speaker economics, recording rights, accessibility, exact format, and deadline time zone unknown"
ed-evt-a4q-global-testing-summit-a4q-global-testing-summit-2027,evt-a4q-global-testing-summit,A4Q Global Testing Summit 2027,https://testingsummit.com/,2027-04-27,2027-04-29,confirmed,,,online,English; German; French; Spanish,https://testingsummit.com/#call-for-papers,https://testingsummit.com/#call-for-papers,open,,Online session; duration unknown,"Title and short abstract; contact, country, company, and job-title fields",No speaker fee stated,,Free to attend,,,85+ speakers from 30+ countries,2027,2026-09-04T23:00:00-06:00,src-benchmarks-ev-a4q,"CFP deadline, session duration, speaker payment interpretation, rights, accessibility, and platform unknown; stale 2026 footer dates conflict with 2027 hero"
ed-evt-a4q-testing-summit-a4q-testing-summit-2027,evt-a4q-testing-summit,A4Q Testing Summit 2027,https://testingsummit.com/,2027-04-27,2027-04-29,exact,,,online,English; German; French; Spanish,https://testingsummit.com/,https://testingsummit.com/,open-undated,Public speaker route shown; no closing date found.,,Title and short abstract requested.,No speaker fee stated.,Not applicable for online event.,,,,85+ speakers from 30+ countries advertised,2027,2026-09-05T00:10:00-06:00,src-failure-improvement-ev-fi-a4q-current;src-parallelization-ev-pa-a4q-current,"Deadline, duration, recording rights, accessibility, platform, audience size and selection rules unknown."
ed-evt-devopsdays-raleigh-devopsdays-raleigh-2027,evt-devopsdays-raleigh,DevOpsDays Raleigh 2027,https://devopsdays.org/events/2027-raleigh/welcome/,2027-04-27,2027-04-28,exact,Raleigh,USA,in-person,English,https://devopsdays.org/events/2027-raleigh/propose/,https://devopsdays.org/events/2027-raleigh/propose/,open,Speaker must submit directly; local and underrepresented voices favored; no vendor pitches,30-minute talk; 5-minute Ignite; Open Space,Google Form; original content preferred,unknown,unknown,unknown,unknown,unknown,unknown,,2026-09-04T12:00:00-06:00,src-free-tier-src-dod-raleigh-propose;src-free-tier-src-dod-global-speaking;src-retrieval-src-dod-raleigh,"Official notification date precedes deadline and is unusable; economics, rights, accessibility, and travel unknown | Official notification date precedes deadline and is unusable; economics, rights, accessibility, travel | MERGE CONFLICTS/VARIANTS — eligibility: Speaker must submit directly; local and underrepresented voices favored; no vendor pitches | Direct speaker involvement; local and underrepresented voices favored; no vendor pitches"
ed-evt-florida-online-innovation-summit-florida-online-innovation-summit-20,evt-florida-online-innovation-summit,Florida Online Innovation Summit 2027,https://digitallearning.ucf.edu/ilab/innovation-summit/,2027-04-27,2027-04-27,exact,Orlando,USA,in-person,English,https://digitallearning.ucf.edu/ilab/innovation-summit/proposals/,https://digitallearning.ucf.edu/ilab/innovation-summit/proposals/,announced-not-open,Higher-education participants from any region; vendors require a higher-ed co-presenter; students generally excluded,45-minute presentation/panel or 10-15-minute digital poster,"50-word abstract, 500-word description, impact and measurement, presenter data, audience, format",unknown,unknown,Free for Florida public-system participants; USD 175/200 for others; presenters' rate not separately stated,unknown,unknown,Regional higher-education digital-learning audience; public program archive since 2020,2026,2026-09-04T23:00:00-06:00,src-skeptic-education-ev-021;src-skeptic-education-ev-022;src-skeptic-education-ev-073;src-skeptic-education-ev-074,"Dan's vendor/institutional status, travel, compensation, rights, accessibility, and presenter discount unknown"
ed-evt-great-international-developer-summit-gids-2027,evt-great-international-developer-summit,GIDS 2027,https://developersummit.com/,2027-04-27,2027-04-30,exact,Bengaluru,India,in-person,English,https://form.jotform.com/saltmarch/gids2027cfp,https://form.jotform.com/saltmarch/gids2027cfp,open,Content must be grounded in real engineering work the speaker directly did or materially contributed to; up to five proposals.,30-minute short talk; 60-minute long talk,"Technical abstract, system/problem, decisions, constraints, takeaways, speaker experience and optional prior recording.",Conference access; international travel reimbursement may be available up to USD 1500 and two hotel nights at organizer discretion.,Up to USD 1500 for selected international speakers; reimbursement after event; discretionary.,Full conference access for selected speakers; co-speaker must buy pass unless approved,Recording rights not stated,unknown,150+ sessions on official site,2027,2026-09-04T21:20:00-06:00,src-adaptive-systems-ev-gids-current;src-adaptive-systems-ev-gids-past1;src-adaptive-systems-ev-gids-past2;src-benchmarks-ev-gids;src-failure-improvement-ev-fi-gids-current;src-failure-improvement-ev-fi-gids-past1;src-failure-improvement-ev-fi-gids-past2;src-judgment-ev-ju-gids-current;src-judgment-ev-ju-gids-past1;src-judgment-ev-ju-gids-past2;src-parallelization-ev-pa-gids-current;src-parallelization-ev-pa-gids-past1;src-parallelization-ev-pa-gids-past2;src-product-engineering-ev-pe-gids-current;src-product-engineering-ev-pe-gids-past1;src-product-engineering-ev-pe-gids-past2;src-retrieval-src-gids-home;src-retrieval-src-gids-cfp,"Honorarium, visa support, accessibility, recording rights, and whether a 40-minute source deck can be accepted as 30 minutes without loss are unknown. | Recording rights, accessibility, exact reimbursement eligibility, and deadline time zone unknown | Dan's qualifying firsthand case details, travel origin, full reimbursement rules, recording rights, accessibility and attendance unknown. | Synthetic/proposed architecture may fail real-experience bar; travel origin, rights, accessibility and attendance unknown. | Dan's direct-work evidence and employer support; honorarium, rights, accessibility, and final support approval | MERGE CONFLICTS/VARIANTS — date_status: exact | confirmed; eligibility: Content must be grounded in real engineering work the speaker directly did or materially contributed to; up to five proposals. | Public CFP; international speakers encouraged to submit multiple 60-minute sessions | Real engineering experience; no promotion | Original content based on work the speaker directly did or materially contributed to; up to five proposals. | Original content based on work directly done or materially contributed to; form asks technical depth and speaking experience; formats_and_durations: 30-minute short talk; 60-minute long talk | 60-minute long talk; 30-minute short talk | 30- or 60-minute talk; international speakers encouraged toward 60 minutes and multiple talks | 30-minute short talk; 60-minute long talk.; submission_requirements: Technical abstract, system/problem, decisions, constraints, takeaways, speaker experience and optional prior recording. | Up to five proposals; technical abstract; system problem; decisions/tradeoffs; takeaways; practitioner-depth declaration; bio/photo; no product promotion | Proposal with decisions, tradeoffs, constraints, and experience | Practical, vendor-neutral proposal with real engineering experience and speaker details. | Up to five proposals; system problem, decisions, tradeoffs, outcomes, biography, photo, affiliation, and support needs; compensation: Conference access; international travel reimbursement may be available up to USD 1500 and two hotel nights at organizer discretion. | Full conference access; support is discretionary | Conference access; discretionary international reimbursement. | unknown; travel_support: Up to USD 1500 for selected international speakers; reimbursement after event; discretionary. | Selected international speakers may receive up to USD 1,500 travel and two hotel nights; reimbursement after event | Up to USD 1,500 travel reimbursement plus two hotel nights; discretionary and paid after event | Up to USD 1500 and two hotel nights may be offered to selected international speakers. | Selected international speakers may receive up to US$1,500 travel and two hotel nights; discretionary and reimbursement-based; speaker_costs: Full conference access for selected speakers; co-speaker must buy pass unless approved | Full conference pass; recording_rights: Recording rights not stated | unknown; attendance_value: 150+ sessions on official site | 150; verified_at: 2026-09-04T21:20:00-06:00 | 2026-09-04T23:30:00-06:00 | 2026-09-04T23:00:00-06:00 | 2026-09-04T23:35:00-06:00 | 2026-09-04T12:00:00-06:00"
ed-evt-agntcon-mcpcon-north-america-agntcon-mcpcon-north-america-2027,evt-agntcon-mcpcon-north-america,AGNTCon + MCPCon North America 2027,https://events.linuxfoundation.org/about/calendar/,2027-04-28,2027-04-29,exact,San Francisco,United States,in-person,English,https://events.linuxfoundation.org/about/calendar/,https://events.linuxfoundation.org/about/calendar/,announced-not-open,,,,,,,,,,,2026-09-04T23:30:00-06:00,src-adaptive-systems-ev-lf-calendar,"Official calendar says CFP details coming soon; route, formats, and economics unknown."
ed-evt-visual-studio-live-visual-studio-live-austin-2027,evt-visual-studio-live,Visual Studio Live! Austin 2027,https://vslive.com/events/austin-2027/home.aspx,2027-05-02,2027-05-06,exact,Austin,United States,in-person,English,https://sessionize.com/vslive_austin27/,https://sessionize.com/vslive_austin27/,open,Previous speaking experience requested; speakers typically booked for at least two 75-minute sessions and encouraged to submit three or more.,75-minute breakout; 20-minute Fast Focus; workshops/labs,"Abstract, learning objectives, bio including previous speaking experience; multiple proposals strongly encouraged.",Per-session stipend; amount not public.,Predetermined hotel nights covered; speaker pays travel and incidentals.,Conference access implied for selected speakers; exact registration terms not captured.,,,,,2026-09-04T23:55:00-06:00,src-failure-improvement-ev-fi-vsl-current;src-failure-improvement-ev-fi-vsl-past1;src-failure-improvement-ev-fi-vsl-past2;src-parallelization-ev-pa-vsl-current;src-parallelization-ev-pa-vsl-past1;src-parallelization-ev-pa-vsl-past2,"CFP deadline timezone conflict; stipend amount, rights, accessibility and attendance unknown. Talk requires 20-minute compression or 75-minute expansion and companion proposals."
ed-evt-apqc-connect-apqc-connect-2027,evt-apqc-connect,APQC CONNECT 2027,https://www.apqcconnect.org/2027,2027-05-05,2027-05-06,exact,Houston,United States,in-person,English,https://www.apqc.org/events/2027/apqc-conference/call-for-speakers,https://www.apqc.org/events/2027/apqc-conference/call-for-speakers,open,"Practitioner-oriented; asks for real organizational problems and measurable business effects, or a practical skill/facilitated session.",45-60 minute breakout blocks visible; exact offered formats vary.,"Non-promotional proposal with practical tools, interactive design and real-world problem/solution.",Complimentary registration for primary presenter; co-presenter discount for sessions 45 minutes or longer.,"Presenter pays travel, lodging, meals outside included program and incidentals.",Primary presenter registration included.,,ADA accommodation available by request.,300+ across 40+ industries,2027,2026-09-04T21:40:00-06:00,src-judgment-ev-ju-apqc-current;src-judgment-ev-ju-apqc-dates;src-judgment-ev-ju-apqc-past1;src-judgment-ev-ju-apqc-past2;src-product-engineering-ev-pe-apqc-current;src-product-engineering-ev-pe-apqc-dates;src-product-engineering-ev-pe-apqc-past1;src-product-engineering-ev-pe-apqc-past2,"Synthetic example may not satisfy measurable organizational-effects preference; exact session duration, rights and meal coverage details unknown."
ed-evt-dx-annual-dx-annual-san-francisco-2027,evt-dx-annual,DX Annual San Francisco 2027,https://getdx.com/dxannual/,2027-05-06,2027-05-06,exact,San Francisco,United States,in-person,English,https://getdx.com/dxannual/,https://getdx.com/dxannual/,announced-not-open,Speaker call is announced for fall 2026; every speaker is described as an engineering leader who led major organizational change.,"Keynotes, firesides and panels; duration not stated.",Practical lessons and real-world experience driving developer productivity and AI initiatives.,,,Paid ticketed event; speaker cost not stated.,Select sessions recorded; exact rights unknown.,,Approximately 500 at inaugural 2026 event,2026,2026-09-04T21:45:00-06:00,src-judgment-ev-ju-dx-current;src-judgment-ev-ju-dx-past1;src-judgment-ev-ju-dx-past2;src-product-engineering-ev-pe-dx-current;src-product-engineering-ev-pe-dx-past1;src-product-engineering-ev-pe-dx-past2,"Application not open; Dan's organizational-change credentials, economics, format and accessibility unknown."
ed-evt-uxdx-uxdx-new-york-2027,evt-uxdx,UXDX New York 2027,https://uxdx.com/usa/2027/,2027-05-10,2027-05-12,exact,New York,United States,hybrid,English,https://uxdx.com/speak/,https://uxdx.com/speak/,open,"Main stage prioritizes senior in-house practitioners with a real case study, decisions, failures and outcomes; local stage has lower experience bar.",Conference talk; workshop; community meetup; exact durations not stated.,"Story of real change, title, description, decisions/tradeoffs/failures, takeaways, job/company/location.",,,,,,500 in-person / 1000 total advertised,2027,2026-09-04T21:05:00-06:00,src-judgment-ev-ju-uxdx-current;src-judgment-ev-ju-uxdx-past1;src-judgment-ev-ju-uxdx-past2;src-product-engineering-ev-pe-uxdx-current;src-product-engineering-ev-pe-uxdx-past1;src-product-engineering-ev-pe-uxdx-past2,"Dan's in-house seniority and qualifying real case are unknown; economics, rights and accessibility unknown."
ed-evt-data-summit-data-summit-2027,evt-data-summit,Data Summit 2027,https://www.dbta.com/DataSummit/2027/,2027-05-11,2027-05-13,exact,Boston,United States,in-person,English,https://www.dbta.com/DataSummit/2027/CallForSpeakers.aspx,https://www.dbta.com/DataSummit/2027/CallForSpeakers.aspx,open,Public call for speakers.,,"Proposal for conference tracks including agentic AI, data engineering and operational AI.",,,,,,,,2026-09-05T00:18:00-06:00,src-failure-improvement-ev-fi-datasummit-current;src-parallelization-ev-pa-datasummit-current,"Format, economics, rights, accessibility, attendance and eligibility details unknown."
ed-evt-eurostar-software-testing-conference-eurostar-2027,evt-eurostar-software-testing-conference,EuroSTAR 2027,https://conference.eurostarsoftwaretesting.com/,2027-05-11,2027-05-14,exact,Copenhagen,Denmark,in-person,English,https://conference.eurostarsoftwaretesting.com/call-for-submissions/,https://conference.eurostarsoftwaretesting.com/call-for-submissions/,open,Public call; practitioner stories and practical lessons encouraged.,Current exact session duration not found; talks and workshops requested.,"Proposal aligned to 2027 theme 'Sharpening the Craft'; failures, AI, automation and practical takeaways welcomed.",,,,,,Attendees from 40+ countries,,2026-09-04T23:40:00-06:00,src-benchmarks-ev-eurostar-current;src-failure-improvement-ev-fi-euro-current;src-failure-improvement-ev-fi-euro-past1;src-failure-improvement-ev-fi-euro-past2;src-parallelization-ev-pa-euro-current;src-parallelization-ev-pa-euro-past1;src-parallelization-ev-pa-euro-past2,"Speaker economics, current durations, recording rights, accessibility, and deadline time zone unknown | Current format durations, economics, rights, accessibility, attendance and multiple-submission rules unknown. | MERGE CONFLICTS/VARIANTS — date_status: exact | confirmed; eligibility: Public call; practitioner stories and practical lessons encouraged. | Practitioner experience and personal stories expected; formats_and_durations: Current exact session duration not found; talks and workshops requested. | Talk types listed; exact current durations not captured; submission_requirements: Proposal aligned to 2027 theme 'Sharpening the Craft'; failures, AI, automation and practical takeaways welcomed. | Proposal with tangible takeaways and personal experience; verified_at: 2026-09-04T23:40:00-06:00 | 2026-09-04T23:00:00-06:00"
ed-evt-saastr-ai-annual-saastr-ai-annual-2027,evt-saastr-ai-annual,SaaStr AI Annual 2027,https://www.saastrannual.com/summer-splash,2027-05-11,2027-05-12,exact,San Mateo,USA,in-person,English,https://www.saastrannual.com/speaker-submission,https://www.saastrannual.com/speaker-submission,rolling,Public apply-to-speak link exists; form fields and detailed eligibility were not extractable,"Mainstage, workshops, roundtables; precise public application durations unknown",unknown,unknown,unknown,unknown,unknown,unknown,"10,000+ founders, executives, and VCs claimed",2027,2026-09-04T12:00:00-06:00,src-free-tier-src-saastr-2027;src-free-tier-src-saastr-speaker,"Application deadline, selection rules, speaker costs/travel/rights, and whether talk is sufficiently founder/GTM oriented"
ed-evt-ohio-state-learning-design-day-ohio-state-learning-design-day-2027,evt-ohio-state-learning-design-day,Ohio State Learning Design Day 2027,https://cete.osu.edu/ohio-state-learning-design-day-call-for-proposals/,2027-05-13,2027-05-13,exact,Columbus,USA,in-person,English,https://cete.osu.edu/ohio-state-learning-design-day-call-for-proposals/,https://cete.osu.edu/ohio-state-learning-design-day-call-for-proposals/,open,Public page invites proposals but repeatedly frames the event as learning design at OSU; external-presenter eligibility is not explicit,"45-50-minute presentation, workshop, or demonstration",Abstract max 500 words; 50-word description; 1-3 objectives; max two facilitators; accessibility integrated into materials,unknown,unknown,unknown,unknown,Presenters must ensure accessible materials,Inaugural local symposium; at least eight breakouts planned,2027,2026-09-04T23:00:00-06:00,src-skeptic-education-ev-023,"External eligibility, registration, compensation, travel, rights, and attendance unknown"
ed-evt-ohio-state-learning-design-day-fresh-ideas-ohio-state-learning-desig,evt-ohio-state-learning-design-day-fresh-ideas,Ohio State Learning Design Day 2027,https://cete.osu.edu/ohio-state-learning-design-day-call-for-proposals/,2027-05-13,2027-05-13,exact,Columbus,United States,in-person,English,https://cete.osu.edu/ohio-state-learning-design-day-call-for-proposals/,https://cete.osu.edu/ohio-state-learning-design-day-call-for-proposals/,open,No external-presenter restriction stated; maximum two facilitators,"45-50 minute presentation, interactive workshop, or demonstration",Title; track; <=500-word abstract; <=50-word description; format; 1-3 objectives; technology needs; facilitators; accessibility integrated,,Not stated,Not stated,,Materials must be fully accessible; accessibility is part of selection criteria,Inaugural small learning-design symposium,2027,2026-09-04T12:00:00-06:00,src-evidence-learning-src-osu-cfp,"No history; deadline year is implied by the 2027 page; compensation, travel, speaker costs, and rights unknown."
ed-evt-atd-international-conference-and-expo-atd27,evt-atd-international-conference-and-expo,ATD27,https://atdconference.td.org/,2027-05-16,2027-05-19,exact,Boston,USA,in-person,English,https://www.td.org/international-conference-and-expo-speaking-opportunities,https://www.td.org/atd-international-conference-and-expo-proposal-selection-criteria,closed,Talent-development professionals; previous ATD speaking experience may be considered,Conference education session; precise durations not captured,Maximum two proposals per individual/company; practical strategies and real-world experience,Unpaid,none,One complimentary full-conference registration per speaker; speaker pays travel and living expenses,unknown,Accessibility requests supported by stated deadline,Large global L&D audience; organizer calls it world's largest L&D conference,2027,2026-09-04T23:00:00-06:00,src-skeptic-education-ev-038;src-skeptic-education-ev-039,Recording rights and Dan's workplace-L&D credibility unknown; deadline passed
ed-evt-lilly-conference-austin-lilly-austin-2027,evt-lilly-conference-austin,Lilly Austin 2027,https://www.lillyconferences-tx.com/proposals,2027-05-17,2027-05-19,exact,Austin,United States,in-person,English,https://www.lillyconferences-tx.com/proposals,https://www.lillyconferences-tx.com/proposals,open-rolling,Higher-education teaching-and-learning contributors; exact presenter credential rules not found,Exact 2027 session formats/durations not found in accessible page,10-word title; 25-word key statement; 100-word abstract; three outcomes; two tracks; 3-5 references,unknown,unknown,Registration and travel obligations not found,unknown,ADA accommodations requested in writing before registration and at least three months before event,Series reports 125+ colleges/universities and 30+ states per conference,2026,2026-09-04T12:00:00-06:00,src-evidence-learning-src-lilly-series;src-evidence-learning-src-lilly-austin-cfp;src-skeptic-education-ev-007;src-skeptic-education-ev-006,"CFP can close early; registration costs, compensation, travel, rights, and specific past-session evidence unknown. | Deadline absent from reviewed page; CFP form URL, durations, economics, rights, accessibility, and Dan's affiliation unknown | MERGE CONFLICTS/VARIANTS — edition_url: https://www.lillyconferences-tx.com/proposals | https://www.lillyconferences.com/; country: United States | USA; cfp_url: https://www.lillyconferences-tx.com/proposals | https://www.lillyconferences.com/; guidelines_url: https://www.lillyconferences-tx.com/proposals | https://www.lillyconferences.com/; cfp_status: open-rolling | open; eligibility: Higher-education teaching-and-learning contributors; exact presenter credential rules not found | Higher-education teaching community; affiliation requested but restriction not stated; formats_and_durations: Exact 2027 session formats/durations not found in accessible page | 20- or 40-minute presentation; roundtable; digital poster; submission_requirements: 10-word title; 25-word key statement; 100-word abstract; three outcomes; two tracks; 3-5 references | Blind peer review; expected scholarly/evidence-based teaching contribution; accessibility: ADA accommodations requested in writing before registration and at least three months before event | unknown; attendance_value: Series reports 125+ colleges/universities and 30+ states per conference | AI and the Future of Evidence-Based Teaching in Higher Education; attendance_year: 2026 | 2027; verified_at: 2026-09-04T12:00:00-06:00 | 2026-09-04T23:00:00-06:00"
ed-evt-open-source-summit-north-america-open-source-summit-north-america-20,evt-open-source-summit-north-america,Open Source Summit North America 2027,https://events.linuxfoundation.org/open-source-summit-north-america/,2027-05-17,2027-05-19,confirmed,Vancouver,Canada,in-person,English,https://events.linuxfoundation.org/open-source-summit-north-america/,https://events.linuxfoundation.org/open-source-summit-north-america/,announced-not-open,,,,,,,,,,,2026-09-04T23:00:00-06:00,src-adaptive-systems-ev-lf-calendar;src-benchmarks-ev-lf-calendar,"Official calendar says CFP details coming soon; exact AI/agent tracks and all submission economics unknown. | CFP dates, tracks, formats, terms, economics, rights, and accessibility not published | MERGE CONFLICTS/VARIANTS — edition_url: https://events.linuxfoundation.org/open-source-summit-north-america/ | https://events.linuxfoundation.org/about/calendar/; date_status: confirmed | exact; cfp_url: https://events.linuxfoundation.org/open-source-summit-north-america/ | https://events.linuxfoundation.org/about/calendar/; guidelines_url: https://events.linuxfoundation.org/open-source-summit-north-america/ | https://events.linuxfoundation.org/about/calendar/; verified_at: 2026-09-04T23:00:00-06:00 | 2026-09-04T23:30:00-06:00"
ed-evt-experts-live-uk-experts-live-uk-2027,evt-experts-live-uk,Experts Live UK 2027,https://expertslive.co.uk/,2027-05-18,2027-05-20,exact,London,United Kingdom,in-person,English,https://expertslive.co.uk/become-a-speaker/,https://expertslive.co.uk/become-a-speaker/,announced-not-open,"Talk must be based on something built, broken, or run in production; Microsoft-estate focus",45 or 75 minutes including Q&A,Actionable practitioner story; no product pitch,Full conference ticket and speaker dinner,Accommodation help for travelling speakers by discussion,,Session recording and channel amplification stated,,50,2026,2026-09-04T23:30:00-06:00,src-adaptive-systems-ev-eluk-current,CFP dates are provisional until Sessionize opens; fit is weak without a Microsoft 365/Copilot case study; travel cap and honorarium unknown.
ed-evt-saastock-europe-ai-growth-summit-ai-growth-summit-europe-2027,evt-saastock-europe-ai-growth-summit,AI Growth Summit Europe 2027,https://saastock.com/,2027-05-24,2027-05-26,exact,London,UK,in-person,English,,,invitation-only-or-unknown,unknown,unknown,unknown,unknown,unknown,unknown,unknown,unknown,"3,000 attendees claimed",2027,2026-09-04T12:00:00-06:00,src-free-tier-src-saastock-speakers;src-free-tier-src-saastock-home,No public editorial speaker application found after acquisition; only sponsorship contact was prominent
ed-evt-devops-pro-europe-devops-pro-europe-2027,evt-devops-pro-europe,DevOps Pro Europe 2027,https://devopsproeurope.eu/,2027-05-25,2027-05-28,exact,Riga,Latvia,in-person,English,https://devopsproeurope.eu/faq/,https://devopsproeurope.eu/faq/,open-undated,Public Airtable call.,Talks; workshops; panels; track hosting; durations not stated,"English proposal for DevOps, SRE, platform or adjacent track.",,,,,,700+ attendees and 100+ speakers from 35+ countries advertised,2027,2026-09-05T00:22:00-06:00,src-failure-improvement-ev-fi-devopspro-current;src-parallelization-ev-pa-devopspro-current,"Deadline, format durations, economics, rights, accessibility and multiple-submission rules unknown. Attendance is an organizer projection."
ed-evt-expo-qa-expo-qa-2027,evt-expo-qa,expo:QA 2027,https://expoqa.com/,2027-05-25,2027-05-27,exact,Madrid,Spain,in-person,English; Spanish support appears in program but CFP language policy unknown,https://expoqa.com/call-for-speaker/,https://expoqa.com/call-for-speaker/,open,Public call for speakers.,Regular talk; master class; keynote; half-day workshop; exact durations not published on captured page.,Topic and abstract aligned to 'Reinventing Quality in the Age of AI.',,,,,,40,2027,2026-09-04T23:45:00-06:00,src-benchmarks-ev-expoqa-current;src-failure-improvement-ev-fi-expo-current;src-failure-improvement-ev-fi-expo-past1;src-failure-improvement-ev-fi-expo-past2;src-parallelization-ev-pa-expo-current;src-parallelization-ev-pa-expo-past1;src-parallelization-ev-pa-expo-past2,"Venue, talk durations, speaker economics, rights, accessibility, and language policy unknown | Language, durations, economics, rights, accessibility, attendance, eligibility and multiple-proposal rules unknown. | MERGE CONFLICTS/VARIANTS — edition_label: expo:QA 2027 | EXPOQA 2027; date_status: exact | confirmed; eligibility: Public call for speakers. | Practical experience, lessons, innovative ideas, or case studies; formats_and_durations: Regular talk; master class; keynote; half-day workshop; exact durations not published on captured page. | Half-day workshop; keynote; regular talk; master class; submission_requirements: Topic and abstract aligned to 'Reinventing Quality in the Age of AI.' | Proposal through Typeform; verified_at: 2026-09-04T23:45:00-06:00 | 2026-09-04T23:00:00-06:00"
ed-evt-elearning-africa-elearning-africa-2027,evt-elearning-africa,eLearning Africa 2027,https://www.elearning-africa.com/conference2027/,2027-05-26,2027-05-28,exact,Lome,Togo,in-person,English; French,https://proposals.elearning-africa.com/,https://proposals.elearning-africa.com/,unknown,Preference for African experts and practitioners; commercial proposals routed to paid partnerships,Multiple interactive session types; detailed 2027 format list not captured,"Synopsis max 300 words, audience, outcomes, materials, experience, bio, headshot, organization details",Not stated,none,"Accepted speakers must fund flight, accommodation, and registration; regular fee EUR 790 early / EUR 890 standard",unknown,unknown,"Official history: 24,000 participants from 100+ countries over 20 years; 80%+ from Africa",2027,2026-09-04T23:00:00-06:00,src-skeptic-education-ev-028;src-skeptic-education-ev-029;src-skeptic-education-ev-075;src-skeptic-education-ev-076,2027 topic pages link to a form that still says 2026 deadline passed; status and deadline conflict; Dan's Africa connection and budget unknown
ed-evt-teaching-and-learning-with-ai-conference-teaching-and-learning-with-,evt-teaching-and-learning-with-ai-conference,Teaching and Learning with AI 2027,https://aiforall.ucf.edu/teachwithai/,2027-06-01,2027-06-03,exact,Orlando,United States,in-person,English,https://aiforall.ucf.edu/teachwithai/,https://aiforall.ucf.edu/teachwithai/,announced-not-open,"Higher-education professionals, researchers, and policymakers; detailed 2027 eligibility forthcoming",30-minute concurrent slots visible in agenda-at-a-glance; other formats forthcoming,Guidelines not yet published,unknown,Not stated,All presenters must register; presenter price TBA,unknown,unknown,International higher-education AI teaching audience; attendance not verified,2027,2026-09-04T12:00:00-06:00,src-evidence-learning-src-ucf-2027;src-evidence-learning-src-ucf-2024-authentic;src-evidence-learning-src-ucf-2024-assessment;src-skeptic-education-ev-019;src-skeptic-education-ev-020;src-skeptic-education-ev-071;src-skeptic-education-ev-072,"CFP opens 2026-10-05; exact submission fields, travel support, compensation, rights, accessibility, and presenter fee unknown. | Submission schema, eligibility, presenter price, compensation, travel, rights, accessibility, and Dan's affiliation unknown | MERGE CONFLICTS/VARIANTS — country: United States | USA; eligibility: Higher-education professionals, researchers, and policymakers; detailed 2027 eligibility forthcoming | Higher-education practitioners, researchers, and policymakers; K-12 educators also encouraged; formats_and_durations: 30-minute concurrent slots visible in agenda-at-a-glance; other formats forthcoming | 2027 agenda shows 30-minute concurrent sessions; full guidelines pending; submission_requirements: Guidelines not yet published | Guidelines not yet posted; travel_support: Not stated | unknown; attendance_value: International higher-education AI teaching audience; attendance not verified | International higher-education AI-specialist audience; fifth annual edition; verified_at: 2026-09-04T12:00:00-06:00 | 2026-09-04T23:00:00-06:00"
ed-evt-tokenomicon-finops-x-tokenomicon-finops-x-2027,evt-tokenomicon-finops-x,Tokenomicon + FinOps X 2027,https://www.tokenomicon.com/,2027-06-07,2027-06-10,exact,San Diego,USA,in-person,English,,,announced-not-open,Prior FinOps X breakout and Chalk Talk formats limited to practitioners/end users; lightning talks open to all; 2027 rules unknown,Prior cycle: 45-minute breakout including Q&A; 90-minute Chalk Talk; lightning talk duration not stated,Prior cycle demands actionable points and real-world examples/data,unknown,unknown,unknown,FinOps site content is CC BY 4.0; event recording agreement unknown,unknown,unknown,,2026-09-04T12:00:00-06:00,src-free-tier-src-tokenomicon-home;src-free-tier-src-finopsx-guide;src-free-tier-src-finopsx-2027,2027 CFP dates/rules; Dan's practitioner/end-user status; real-world data permissions; all economics and travel
ed-evt-conf42-conf42-large-language-models-2027,evt-conf42,Conf42 Large Language Models 2027,https://www.conf42.com/llms2027,2027-06-10,2027-06-10,exact,,Global,remote,English,https://www.conf42.com/,https://www.conf42.com/,unknown,Series shows Call For Papers but edition-specific intake not verified,,,,,,Published online; exact license/rights unknown,,9100,2026,2026-09-04T23:30:00-06:00,src-adaptive-systems-ev-conf42-series;src-adaptive-systems-ev-conf42-past1,"Deadline, economics, duration, and rights unknown."
ed-evt-teaching-professor-conference-teaching-professor-conference-2027,evt-teaching-professor-conference,Teaching Professor Conference 2027,https://www.magnapubs.com/teaching-professor-conference-2027/,2027-06-11,2027-06-13,exact,Atlanta,USA,in-person,English,https://www.magnapubs.com/teaching-professor-conference/call-for-proposals/,https://www.magnapubs.com/teaching-professor-conference/call-for-proposals,no-current-cfp,Higher-education teaching practitioners; historical call open to peers with practical evidence-based ideas,Historical 2026 formats: 20- and 60-minute concurrent sessions and posters,2027 CFP not posted; historical proposal required learning outcomes and practical fit,unknown,none,"Historical 2026 presenters paid registration, lodging, travel, and handout costs; 2027 attendee registration starts USD 899",unknown,unknown,24th annual practical college-teaching conference,2027,2026-09-04T23:00:00-06:00,src-skeptic-education-ev-036;src-skeptic-education-ev-037,2027 CFP dates and speaker rate unknown; no current route verified
ed-evt-isls-annual-meeting-icls-and-cscl-isls-annual-meeting-2027,evt-isls-annual-meeting-icls-and-cscl,ISLS Annual Meeting 2027,https://2027.isls.org/,2027-06-12,2027-06-16,exact,,,in-person,English,https://2027.isls.org/icls-2027-call-for-proposals/,https://2027.isls.org/icls-2027-call-for-proposals/,open,"Researchers and practitioners may contribute; contribution must fit empirical, conceptual, methodological, or design research categories","Long/short papers, posters, symposia, preconference workshops",Research-form contribution with empirical validation or literature/theory basis; publication-ready final submission,,,,,,International learning-sciences research audience,,2026-09-04T12:00:00-06:00,src-evidence-learning-src-isls-cfp,"Location, costs, rights, accessibility, and whether existing talk has enough original scholarship for paper route are unknown."
ed-evt-aalhe-annual-conference-aalhe-2027-conference,evt-aalhe-annual-conference,AALHE 2027 Conference,https://www.aalhe.org/annual-conference,2027-06-14,2027-06-16,exact,Milwaukee,United States,in-person,English,https://www.aalhe.org/annual-conference,https://www.aalhe.org/annual-conference,unknown,Grant applicants must be members in good standing or have an accepted proposal; general presenter eligibility not stated,"Prior listed formats: symposium, presentation, dialogue/skills building, poster; 2027 durations unknown",CFP window mentioned but not published on reviewed official page,,Separate grant may cover main registration or membership for eligible applicant,Registration required; fee unknown,,,National assessment-practitioner audience; attendance not verified,,2026-09-04T12:00:00-06:00,src-evidence-learning-src-aalhe-2027;src-evidence-learning-src-aalhe-2026-program,"No 2027 CFP dates/status or proposal form found; economics, rights, and accessibility incomplete."
ed-evt-product-led-summit-product-led-summit-seattle-2027,evt-product-led-summit,Product-Led Summit Seattle 2027,https://world.productledalliance.com/location/seattle,2027-06-16,2027-06-17,exact,Seattle,United States,in-person,English,https://world.productledalliance.com/location/seattle/requesttospeak,https://world.productledalliance.com/location/seattle/speakers,open-undated,Form requires company and business email; selection criteria not published.,"Agenda includes keynotes, panels and interactive formats; exact speaker duration not published.","Speaker-interest form with identity, title, company and business email; proposal fields not exposed on first step.",,,,On-demand access advertised; exact speaker rights unknown.,,100+ product professionals advertised,2027,2026-09-04T21:10:00-06:00,src-judgment-ev-ju-pls-current;src-judgment-ev-ju-pls-past1;src-judgment-ev-ju-pls-past2;src-product-engineering-ev-pe-pls-current;src-product-engineering-ev-pe-pls-past1;src-product-engineering-ev-pe-pls-past2,"Deadline, full requirements, economics, accessibility, rights, and Dan's company/business-email eligibility unknown."
ed-evt-usdla-national-conference-usdla-2027-national-conference,evt-usdla-national-conference,USDLA 2027 National Conference,https://usdla.org/events/national-conference/,2027-06-21,2027-06-24,exact,Cleveland,United States,hybrid,English,https://usdla.org/events/call-for-proposals/,https://usdla.org/events/call-for-proposals/,open,"Open across higher education, K-12, corporate, government, military, and telehealth; first-time speakers encouraged",45-minute concurrent; extended time may be requested; onsite or virtual,10-word title; 200-word abstract; detailed description; objectives; engagement plan; bio; no sales pitch,Not stated,Not stated,Presenter registration USD 300 onsite or USD 100 virtual; full-conference registration required,Abstracts published in program,unknown,Cross-sector distance-learning audience; attendance not verified,2027,2026-09-04T12:00:00-06:00,src-evidence-learning-src-usdla-cfp;src-evidence-learning-src-usdla-2026-program;src-skeptic-education-ev-010;src-skeptic-education-ev-011;src-skeptic-education-ev-065;src-skeptic-education-ev-066,"Virtual component dates remain TBD; compensation, travel support, rights, and accessibility are unknown. | Virtual dates, compensation, travel support, recording rights, accessibility, and Dan's preferred mode/budget unknown | MERGE CONFLICTS/VARIANTS — edition_url: https://usdla.org/events/national-conference/ | https://usdla.org/events/call-for-proposals/; country: United States | USA; eligibility: Open across higher education, K-12, corporate, government, military, and telehealth; first-time speakers encouraged | Open to practitioners across multiple education and training sectors; first-time speakers encouraged; formats_and_durations: 45-minute concurrent; extended time may be requested; onsite or virtual | 45-minute concurrent session; onsite or virtual component; submission_requirements: 10-word title; 200-word abstract; detailed description; objectives; engagement plan; bio; no sales pitch | Detailed description, learning objectives, takeaways, and engagement plan; multiple proposals allowed; compensation: Not stated | unknown; travel_support: Not stated | unknown; speaker_costs: Presenter registration USD 300 onsite or USD 100 virtual; full-conference registration required | $300 onsite presenter registration; $100 virtual presenter fee; recording_rights: Abstracts published in program | unknown; attendance_value: Cross-sector distance-learning audience; attendance not verified | Cross-sector national distance-learning audience; verified_at: 2026-09-04T12:00:00-06:00 | 2026-09-04T23:00:00-06:00"
ed-evt-voxxed-days-luxembourg-voxxed-days-luxembourg-2027,evt-voxxed-days-luxembourg,Voxxed Days Luxembourg 2027,https://luxembourg.voxxeddays.com/en/,2027-06-21,2027-06-22,exact,Luxembourg,Luxembourg,in-person,English,https://luxembourg.voxxeddays.com/en/,https://luxembourg.voxxeddays.com/en/,announced-not-open,unknown,unknown,CFP announced for early November through December 2026,unknown,unknown,unknown,unknown,unknown,70+ talks,2027,2026-09-04T12:00:00-06:00,src-retrieval-src-voxxed-lux,"Exact open/close dates, format, economics, rights, accessibility, travel"
ed-evt-platformcon-platformcon-flagship-week-2027,evt-platformcon,PlatformCon Flagship Week 2027,https://platformcon.com/,2027-06-22,2027-06-24,exact,London; New York; online,UK; USA; online,hybrid,English,,,announced-not-open,unknown,unknown,unknown,unknown,unknown,unknown,Official site says virtual flagship talks are streamed free and available on demand,unknown,"280,000+ community members claimed",2027,2026-09-04T12:00:00-06:00,src-free-tier-src-platformcon-home,Whether one submission covers virtual/London/New York; CFP dates; formats; economics; travel
ed-evt-ala-annual-conference-and-exhibition-ala-annual-conference-2027,evt-ala-annual-conference-and-exhibition,ALA Annual Conference 2027,https://www.ala.org/conferencesevents/,2027-06-24,2027-06-28,exact,New Orleans,United States,in-person planned,English,https://www.ala.org/conferencesevents/ala-annual-2027-call-proposals,https://www.ala.org/conferencesevents/ala-annual-2027-call-proposals,open,Education program and poster calls are open; library relevance must be made explicit,Education programs and posters; durations in linked guides not reviewed,Separate education-program form and guide; learning objectives; rubric,unknown,No travel or accommodation support stated,"Presenter responsible for travel, accommodation, and registration; discounted registration offered",May be asked to consent to recording,Conference conduct policy; possible recording consent,Large cross-sector library audience; exact attendance not verified,2027,2026-09-04T12:00:00-06:00,src-evidence-learning-src-ala-cfp;src-skeptic-education-ev-024,"Talk needs an academic-library/information-literacy angle; exact formats, accessibility terms, fee, and rights language are unknown. | Weak direct library fit unless pitched for librarians/faculty partners; rates, rights, accessibility, and Dan's library experience unknown | MERGE CONFLICTS/VARIANTS — edition_label: ALA Annual Conference 2027 | ALA Annual 2027; edition_url: https://www.ala.org/conferencesevents/ | https://2027.alaannual.org/; country: United States | USA; mode: in-person planned | in-person; eligibility: Education program and poster calls are open; library relevance must be made explicit | Open call; no membership requirement stated on the reviewed page; formats_and_durations: Education programs and posters; durations in linked guides not reviewed | Education program or poster; duration in submission guide not reviewed; submission_requirements: Separate education-program form and guide; learning objectives; rubric | Separate proposal systems; learning objectives and rubric supplied; travel_support: No travel or accommodation support stated | none; speaker_costs: Presenter responsible for travel, accommodation, and registration; discounted registration offered | Presenters pay travel, lodging, and registration; exclusive presenter discount; recording_rights: May be asked to consent to recording | unknown; attendance_value: Large cross-sector library audience; exact attendance not verified | Large national library audience; verified_at: 2026-09-04T12:00:00-06:00 | 2026-09-04T23:00:00-06:00"
ed-evt-product-at-heart-product-at-heart-2027,evt-product-at-heart,Product at Heart 2027,https://productatheart.com/conference,2027-06-24,2027-06-25,exact,Hamburg,Germany,in-person,English,,https://productatheart.com/conference,no-public-route-found,"Independently curated; four keynotes and themed sessions announced, public application not found.",Workshops June 24; one-stage conference June 25; durations not stated.,,,,,,,Attendees from 27 countries reported for 2026,2026,2026-09-04T22:00:00-06:00,src-judgment-ev-ju-pah-current;src-judgment-ev-ju-pah-past1;src-judgment-ev-ju-pah-past2;src-product-engineering-ev-pe-pah-current;src-product-engineering-ev-pe-pah-past1;src-product-engineering-ev-pe-pah-past2,"No CFP/status/deadline, economics, rights, accessibility or attendance count."
ed-evt-istelive-istelive-27,evt-istelive,ISTELive 27,https://conference.iste.org/2027/,2027-06-27,2027-06-30,exact,Boston,USA,hybrid,English,https://conference.iste.org/2027/presenters/submit_proposal.php,https://conference.iste.org/2027/presenters/submit_proposal.php,open,Educators at all career stages and locations; solution providers allowed when educational and non-promotional,Multiple formats including 60-minute Innovator Talk/interactive formats and shorter options; exact 2027 durations require guide review,"Up to five proposals; title, description, outcomes, audience, resources, presenter profile; adult presenters register",unknown,unknown,All adult presenters must register; travel/lodging not stated on the reviewed page,unknown,unknown,Hybrid reach; 2026 acceptance rates published by format,2026,2026-09-04T23:00:00-06:00,src-skeptic-education-ev-001;src-skeptic-education-ev-002;src-skeptic-education-ev-061;src-skeptic-education-ev-062,"Registration price, travel support, rights, accessibility details, and Dan's eligibility/affiliation remain unknown"
ed-evt-ldx3-leaddev-ldx3-london-2027,evt-ldx3-leaddev,LDX3 London 2027,https://leaddev.com/leaddev-london/,2027-06-28,2027-06-29,exact,London,United Kingdom,in-person,English,,https://leaddev.com/leaddev-london/,announced-not-open,No 2027 CFP found; 2026 CFP welcomed first-time through seasoned speakers.,Multi-track talks and workshops; current durations not stated.,,,,,On-demand videos published for prior event; rights unknown.,,,,2026-09-04T21:55:00-06:00,src-judgment-ev-ju-lead-current;src-judgment-ev-ju-lead-past1;src-judgment-ev-ju-lead-past2;src-product-engineering-ev-pe-lead-current;src-product-engineering-ev-pe-lead-past1;src-product-engineering-ev-pe-lead-past2,"2027 submission route/deadline, economics, format, rights and accessibility unknown."
ed-evt-ldx3-london-leaddev-ldx3-london-2027,evt-ldx3-london-leaddev,LDX3 London 2027,https://leaddev.com/,2027-06-28,2027-06-29,exact,London,UK,in-person,English,,,announced-not-open,unknown,unknown,unknown,unknown,unknown,unknown,unknown,unknown,unknown,,2026-09-04T12:00:00-06:00,src-retrieval-src-leaddev-home;src-retrieval-src-leaddev-past,"No current CFP found; formats, economics, rights, accessibility, and exact venue unknown"
ed-evt-herdsa-annual-conference-herdsa-2027,evt-herdsa-annual-conference,HERDSA 2027,https://conference.herdsa.org.au/2027/,2027-07-05,2027-07-08,exact,Canberra,Australia,in-person,English,https://conference.herdsa.org.au/2027/,https://conference.herdsa.org.au/2027/,announced-not-open,"Higher-education educators, researchers, developers, designers, leaders, students, and stakeholders","Workshops, scholarly presentations, interactive sessions; dedicated virtual day July 6",2027 call not yet posted; historical 2026 cycle suggests research/practice submissions,unknown,"Student and early-career grants up to AUD 1,500 for eligible applicants",unknown,unknown,unknown,Established Australasian higher-education teaching-and-learning association,2027,2026-09-04T12:00:00-06:00,src-evidence-learning-src-herdsa-2027;src-skeptic-education-ev-030;src-skeptic-education-ev-031,"Important-dates widget shows stale 2022/2023 labels and cannot establish 2027 CFP dates; economics, rights, accessibility, and formats unknown. | Official page shows stale 2022/2023 important dates; do not use them. 2027 CFP dates, fees, rights, economics, and eligibility unknown | MERGE CONFLICTS/VARIANTS — mode: in-person | hybrid; cfp_status: announced-not-open | unknown; eligibility: Higher-education educators, researchers, developers, designers, leaders, students, and stakeholders | Higher-education research and development community; formats_and_durations: Workshops, scholarly presentations, interactive sessions; dedicated virtual day July 6 | Not found; attendance_value: Established Australasian higher-education teaching-and-learning association | Australasian and international higher-education community; verified_at: 2026-09-04T12:00:00-06:00 | 2026-09-04T23:00:00-06:00"
ed-evt-advance-he-teaching-and-learning-conference-advance-he-teaching-and-,evt-advance-he-teaching-and-learning-conference,Advance HE Teaching and Learning Conference 2027,https://advance-he.ac.uk/programmes-events/teaching-learning-conference/,2027-07-06,2027-07-08,exact,,United Kingdom,in-person,English,https://advance-he.ac.uk/programmes-events/teaching-learning-conference/,https://advance-he.ac.uk/programmes-events/teaching-learning-conference/,unknown,Audience is broad higher-education teaching and learning; no public speaker eligibility found,"Keynotes, interactive sessions, panels, workshops",,,,,,,Flagship international higher-education teaching conference,,2026-09-04T12:00:00-06:00,src-evidence-learning-src-advancehe-2027;src-evidence-learning-src-advancehe-2026-program,"Booking is open but a speaker CFP was not found; city, economics, rights, accessibility, and route are unknown."
ed-evt-international-conference-on-learning-thirty-fourth-international-con,evt-international-conference-on-learning,Thirty-Fourth International Conference on Learning,https://thelearner.com/2027-conference,2027-07-07,2027-07-09,exact,Thessaloniki,Greece,hybrid,English,https://thelearner.com/2027-conference/call-for-papers,https://thelearner.com/2027-conference/call-for-papers,open,"Educators, researchers, policymakers, and practitioners; publication-oriented review",Presentation formats not fully captured in this run,Proposal plus optional publication path; exact requirements not captured,unknown,unknown,unknown,unknown,unknown,International multidisciplinary learning-research network,2027,2026-09-04T23:00:00-06:00,src-skeptic-education-ev-025,"Deadline, fees, speaker economics, rights, accessibility, and research-evidence expectations need direct guideline review"
ed-evt-saastock-usa-ai-growth-summit-ai-growth-summit-usa-2027,evt-saastock-usa-ai-growth-summit,AI Growth Summit USA 2027,https://saastock.com/,2027-09-06,2027-09-08,exact,San Francisco,USA,in-person,English,,,invitation-only-or-unknown,unknown,unknown,unknown,unknown,unknown,unknown,unknown,unknown,"3,000 attendees claimed",2027,2026-09-04T12:00:00-06:00,src-free-tier-src-saastock-speakers;src-free-tier-src-saastock-home,No public editorial speaker application found after acquisition; only sponsorship contact was prominent
ed-evt-enrio-congress-enrio-congress-2027,evt-enrio-congress,ENRIO Congress 2027,https://www.enrio.eu/enrio-congress/enrio2027/,2027-09-07,2027-09-09,exact,Bucharest,Romania,in-person,English,https://www.enrio.eu/enrio-congress/enrio2027/,https://www.enrio.eu/enrio-congress/enrio2027/,unknown,"Research-integrity officers, trainers, policymakers, researchers, and funders",,,,,,,,European research-integrity community,,2026-09-04T12:00:00-06:00,src-evidence-learning-src-enrio-2027,No CFP or public speaker route found; research integrity is adjacent to but distinct from student academic integrity and assessment.
ed-evt-conf42-conf42-observability-2027,evt-conf42,Conf42 Observability 2027,https://www.conf42.com/,2027-09-09,2027-09-09,confirmed,,,online,English,https://www.conf42.com/,https://www.conf42.com/,unknown,,Recorded online talk; duration unverified,Series page lists event; edition-specific intake not verified,,,,,,,,2026-09-04T23:00:00-06:00,src-benchmarks-ev-conf42-series,"CFP status/deadline, duration, economics, rights, and accessibility unknown"
ed-evt-agntcon-mcpcon-europe-agntcon-mcpcon-europe-2027,evt-agntcon-mcpcon-europe,AGNTCon + MCPCon Europe 2027,https://events.linuxfoundation.org/about/calendar/,2027-09-15,2027-09-16,exact,London,United Kingdom,in-person,English,https://events.linuxfoundation.org/about/calendar/,https://events.linuxfoundation.org/about/calendar/,announced-not-open,,,,,,,,,,,2026-09-04T23:30:00-06:00,src-adaptive-systems-ev-lf-calendar,"Official calendar says CFP details coming soon; route, formats, and economics unknown."
ed-evt-educause-annual-conference-educause-2027-annual-conference,evt-educause-annual-conference,EDUCAUSE 2027 Annual Conference,https://events.educause.edu/annual-conference,2027-10-18,2027-10-21,exact,Orlando,USA,hybrid,English,https://events.educause.edu/annual-conference/call-for-proposals,https://events.educause.edu/annual-conference/call-for-proposals,no-current-cfp,Historically open to practitioners; corporate educational CFPs require a higher-ed institutional co-presenter when product/company-specific,"Historical formats include presentations, workshops, posters, meetups, panels, and online delivery",2027 submission rules not announced,unknown,unknown,Historical 2026 presenters pay registration/travel/lodging except workshop benefits; not confirmed for 2027,unknown,unknown,"Officially projected around 10,000 participants for future annual conferences",2027,2026-09-04T23:00:00-06:00,src-skeptic-education-ev-032;src-skeptic-education-ev-033;src-skeptic-education-ev-077;src-skeptic-education-ev-078,"2027 CFP dates/rules/economics not announced; Orlando is in horizon, 2028 is outside horizon; Dan's affiliation unknown"
ed-evt-kubecon-cloudnativecon-north-america-kubecon-cloudnativecon-north-am-e57cb862,evt-kubecon-cloudnativecon-north-america,KubeCon + CloudNativeCon North America 2027,https://events.linuxfoundation.org/kubecon-cloudnativecon-north-america/,2027-11-08,2027-11-11,confirmed,New Orleans,United States,in-person,English,https://events.linuxfoundation.org/kubecon-cloudnativecon-north-america/,https://events.linuxfoundation.org/kubecon-cloudnativecon-north-america/,announced-not-open,,,,,,,,,,,2026-09-04T23:00:00-06:00,src-adaptive-systems-ev-lf-calendar;src-benchmarks-ev-lf-calendar,"Official calendar says CFP details coming soon; all submission and economics details unknown. | CFP dates, tracks, formats, terms, economics, rights, and accessibility not published | MERGE CONFLICTS/VARIANTS — edition_url: https://events.linuxfoundation.org/kubecon-cloudnativecon-north-america/ | https://events.linuxfoundation.org/about/calendar/; date_status: confirmed | exact; cfp_url: https://events.linuxfoundation.org/kubecon-cloudnativecon-north-america/ | https://events.linuxfoundation.org/about/calendar/; guidelines_url: https://events.linuxfoundation.org/kubecon-cloudnativecon-north-america/ | https://events.linuxfoundation.org/about/calendar/; verified_at: 2026-09-04T23:00:00-06:00 | 2026-09-04T23:30:00-06:00"
ed-evt-conf42-conf42-platform-engineering-2027,evt-conf42,Conf42 Platform Engineering 2027,https://www.conf42.com/platform2027,2027-11-18,2027-11-18,exact,,Global,remote,English,https://www.conf42.com/,https://www.conf42.com/,unknown,Series shows Call For Papers but edition-specific intake not verified,,,,,,Published online; exact license/rights unknown,,9100,2026,2026-09-04T23:30:00-06:00,src-adaptive-systems-ev-conf42-series;src-adaptive-systems-ev-conf42-past2,"Deadline, economics, duration, and rights unknown; must pitch planner as a platform control plane."
ed-evt-agentic-engineering-days-zurich-agentic-engineering-days-zurich-2027,evt-agentic-engineering-days-zurich,Agentic Engineering Days Zurich 2027,https://www.agenticdays.com/,,,announced,Zurich,Switzerland,in-person,English,https://www.agenticdays.com/,https://www.agenticdays.com/,announced-not-open,Organizer promises a 2027 CFP,Talk; duration unknown,Organizer promises future CFP,,,,,,344,2026,2026-09-04T23:00:00-06:00,src-adaptive-systems-ev-aed-current;src-benchmarks-ev-agenticdays,"2027 date, venue, deadline, formats, economics, rights, and accessibility unknown. | Dates, opening/deadline, requirements, economics, rights, and accessibility unknown | MERGE CONFLICTS/VARIANTS — verified_at: 2026-09-04T23:00:00-06:00 | 2026-09-04T23:30:00-06:00"
ed-evt-agile-testing-days-agile-testing-days-2027,evt-agile-testing-days,Agile Testing Days 2027,https://agiletestingdays.com/,,,unconfirmed,Potsdam,Germany,in-person,English,https://agiletestingdays.com/,https://agiletestingdays.com/,unknown,,,,,,,,,,,2026-09-04T23:00:00-06:00,src-benchmarks-ev-atd,"Edition dates, CFP status/deadline, formats, economics, rights, and accessibility unverified"
ed-evt-ai-tinkerers-boston-ai-tinkerers-boston-next-relevant-meetup,evt-ai-tinkerers-boston,AI Tinkerers Boston next relevant meetup,https://boston.aitinkerers.org/,,,historical-cycle,Boston,USA,in-person,English,https://boston.aitinkerers.org/,https://boston.aitinkerers.org/,historical-fit-to-monitor,Technical builders using LangChain and related systems,,,,,,,,,,2026-09-04T12:00:00-06:00,src-retrieval-src-ai-tink-boston,"Past form is explicitly closed; no current event, format, economics, or travel details"
ed-evt-ai-tinkerers-calgary-ai-tinkerers-calgary-next-relevant-meetup,evt-ai-tinkerers-calgary,AI Tinkerers Calgary next relevant meetup,https://calgary.aitinkerers.org/,,,historical-cycle,Calgary,Canada,in-person,English,https://calgary.aitinkerers.org/,https://calgary.aitinkerers.org/,historical-fit-to-monitor,Technical builders,"Past call: 5–15-minute talks, demos, or workshops",,unknown,unknown,unknown,unknown,unknown,unknown,,2026-09-04T12:00:00-06:00,src-retrieval-src-ai-tink-calgary,No current event/CFP; economics and travel unknown
ed-evt-ai-tinkerers-seattle-ai-tinkerers-seattle-next-relevant-meetup,evt-ai-tinkerers-seattle,AI Tinkerers Seattle next relevant meetup,https://seattle.aitinkerers.org/,,,historical-cycle,Seattle,USA,in-person,English,https://seattle.aitinkerers.org/,https://seattle.aitinkerers.org/,historical-fit-to-monitor,Technical builders; past call demanded code/demo and a measured improvement,Past developer-tool event: roughly 2-minute demo plus Q&A,unknown,unknown,unknown,unknown,unknown,unknown,unknown,,2026-09-04T12:00:00-06:00,src-retrieval-src-ai-tink-seattle,No current event; existing 15-minute talk is too long and too slide-based
ed-evt-alt-annual-conference-alt-annual-conference-2027,evt-alt-annual-conference,ALT Annual Conference 2027,https://www.alt.ac.uk/events,,,,,,unknown,English,https://www.alt.ac.uk/events,https://www.alt.ac.uk/events,no-current-edition-confirmed,ALT community spans learning-technology practice and research; 2027 rules not available,"2026 formats included 60-minute interactive/panel, 20-minute showcase/presentation, 10-minute poster, 5-minute lightning, and radio",2027 requirements unknown,unknown,unknown,unknown,unknown,unknown,UK and international learning-technology association,,2026-09-04T23:00:00-06:00,src-skeptic-education-ev-044;src-skeptic-education-ev-045,No current 2027 edition or CFP confirmed; year-round workshop/webinar suggestions are accepted by contact but are not a formal open CFP
ed-evt-berlin-buzzwords-berlin-buzzwords-next-cycle,evt-berlin-buzzwords,Berlin Buzzwords next cycle,https://berlinbuzzwords.de/,,,,Berlin,Germany,in-person,English,https://2026.berlinbuzzwords.de/call-for-papers/,https://2026.berlinbuzzwords.de/call-for-papers/,historical-fit-to-monitor,unknown,Prior cycle included talks and 45-minute panels,Detailed description and audience learning; community review,unknown,unknown,unknown,unknown,unknown,unknown,,2026-09-04T12:00:00-06:00,src-retrieval-src-berlin-buzzwords-cfp,2027 edition and CFP not confirmed; all dates/economics unknown
ed-evt-berlin-finops-and-cloud-cost-optimization-berlin-finops-rolling-meet,evt-berlin-finops-and-cloud-cost-optimization,Berlin FinOps rolling meetup route,https://www.meetup.com/berlin-finops/,,,rolling,Berlin,Germany,in-person,unknown,https://www.meetup.com/berlin-finops/,https://www.meetup.com/berlin-finops/,rolling,unknown,unknown,Message organizer; no formal CFP found,unknown,unknown,unknown,unknown,unknown,340 members listed,2026,2026-09-04T12:00:00-06:00,src-free-tier-src-finops-berlin,"No explicit speaker invitation text; next date, language, format, and economics unknown"
ed-evt-bett-asia-bett-asia-2027-reserve-forward-call,evt-bett-asia,Bett Asia 2027 reserve/forward call,https://asia.bettshow.com/page-en/call-for-papers,,,,,,unknown,English,https://asia.bettshow.com/page-en/call-for-papers,https://asia.bettshow.com/page-en/call-for-papers,rolling,"Educator, practitioner, policymaker, researcher, or non-commercial expert; editorial non-promotional content","Sessions, workshops, panels, and practical demonstrations",Form requests profile and proposal information; exact limits not fully captured,unknown,unknown,unknown,unknown,unknown,Regional education leadership and EdTech audience,,2026-09-04T23:00:00-06:00,src-skeptic-education-ev-054,"No 2027 edition date, deadline, location, economics, rights, or accessibility confirmed; form says reserve list or 2027"
ed-evt-cncf-cloud-native-montr-al-cncf-cloud-native-montr-al-next-cost-focu,evt-cncf-cloud-native-montr-al,CNCF Cloud Native Montréal next cost-focused cycle,https://community.cncf.io/montreal/,,,historical-cycle,Montréal,Canada,in-person,English and French,https://community.cncf.io/montreal/,https://community.cncf.io/montreal/,historical-fit-to-monitor,unknown,Past event included talks and lightning talks,unknown,unknown,unknown,unknown,unknown,unknown,unknown,,2026-09-04T12:00:00-06:00,src-free-tier-src-cncf-montreal,The 2024 form is not evidence of a current open route; next event and economics unknown
ed-evt-cncf-cloud-native-thane-cncf-cloud-native-thane-next-finops-cycle,evt-cncf-cloud-native-thane,CNCF Cloud Native Thane next FinOps cycle,https://community.cncf.io/cloud-native-thane/,,,historical-cycle,Thane,India,in-person,English,https://community.cncf.io/cloud-native-thane/,https://community.cncf.io/cloud-native-thane/,historical-fit-to-monitor,unknown,Past FinOps event used roughly 25-30-minute talks,unknown,unknown,unknown,unknown,unknown,unknown,unknown,,2026-09-04T12:00:00-06:00,src-free-tier-src-cncf-thane-finops,The 2025 form is not evidence of a current open route; next event and economics unknown
ed-evt-conf42-conf42-ai-agents-2027,evt-conf42,Conf42 AI Agents 2027,https://www.conf42.com/agents2027,,,unconfirmed,,Global,online,English,https://www.conf42.com/,https://www.conf42.com/,unknown,Public CFP link shown for series; edition-specific intake/status not verified,Recorded online talk; duration unverified,Prerecorded/online mechanics inferred from series format but not confirmed for 2027,,,,,Published online; exact license/rights unknown,9100,2026,2026-09-04T23:00:00-06:00,src-adaptive-systems-ev-conf42-series;src-adaptive-systems-ev-conf42-past1;src-adaptive-systems-ev-conf42-past2;src-benchmarks-ev-conf42-series,"Event date and deadline were not captured from the official edition page; do not treat generic CFP label as open. | Date, CFP status/deadline, duration, economics, rights, and accessibility unknown | MERGE CONFLICTS/VARIANTS — edition_url: https://www.conf42.com/agents2027 | https://www.conf42.com/; date_status: unconfirmed | unknown; mode: online | remote; submission_requirements: Prerecorded/online mechanics inferred from series format but not confirmed for 2027 | Edition appears in series navigation; intake details not verified; verified_at: 2026-09-04T23:00:00-06:00 | 2026-09-04T23:30:00-06:00"
ed-evt-conf42-conf42-mlops-2027,evt-conf42,Conf42 MLOps 2027,https://www.conf42.com/,,,unconfirmed,,,online,English,https://www.conf42.com/,https://www.conf42.com/,unknown,,Recorded online talk; duration unverified,Edition appears in series navigation; intake details not verified,,,,,,,,2026-09-04T23:00:00-06:00,src-benchmarks-ev-conf42-series,"Date, CFP status/deadline, duration, economics, rights, and accessibility unknown"
ed-evt-testbash-ministry-of-testing-continuous-call-for-contributions,evt-testbash-ministry-of-testing,Continuous Call for Contributions,https://www.ministryoftesting.com/software-testing-glossary/call-for-papers,,,rolling,,,hybrid,English,https://www.ministryoftesting.com/software-testing-glossary/call-for-papers,https://help.ministryoftesting.com/en/article/55-what-speakers-need-to-know,rolling,Contribution matched to an event by organizers,"Online pre-recorded 4-30 minutes; in-person generally 20-30 minute talk, 30-minute activity, or 99-minute workshop",Continuous contribution proposal,Online fee offered; exact amount in invitation,Reasonable travel and accommodation covered for in-person contributors,Free event entry,,,Typical TestBash attendance 350-600,,2026-09-04T23:00:00-06:00,src-benchmarks-ev-testbash,"Next matching edition/date, current review cadence, rights, and accessibility details unknown"
ed-evt-devnexus-devnexus-2027,evt-devnexus,Devnexus 2027,https://devnexus.com/,,,announced,Atlanta,United States,in-person,English,https://devnexus.com/,https://devnexus.com/,unknown,,,2027 CFP page not found; 2026 CFP is historical only,,2026 had limited travel/hotel budget; no inference for 2027,,,,1500,2026,2026-09-04T23:30:00-06:00,src-adaptive-systems-ev-devnexus-series;src-adaptive-systems-ev-devnexus-past,"2027 dates, CFP, deadline, formats, and economics unknown; historical deadline cannot be reused."
ed-evt-engineering-leaders-conference-prague-elc-prague-2027,evt-engineering-leaders-conference-prague,ELC Prague 2027,https://www.elc-conference.io/,,,month-only,Prague,Czechia,in-person,English,,https://www.elc-conference.io/,no-public-route-found,Speakers shown as engineering/product leaders; no public submission route verified.,Talks; workshops; mentoring; durations not stated.,,,,,,,500+ attendees and 20+ speakers projected,2027,2026-09-04T21:50:00-06:00,src-judgment-ev-ju-elc-current;src-judgment-ev-ju-elc-past1;src-judgment-ev-ju-elc-past2;src-product-engineering-ev-pe-elc-current;src-product-engineering-ev-pe-elc-past1;src-product-engineering-ev-pe-elc-past2,"Exact April dates, route/status, requirements, economics, rights and accessibility unknown."
ed-evt-finops-chicago-finops-chicago-rolling-meetup-route,evt-finops-chicago,FinOPS Chicago rolling meetup route,https://www.meetup.com/finops-chicago/,,,rolling,Chicago,USA,in-person or online,English,https://www.meetup.com/finops-chicago/,https://www.meetup.com/finops-chicago/,unknown,unknown,unknown,Message organizer; no formal CFP found,unknown,unknown,unknown,unknown,unknown,16 members listed,2026,2026-09-04T12:00:00-06:00,src-free-tier-src-finops-chicago,"Nascent group; no explicit speaker route, next event, format, or economics"
ed-evt-finops-connect-finops-connect-rolling-meetup-route,evt-finops-connect,FinOps Connect rolling meetup route,https://www.meetup.com/finops-connect/,,,rolling,London and virtual,UK,hybrid,English,https://www.meetup.com/finops-connect/,https://www.meetup.com/finops-connect/,rolling,"Open community encourages attending, hosting, or sponsoring meetups",unknown,Organizer-message route; no formal deadline,unknown,unknown,unknown,unknown,unknown,79 members listed,2026,2026-09-04T12:00:00-06:00,src-free-tier-src-finops-connect,"Whether hosting means proposing editorial content; next date, format, economics, and rights"
ed-evt-finops-x-greenops-france-finops-x-greenops-france-rolling-meetup-rou,evt-finops-x-greenops-france,FinOps x GreenOps France rolling meetup route,https://www.meetup.com/fr-fr/meetup-cloud-finops-paris/,,,rolling,Paris,France,in-person; recordings,French,https://www.meetup.com/fr-fr/meetup-cloud-finops-paris/,https://www.meetup.com/fr-fr/meetup-cloud-finops-paris/,rolling,"Group explicitly welcomes practitioners, vendors, associations, and consultants as speakers",unknown,Contact organizer through Meetup or listed LinkedIn route; no formal deadline,unknown,unknown,unknown,Group links a YouTube replay archive,unknown,"1,412 members listed",2026,2026-09-04T12:00:00-06:00,src-free-tier-src-finops-paris,"Presentation language, next date, selection criteria, format, economics, rights, and Dan's travel"
ed-evt-fort-wayne-teaching-and-learning-conference-fort-wayne-teaching-and-,evt-fort-wayne-teaching-and-learning-conference,Fort Wayne Teaching and Learning Conference 2027,https://www.pfw.edu/faculty-support/teaching-and-learning-conference,,,unknown,Fort Wayne,United States,in-person,English,https://www.pfw.edu/faculty-support/teaching-and-learning-conference,https://www.pfw.edu/faculty-support/teaching-and-learning-conference,announced-not-open,"Faculty, staff, and other higher-education educators",45-minute interactive presentation or roundtable,2027 submission details pending,,,,,,Regional teaching-and-learning audience,,2026-09-04T12:00:00-06:00,src-evidence-learning-src-pfw-2027,"Event date, opening/deadline, external-speaker eligibility, economics, rights, and accessibility unknown."
ed-evt-live2test-live2test-2027,evt-live2test,Live2Test 2027,https://live2test.com/,,,unconfirmed,,,unknown,,https://live2test.com/,https://live2test.com/,unknown,,Talk; exact format unknown,Public 'become a speaker' route visible in discovery,,,,,,,,2026-09-04T23:00:00-06:00,src-benchmarks-ev-live2test,"Edition date/location, CFP status/deadline, requirements, economics, rights, and accessibility unverified"
ed-evt-mlops-community-mlops-community-contribution-route,evt-mlops-community,MLOps Community contribution route,https://mlops.community/,,,rolling,,,hybrid,English,https://mlops.community/,https://mlops.community/,unknown,,"Virtual tech talk, meetup talk, workshop, or podcast",No standing public speaker intake verified,,,,,,"90,000+ community members",,2026-09-04T23:00:00-06:00,src-benchmarks-ev-mlops,"Specific edition, intake route, deadline, formats, economics, rights, and accessibility unknown"
ed-evt-mlops-community-meetups-mlops-community-local-meetup-route,evt-mlops-community-meetups,MLOps Community local meetup route,https://mlops.community/meetups,,,rolling,Worldwide,,hybrid,English,https://mlops.community/meetups,https://mlops.community/meetups,rolling,Local chapter selection applies,unknown,Local organizer route; no universal CFP/deadline,unknown,unknown,unknown,unknown,unknown,"70,000+ global community claimed",2026,2026-09-04T12:00:00-06:00,src-retrieval-src-mlops-meetups,"Specific chapter/date, format, economics, language, and whether bridge-level talk fits local depth"
ed-evt-mlops-community-mlops-community-rolling-routes,evt-mlops-community,MLOps Community rolling routes,https://mlops.community/,,,unknown,,Global,hybrid/remote,English,https://mlops.community/,https://mlops.community/,unknown,Community participation; public standing speaker application not located,,"Past individual events expose a Submit a Talk route, but the checked agent-production event was closed",,,,,,,,2026-09-04T23:30:00-06:00,src-adaptive-systems-ev-mlops-series;src-adaptive-systems-ev-mlops-ended,No verified open route or deadline; geography and chapter-level process unknown.
ed-evt-naacl-conference-naacl-2027,evt-naacl-conference,NAACL 2027,https://2027.naacl.org/,,,,,USA,in-person,English,https://2027.naacl.org/calls/main_conference_papers/,https://2027.naacl.org/calls/main_conference_papers/,open-research-paper-route,Requires peer-reviewed original research paper and commitment through ARR,unknown,"Paper submission, revision, review, and commitment workflow",unknown,unknown,unknown,unknown,unknown,unknown,,2026-09-04T12:00:00-06:00,src-retrieval-src-naacl-cfp,Event dates/location and economics not captured; existing talk is not a research paper
ed-evt-oeb-global-oeb-2026,evt-oeb-global,OEB 2026,https://iframe.oeb.global/conference,,,,Berlin,Germany,in-person,English,https://iframe.oeb.global/conference/callforproposals,https://iframe.oeb.global/conference/callforproposals,closed,"Education, workplace training, government, policy, and learning-technology contributors",Active-participation formats including discussions and workshops; exact durations not captured,Practice/research/strategy proposals; non-promotional contribution expected,unknown,unknown,unknown,unknown,unknown,International cross-sector digital-learning reach,2026,2026-09-04T23:00:00-06:00,src-skeptic-education-ev-046;src-skeptic-education-ev-047,"Event dates, submission deadline, economics, rights, accessibility, and detailed format not captured; CFP closed"
ed-evt-producttank-producttank-speaker-directory-and-digital-events,evt-producttank,ProductTank speaker directory and digital events,https://support.mindtheproduct.com/hc/en-us/articles/40000576495508-Nominate-a-ProductTank-speaker,,,rolling,,,online and local in-person,varies by chapter,https://support.mindtheproduct.com/hc/en-us/articles/40000576495508-Nominate-a-ProductTank-speaker,https://www.mindtheproduct.com/takes-speak-mind-product/,rolling,Organizers seek product speakers of varying experience; directory enables chapter discovery.,Local/digital talks and podcast; duration varies.,Join speaker directory; individual organizer selects opportunities.,,,,,,,,2026-09-04T22:35:00-06:00,src-judgment-ev-ju-pt-current;src-judgment-ev-ju-pt-past1;src-judgment-ev-ju-pt-past2;src-product-engineering-ev-pe-pt-current;src-product-engineering-ev-pe-pt-past1;src-product-engineering-ev-pe-pt-past2,"No specific edition, deadline, format, economics, recording terms, accessibility or audience size; location preferences unknown."
ed-evt-quality-land-quality-land-2027,evt-quality-land,Quality Land 2027,https://qualityland.lt/,,,tentative month only,Vilnius,Lithuania,in-person,,https://qualityland.lt/,https://qualityland.lt/,open-undated,Public email-based contribution route shown.,Talk; keynote; evening format mentioned; durations unknown,Pitch via public contact; formal requirements not published.,,,,,,300 attendees advertised,2027,2026-09-05T00:24:00-06:00,src-benchmarks-ev-qualityland;src-failure-improvement-ev-fi-qualityland-current;src-parallelization-ev-pa-qualityland-current,"Exact May dates, venue, deadline, language, speaker terms, rights, and accessibility unknown | Exact May 2027 date, deadline, language, format, economics, rights, accessibility and selection rules unknown. | MERGE CONFLICTS/VARIANTS — date_status: tentative month only | month-confirmed; cfp_url: https://qualityland.lt/ | mailto:signal@qualityland.lt; cfp_status: open-undated | open; submission_requirements: Pitch via public contact; formal requirements not published. | Email proposal to signal@qualityland.lt; attendance_value: 300 attendees advertised | 300; verified_at: 2026-09-05T00:24:00-06:00 | 2026-09-04T23:00:00-06:00"
ed-evt-softwarearchitektur-wien-softwarearchitektur-wien-meetup-route,evt-softwarearchitektur-wien,Softwarearchitektur Wien meetup route,https://www.meetup.com/de-de/softwarearchitektur-wien/,,,unknown,Vienna,Austria,in-person,German/English unknown,https://www.meetup.com/de-de/softwarearchitektur-wien/,https://www.meetup.com/de-de/softwarearchitektur-wien/,unknown,Organizer contact/comments route only; no public CFP,,Past event had two or three speakers and 45-minute blocks,,,,,,,,2026-09-04T23:30:00-06:00,src-adaptive-systems-ev-vienna-current,"No evidenced public speaker application route, future date, or economics; community outreach is not authorized."
ed-evt-srecon-americas-srecon-americas-next-cycle,evt-srecon-americas,SREcon Americas next cycle,https://www.usenix.org/srecon,,,,,USA,in-person,English,,,no-current-edition-confirmed,Prior call welcomed technologists in any country; speakers submit their own proposals,Prior cycle: 15+5 Q&A or 35+10 Q&A; 4-minute lightning,Prior cycle used two-phase submission and requested technical guidance/experience,unknown,Prior cycle grants did not guarantee or fully cover speaker costs,Speaker registration instructions provided after acceptance,Prior presenters sign consent allowing public audio/slides/video,https://www.usenix.org/conference/srecon26americas,Open-access slides and recordings,2026,2026-09-04T12:00:00-06:00,src-free-tier-src-srecon26-cfp;src-free-tier-src-srecon26-home;src-free-tier-src-srecon26-presenters,No 2027/2028 edition or CFP confirmed; free-tier talk needs a stronger reliability and system-capacity angle
ed-evt-stlhe-annual-conference-stlhe-2027,evt-stlhe-annual-conference,STLHE 2027,https://stlhe.ca/conferences/,,,,,Canada,unknown,English; French; Indigenous languages,https://stlhe.ca/conferences/,https://stlhe.ca/conferences/2026-stlhe-conference/call-for-proposals/,no-current-edition-confirmed,Historical 2026 call welcomed anyone presenting on higher-education teaching and learning; membership not required,"Historical formats include interactive workshop, oral, poster, preconference workshop, and roundtable",2027 requirements unknown,unknown,unknown,Historical registration required; 2027 costs unknown,unknown,Association publishes accessibility and inclusion statement,Canadian multidisciplinary higher-ed teaching-and-learning audience; 2025 sponsor material cites 600 participants,2025,2026-09-04T23:00:00-06:00,src-skeptic-education-ev-055;src-skeptic-education-ev-056,"No 2027 dates/CFP confirmed; do not reuse 2026 deadline; travel, rights, economics unknown"
ed-evt-testcon-europe-testcon-europe-2027,evt-testcon-europe,TestCon Europe 2027,https://testcon.lt/,,,unconfirmed,Vilnius,Lithuania,in-person,English,https://testcon.lt/,https://testcon.lt/,unknown,,,,,,,,,,,2026-09-04T23:00:00-06:00,src-benchmarks-ev-testcon,"Edition/date/CFP, formats, requirements, economics, rights, and accessibility unverified"
ed-evt-testing-united-testing-united-2027,evt-testing-united,Testing United 2027,https://testingunited.com/,,,unconfirmed,,,in-person,English,https://testingunited.com/,https://testingunited.com/,unknown,,,,,,,,,,,2026-09-04T23:00:00-06:00,src-benchmarks-ev-testingunited,"Edition/date/location/CFP, formats, requirements, economics, rights, and accessibility unverified"
