record_type,event_id,edition_id,field,conflict_notes,source_url
evidence,evt-aoma-adaptive-organizations-meet-architecture,ed-evt-aoma-adaptive-organizations-meet-architecture-aoma-2027,dates; deadline; topics; format; economics,Organizer LinkedIn later states November 30; official page retained as authoritative but conflict unresolved.,https://aoma-conference.com/2027/cfp/
evidence,evt-aoma-adaptive-organizations-meet-architecture,ed-evt-aoma-adaptive-organizations-meet-architecture-aoma-2027,history; audience,Two specific past session titles were not recovered.,https://aoma-conference.com/
evidence,evt-arc-software-architecture-and-engineering-conference,ed-evt-arc-software-architecture-and-engineering-conference-arc-2027,dates; audience; themes; public route,Form does not state deadline or prove a formally open CFP.,https://futurewitharc.com/apply-to-speak/
evidence,evt-conf42,ed-evt-conf42-conf42-ai-agents-2027,series; audience; future editions,Edition-specific deadlines/status not verified.,https://www.conf42.com/
evidence,evt-devnexus,ed-evt-devnexus-devnexus-2027,past_program_fit,Historical only; not evidence of 2027 availability.,https://devnexus.com/posts/the-cfp-for-devnexus-2026-is-open
evidence,evt-kubecon-cloudnativecon-europe,ed-evt-kubecon-cloudnativecon-europe-kubecon-cloudnativecon-europe-2027,history; archive visibility,Finalist requirement for two specific past sessions remains a gap.,https://events.linuxfoundation.org/archive/2026/kubecon-cloudnativecon-europe/
evidence,evt-a4q-global-testing-summit,ed-evt-a4q-global-testing-summit-a4q-global-testing-summit-2027,dates; mode; CFP; languages; requirements; reach; economics; conflict,Footer contains stale May 27-28 2026 text; primary 2027 hero/program repeated consistently,https://testingsummit.com/
evidence,evt-aaai-conference-on-artificial-intelligence,ed-evt-aaai-conference-on-artificial-intelligence-aaai-27,dates; eligibility; format,Excluded from talk-shaped pipeline,https://aaai.org/conference/aaai/aaai-27/main-technical-track-call/
evidence,evt-agentic-engineering-days-zurich,ed-evt-agentic-engineering-days-zurich-agentic-engineering-days-zurich-2027,history; future status; audience,2027 dates and call not yet published,https://www.agenticdays.com/
evidence,evt-agile-testing-days,ed-evt-agile-testing-days-agile-testing-days-2027,series; audience,Future edition details incomplete,https://agiletestingdays.com/
evidence,evt-conf42,,series; future editions; mode,Edition-specific CFP pages and deadlines not verified,https://www.conf42.com/
evidence,evt-kubecon-cloudnativecon-north-america,,future dates; status,Details forthcoming,https://events.linuxfoundation.org/about/calendar/
evidence,evt-live2test,ed-evt-live2test-live2test-2027,series; speaker route,Insufficient current-edition detail,https://live2test.com/
evidence,evt-mlops-community,ed-evt-mlops-community-mlops-community-contribution-route,audience; formats; history,No standing speaker intake verified,https://mlops.community/
evidence,evt-qcon-london,ed-evt-qcon-london-qcon-london-2027,series; curation status,Invitation-only classification is based on absence of a public CFP after official-site inspection,https://qconlondon.com/
evidence,evt-testcon-europe,ed-evt-testcon-europe-testcon-europe-2027,series; audience,Future edition details incomplete,https://testcon.lt/
evidence,evt-testing-united,ed-evt-testing-united-testing-united-2027,series; audience,Future edition details incomplete,https://testingunited.com/
evidence,evt-think-ai-summit,ed-evt-think-ai-summit-think-ai-summit-2027,date; status; deadline; format; requirements,Deadline is published while intake remains announced-not-open,https://www.pghtech.org/events/ThinkAI2027-Call-for-Speakers
evidence,evt-advance-he-teaching-and-learning-conference,ed-evt-advance-he-teaching-and-learning-conference-advance-he-teaching-and-,past_session,Search extraction did not expose the complete title/speaker metadata.,https://advance-he.ac.uk/sites/default/files/2026-05/Day%202%20-%20Abstracts%20T%26L%20Conference%202026_4.pdf
evidence,evt-advance-he-teaching-and-learning-conference,ed-evt-advance-he-teaching-and-learning-conference-advance-he-teaching-and-,past_session,Speaker metadata not captured.,https://advance-he.ac.uk/sites/default/files/2026-05/Day%202%20-%20Abstracts%20T%26L%20Conference%202026_4.pdf
evidence,evt-chea-annual-conference,ed-evt-chea-annual-conference-chea-2027-annual-conference,history,Only one specific prior topic source was verified; two named past sessions remain a gap.,https://www.chea.org/cheaciqg-2026-annual-conference-call-proposals
evidence,evt-educause-annual-conference,ed-evt-educause-annual-conference-educause-annual-2026,dates;cfp_status;formats;topics;costs;conflict,Key-dates table says October 14-15 while narrative says October 14-16.,https://events.educause.edu/annual-conference/call-for-proposals
evidence,evt-honolulu-education-conference,ed-evt-honolulu-education-conference-honolulu-education-conference-2027,dates;deadline;topics;formats,No independent organizer-quality or economics verification completed.,https://intesda.org/education-conference/
evidence,evt-herdsa-annual-conference,ed-evt-herdsa-annual-conference-herdsa-2027,dates;theme;conflict,Stale date labels prevent treating displayed abstract dates as 2027 deadlines.,https://conference.herdsa.org.au/2027/
evidence,evt-icai-annual-conference,ed-evt-icai-annual-conference-icai-2027-annual-conference,past_session,This is a current-edition programmed item rather than a past-edition session.,https://www.academicintegrity.org/aws/ICAI/pt/sp/conference-27
evidence,evt-icai-annual-conference,ed-evt-icai-annual-conference-icai-2027-annual-conference,past_session,Current-edition evidence; the official past-program archive was not fully extracted.,https://www.academicintegrity.org/aws/ICAI/pt/sp/conference_workshops
evidence,evt-international-conference-on-ai-in-education-2027,ed-evt-international-conference-on-ai-in-education-2027-icaied-london-2027,dates;cfp_status;deadline;audience;requirements,First edition; legal organizer identity and conference provenance were not independently verified.,https://www.icaied.org/call-for-papers
evidence,evt-olc-innovate,ed-evt-olc-innovate-olc-innovate-2027,past_session,A second named session specific to the thesis was not available in the extracted program; this is program-theme evidence.,https://onlinelearningconsortium.org/conferences/olc-innovate2026/call-for-proposals/
evidence,evt-ohio-state-learning-design-day-fresh-ideas,ed-evt-ohio-state-learning-design-day-fresh-ideas-ohio-state-learning-desig,dates;cfp_status;deadline;formats;requirements;accessibility;history,Deadline year omitted but weekday and page context point unambiguously to 2026.,https://cete.osu.edu/ohio-state-learning-design-day-call-for-proposals/
evidence,evt-sparking-success-faculty-development-conference,ed-evt-sparking-success-faculty-development-conference-sparking-success-202,dates;deadline;history;audience,Deadline year omitted but academic-year context and weekday align to 2026.,https://celt.tulane.edu/sparking-success
evidence,evt-wscuc-accreditation-resource-conference,ed-evt-wscuc-accreditation-resource-conference-arc2027,past_session,Not an ARC conference session; it is direct organizer-program evidence.,https://www.wscuc.org/educational-programs/accreditation-essentials-online/
evidence,evt-wscuc-accreditation-resource-conference,ed-evt-wscuc-accreditation-resource-conference-arc2027,past_session,Program-theme evidence rather than a named session.,https://www.wscuc.org/arc2026cfp/
evidence,evt-a4q-testing-summit,ed-evt-a4q-testing-summit-a4q-testing-summit-2027,dates; mode; CFP; languages; economics; reach,No deadline found.,https://testingsummit.com/
evidence,evt-agentics-day-mcp-agents-europe,ed-evt-agentics-day-mcp-agents-europe-agentics-day-mcp-agents-europe-2027,date; deadline; formats; topics,"Page states 'CET (UTC+2)', an internally inconsistent timezone label.",https://events.linuxfoundation.org/kubecon-cloudnativecon-europe/co-located-events/cfp-colocated-events/
evidence,evt-agentics-day-mcp-agents-europe,,past event/session fit,Specific session title was not exposed in captured page.,https://events.linuxfoundation.org/kubecon-cloudnativecon-europe/co-located-events/agentics-day-mcp-agents/
evidence,evt-agentics-day-mcp-agents-europe,,past adjacent session fit,"Adjacent KubeCon session, not confirmed as part of Agentics Day.",https://events.linuxfoundation.org/kubecon-cloudnativecon-europe/program/keynote-speakers/
evidence,evt-cloud-native-mumbai,ed-evt-cloud-native-mumbai-cloud-native-mumbai-2026-rolling-call,date; route; topics,Future session dates not stated.,https://sessionize.com/cloud-native-mumbai-city
evidence,evt-cto-craft-con-europe,ed-evt-cto-craft-con-europe-cto-craft-con-europe-2027,dates; CFP; audience; requirements; rights,No closing date found.,https://conference.ctocraft.com/london/call-for-content/
evidence,evt-devops-pro-europe,ed-evt-devops-pro-europe-devops-pro-europe-2027,dates; CFP; language; formats; reach,No deadline found; attendance is projection.,https://devopsproeurope.eu/faq/
evidence,evt-developerweek,ed-evt-developerweek-developerweek-2027,dates; deadline; reach,Attendance numbers are organizer projections.,https://www.developerweek.com/speakers/apply-to-speak/
evidence,evt-kubecon-cloudnativecon-europe,,past session fit,"Evidence comes from another regional KubeCon edition, not Europe.",https://events.linuxfoundation.org/kubecon-cloudnativecon-japan/program/schedule/
evidence,evt-platformcon-live-day-san-francisco,ed-evt-platformcon-live-day-san-francisco-platformcon-live-day-san-francisc,date; deadline; format; requirements; economics,Conflicts with organizer CFP page deadline time.,https://sessionize.com/platformcon-live-day-san-francisco/
evidence,evt-platformcon-live-day-san-francisco,ed-evt-platformcon-live-day-san-francisco-platformcon-live-day-san-francisc,deadline,Material conflict with Sessionize 11:59 PM PDT.,https://sanfrancisco.platformcon.com/cfp
evidence,evt-platformcon-live-day-san-francisco,,past session fit,"Flagship virtual edition, not San Francisco Live Day.",https://2026.platformcon.com/sessions/scaling-ai-agents-what-platform-engineering-already-taught-us
evidence,evt-platformcon-live-day-san-francisco,,past session fit,"Flagship program evidence, not confirmed San Francisco edition.",https://platformcon.com/sessions/lessons-from-putting-ai-in-front-of-a-platform-taming-the-non-deterministic-beast
evidence,evt-quality-land,ed-evt-quality-land-quality-land-2027,month; location; route; reach,Working/public route does not establish a closing date or formal selection state.,https://qualityland.lt/
evidence,evt-taqelah-testing-conference,,past session fit,Second specific title/speaker was not reliably captured.,https://taqelah.sg/lightning-talks-2026
evidence,evt-taqelah-testing-conference,ed-evt-taqelah-testing-conference-taqelah-testing-conference-2027,format; travel support,Exact post URL was unstable in search capture; re-verify inside submission flow.,https://www.linkedin.com/company/taqelah/
evidence,evt-visual-studio-live,ed-evt-visual-studio-live-visual-studio-live-austin-2027,dates; deadline; formats; topics; economics,Timezone conflict is within the official submission page.,https://sessionize.com/vslive_austin27/
evidence,evt-visual-studio-live,,past session fit,Year and speaker not exposed in captured text.,https://sessionize.com/vslive_austin27/
evidence,evt-visual-studio-live,,past session fit,Year and speaker not exposed in captured text.,https://sessionize.com/vslive_austin27/
evidence,evt-cloudfest,ed-evt-cloudfest-cloudfest-2027,dates;attendance;audience,Organizer marketing figures,https://www.cloudfest.com/event
evidence,evt-cncf-cloud-native-montr-al,ed-evt-cncf-cloud-native-montr-al-cncf-cloud-native-montr-al-next-cost-focu,past_program_fit;historical_route,Historical event and form only,https://community.cncf.io/events/details/cncf-montreal-presents-october-montreal-cncf-meetup-doctobre-end-user-stories-house-of-kube/
evidence,evt-cncf-cloud-native-thane,ed-evt-cncf-cloud-native-thane-cncf-cloud-native-thane-next-finops-cycle,past_program_fit;historical_route,Historical event and form only,https://community.cncf.io/events/details/cncf-cloud-native-thane-presents-cloud-native-thane-january-meetup/
evidence,evt-devopsdays-raleigh,ed-evt-devopsdays-raleigh-devopsdays-raleigh-2027,cfp_status;deadline,Some local pages conflict with the global index; each conflict is retained,https://devopsdays.org/speaking/
evidence,evt-devopsdays-los-angeles,ed-evt-devopsdays-los-angeles-devopsdays-los-angeles-2027,status;formats;requirements,Conflicts with official global index labeling call open with 1 November deadline,https://devopsdays.org/events/2027-los-angeles/propose/
evidence,evt-devopsdays-raleigh,ed-evt-devopsdays-raleigh-devopsdays-raleigh-2027,status;deadline;formats;requirements,Notification date precedes CFP close and is flagged without correction,https://devopsdays.org/events/2027-raleigh/propose/
evidence,evt-devopsdays-tel-aviv,ed-evt-devopsdays-tel-aviv-devopsdays-tel-aviv-2026,status;formats;requirements,Conflicts with global official index labeling the call open,https://devopsdays.org/events/2026-tel-aviv/propose/
evidence,evt-devopsdays-los-angeles,ed-evt-devopsdays-los-angeles-devopsdays-los-angeles-2027,past_program_fit,"Global-family evidence, not Los Angeles- or Raleigh-specific history",https://devopsdays.org/events/2026-zurich/program/
evidence,evt-berlin-finops-and-cloud-cost-optimization,ed-evt-berlin-finops-and-cloud-cost-optimization-berlin-finops-rolling-meet,history;audience;route,No explicit call for speakers,https://www.meetup.com/berlin-finops/
evidence,evt-finops-chicago,ed-evt-finops-chicago-finops-chicago-rolling-meetup-route,history;topic_fit,No explicit public speaker route,https://www.meetup.com/finops-chicago/
evidence,evt-finops-connect,ed-evt-finops-connect-finops-connect-rolling-meetup-route,history;audience;route,Hosting may not mean editorial speaking; verify,https://www.meetup.com/finops-connect/
evidence,evt-finops-foundation-virtual-summit,ed-evt-finops-foundation-virtual-summit-finops-foundation-virtual-summit-me,commercial_category,Paid placement; excluded from editorial opportunities,https://www.finops.org/membership/
evidence,evt-tokenomicon-finops-x,ed-evt-tokenomicon-finops-x-tokenomicon-finops-x-2027,past_program_fit,Program-theme evidence; not two fully verified named sessions,https://www.finops.org/insights/finops-x-2026-recap/
evidence,evt-tokenomicon-finops-x,ed-evt-tokenomicon-finops-x-tokenomicon-finops-x-2027,topic_fit;formats;eligibility;requirements,Historical rules; do not assume unchanged for 2027,https://x.finops.org/speaker-guide/
evidence,evt-kubecon-cloudnativecon-europe,ed-evt-kubecon-cloudnativecon-europe-kubecon-cloudnativecon-europe-2027,attendance_value,"Organizer marketing figure, not independently audited",https://events.linuxfoundation.org/kubecon-cloudnativecon-europe/sponsor/
evidence,evt-kubecon-cloudnativecon-europe,ed-evt-kubecon-cloudnativecon-europe-kubecon-cloudnativecon-europe-2027,past_program_fit,Theme-level evidence rather than two named past sessions,https://events.linuxfoundation.org/kubecon-cloudnativecon-europe/program/cfp/
evidence,evt-platformcon,ed-evt-platformcon-platformcon-flagship-week-2027,past_program_fit,Theme-level evidence only,https://platformcon.com/
evidence,evt-platformcon,ed-evt-platformcon-platformcon-flagship-week-2027,dates;mode;audience;history,Organizer reach claims,https://platformcon.com/
evidence,evt-platformcon-live-day-san-francisco,ed-evt-platformcon-live-day-san-francisco-platformcon-live-day-san-francisc,dates;topic_fit;cfp_route,Navigation label is not treated as proof that the call is open,https://sanfrancisco.platformcon.com/
evidence,evt-saastock-europe-ai-growth-summit,ed-evt-saastock-europe-ai-growth-summit-ai-growth-summit-europe-2027,status;commercial_route,Absence in reviewed page does not prove invitation-only; status remains invitation-only-or-unknown,https://saastock.com/
evidence,evt-saastr-ai-annual,ed-evt-saastr-ai-annual-saastr-ai-annual-2027,dates;audience;attendance,Organizer marketing figures,https://saastrannual.com/summer-splash
evidence,evt-saastr-ai-annual,ed-evt-saastr-ai-annual-saastr-ai-annual-2027,past_program_fit,"General program evidence, not two named sessions",https://www.saastrannual.com/buy-tickets-2026
evidence,evt-saastr-ai-annual,ed-evt-saastr-ai-annual-saastr-ai-annual-2027,submission_route,Route exists; exact open status is treated as rolling because no close date is published,https://www.saastrannual.com/speaker-submission
evidence,evt-srecon-americas,ed-evt-srecon-americas-srecon-americas-next-cycle,history;formats;eligibility;topic_fit,"Historical, not a current CFP",https://www.usenix.org/conference/srecon26americas/call-for-participation
evidence,evt-srecon-americas,ed-evt-srecon-americas-srecon-americas-next-cycle,past_program_fit,Adjacent theme evidence only,https://www.usenix.org/conference/srecon26americas/program
evidence,evt-ai-festival,,past program theme,Specific session title/speaker not captured.,https://en.aifestival.it/call/speaker/
evidence,evt-ai-festival,,past program theme,"Theme evidence, not a past-session title.",https://en.aifestival.it/call/speaker/
evidence,evt-ainext-awards-and-conference,ed-evt-ainext-awards-and-conference-ainext-us-2027,date; route; audience,No deadline or city.,https://ainextconference.com/apply-to-speak
evidence,evt-arc-software-architecture-and-engineering-conference,ed-evt-arc-software-architecture-and-engineering-conference-arc-2027,dates; location; route; audience; rules,New event; form details and deadline not exposed.,https://futurewitharc.com/
evidence,evt-bacon,ed-evt-bacon-bacon-2027,date; CFP; deadline; audience; economics,"Benefits paragraph says BACon 2026, likely stale copy; not silently corrected.",https://sessionize.com/bacon-2027/
evidence,evt-ces,ed-evt-ces-ces-2027,CFP; deadline; eligibility; economics,Editorial and sponsored routes are separate.,https://www.ces.tech/cfs
evidence,evt-ces,,past session fit,Speaker not exposed in captured result.,https://exhibitors.ces.tech/8_0/sessions/session-details.cfm?scheduleid=28
evidence,evt-ces,,program fit,Search capture did not expose speaker/year unambiguously.,https://www.ces.tech/schedule/ai-or-human-trust-transparency-and-co-creation-in-the-age-of-intelligent-content/
evidence,evt-cto-craft-con-europe,ed-evt-cto-craft-con-europe-cto-craft-con-europe-2027,dates; route; edition conflict,Stale title makes current-edition status ambiguous.,https://conference.ctocraft.com/london/call-for-content/
evidence,evt-cto-craft-con-europe,,past program theme,Specific session title/speaker not captured.,https://conference.ctocraft.com/london/
evidence,evt-cto-craft-con-europe,,past format/history,Specific session title/speaker not captured.,https://conference.ctocraft.com/london/
evidence,evt-dx-annual,,past program theme,Specific title/speaker not exposed.,https://getdx.com/dxannual/
evidence,evt-dx-annual,,past program route,Specific title/speaker not captured.,https://getdx.com/dxannual/
evidence,evt-engineering-leaders-conference-prague,ed-evt-engineering-leaders-conference-prague-elc-prague-2027,month; location; audience; reach,No public CFP found.,https://www.elc-conference.io/
evidence,evt-engineering-leaders-conference-prague,,past speaker fit,Talk title/year not exposed.,https://www.elc-conference.io/
evidence,evt-engineering-leaders-conference-prague,,past format/history,Specific talk titles not exposed.,https://www.elc-conference.io/
evidence,evt-kmworld-europe,ed-evt-kmworld-europe-kmworld-europe-2027,dates; status; deadline conflict; topics; benefits,Internal year/status conflict.,https://www.kmworld.com/Europe/2027/CallForSpeakers.aspx
evidence,evt-kmworld-europe,,past session fit,US flagship rather than Europe.,https://www.kmworld.com/Conference/2026/Program.aspx
evidence,evt-kmworld-europe,,past session fit,US flagship rather than Europe.,https://www.kmworld.com/Conference/2026/Program.aspx
evidence,evt-ldx3-leaddev,,past session fit,"Partner-supported panel, not necessarily conference stage.",https://leaddev.com/
evidence,evt-ldx3-leaddev,,past session fit,"Panel event, not necessarily conference stage.",https://leaddev.com/event/what-are-durable-leadership-skills-in-2026
evidence,evt-optimizers-conference,ed-evt-optimizers-conference-optimizers-conference-west-2027,dates; audience; route; costs,Attendee-led opportunity is not a curated keynote CFP.,https://optimizersconference.com/
evidence,evt-optimizers-conference,,past speaker fit,Past talk title/year not shown.,https://optimizersconference.com/
evidence,evt-optimizers-conference,,past speaker fit,Past talk title/year not shown.,https://optimizersconference.com/
evidence,evt-product-at-heart,ed-evt-product-at-heart-product-at-heart-2027,dates; format; audience,No speaker application found.,https://productatheart.com/conference
evidence,evt-product-at-heart,,past program theme,Specific session title/speaker not exposed.,https://productatheart.com/conference
evidence,evt-product-at-heart,,past audience/history,Specific session title/speaker not exposed.,https://productatheart.com/conference
evidence,evt-productcon,ed-evt-productcon-productcon-london-2027,date; mode; audience; reach,No public editorial speaker route found; reach not edition-specific.,https://productschool.com/productcon
evidence,evt-productcon,,past session fit,"Online event, not ProductCon main stage.",https://productschool.com/product-management-events
evidence,evt-productcon,,past session fit,"Online event, not ProductCon main stage.",https://productschool.com/product-management-events
evidence,evt-product-led-summit,ed-evt-product-led-summit-product-led-summit-seattle-2027,dates; route; audience; reach,No submission deadline or selection rules stated.,https://world.productledalliance.com/location/seattle/speakers
evidence,evt-product-led-summit,,past session fit,Adjacent Product-Led Alliance edition.,https://world.productledalliance.com/location/ai/agenda
evidence,evt-possible,,program fit,Theme evidence rather than past session.,https://possibleevent.com/speaker-opportunities/
evidence,evt-possible,,program fit,Theme evidence rather than past session.,https://possibleevent.com/speaker-opportunities/
evidence,evt-producttank,ed-evt-producttank-producttank-speaker-directory-and-digital-events,rolling route; opportunity type,No specific edition or deadline.,https://support.mindtheproduct.com/hc/en-us/articles/40000576495508-Nominate-a-ProductTank-speaker
evidence,evt-producttank,,history/fit,Old guidance; current directory page confirms route persists.,https://www.mindtheproduct.com/takes-speak-mind-product/
evidence,evt-producttank,,history/fit,Old guidance; no specific session title/speaker.,https://www.mindtheproduct.com/takes-speak-mind-product/
evidence,evt-uxdx,ed-evt-uxdx-uxdx-new-york-2027,program fit,Program was partially announced while speaker call remained open.,https://uxdx.com/usa/2027/agenda/
evidence,evt-uxdx,ed-evt-uxdx-uxdx-new-york-2027,program fit,"Current-edition precedent, not past edition.",https://uxdx.com/usa/2027/agenda/
evidence,evt-a4q-testing-summit,ed-evt-a4q-testing-summit-a4q-testing-summit-2027,dates; mode; CFP; languages; economics; reach,No deadline found.,https://testingsummit.com/
evidence,evt-agentics-day-mcp-agents-europe,ed-evt-agentics-day-mcp-agents-europe-agentics-day-mcp-agents-europe-2027,date; deadline; formats; topics,"Page states 'CET (UTC+2)', an internally inconsistent timezone label.",https://events.linuxfoundation.org/kubecon-cloudnativecon-europe/co-located-events/cfp-colocated-events/
evidence,evt-agentics-day-mcp-agents-europe,,past event/session fit,Specific session title was not exposed in captured page.,https://events.linuxfoundation.org/kubecon-cloudnativecon-europe/co-located-events/agentics-day-mcp-agents/
evidence,evt-agentics-day-mcp-agents-europe,,past adjacent session fit,"Adjacent KubeCon session, not confirmed as part of Agentics Day.",https://events.linuxfoundation.org/kubecon-cloudnativecon-europe/program/keynote-speakers/
evidence,evt-cloud-native-mumbai,ed-evt-cloud-native-mumbai-cloud-native-mumbai-2026-rolling-call,date; route; topics,Future session dates not stated.,https://sessionize.com/cloud-native-mumbai-city
evidence,evt-cto-craft-con-europe,ed-evt-cto-craft-con-europe-cto-craft-con-europe-2027,dates; CFP; audience; requirements; rights,No closing date found.,https://conference.ctocraft.com/london/call-for-content/
evidence,evt-devops-pro-europe,ed-evt-devops-pro-europe-devops-pro-europe-2027,dates; CFP; language; formats; reach,No deadline found; attendance is projection.,https://devopsproeurope.eu/faq/
evidence,evt-developerweek,ed-evt-developerweek-developerweek-2027,dates; deadline; reach,Attendance numbers are organizer projections.,https://www.developerweek.com/speakers/apply-to-speak/
evidence,evt-kubecon-cloudnativecon-europe,,past session fit,"Evidence comes from another regional KubeCon edition, not Europe.",https://events.linuxfoundation.org/kubecon-cloudnativecon-japan/program/schedule/
evidence,evt-platformcon-live-day-san-francisco,ed-evt-platformcon-live-day-san-francisco-platformcon-live-day-san-francisc,date; deadline; format; requirements; economics,Conflicts with organizer CFP page deadline time.,https://sessionize.com/platformcon-live-day-san-francisco/
evidence,evt-platformcon-live-day-san-francisco,ed-evt-platformcon-live-day-san-francisco-platformcon-live-day-san-francisc,deadline,Material conflict with Sessionize 11:59 PM PDT.,https://sanfrancisco.platformcon.com/cfp
evidence,evt-platformcon-live-day-san-francisco,,past session fit,"Flagship virtual edition, not San Francisco Live Day.",https://2026.platformcon.com/sessions/scaling-ai-agents-what-platform-engineering-already-taught-us
evidence,evt-platformcon-live-day-san-francisco,,past session fit,"Flagship program evidence, not confirmed San Francisco edition.",https://platformcon.com/sessions/lessons-from-putting-ai-in-front-of-a-platform-taming-the-non-deterministic-beast
evidence,evt-quality-land,ed-evt-quality-land-quality-land-2027,month; location; route; reach,Working/public route does not establish a closing date or formal selection state.,https://qualityland.lt/
evidence,evt-taqelah-testing-conference,,past session fit,Second specific title/speaker was not reliably captured.,https://taqelah.sg/lightning-talks-2026
evidence,evt-taqelah-testing-conference,ed-evt-taqelah-testing-conference-taqelah-testing-conference-2027,format; travel support,Exact post URL was unstable in search capture; re-verify inside submission flow.,https://www.linkedin.com/company/taqelah/
evidence,evt-visual-studio-live,ed-evt-visual-studio-live-visual-studio-live-austin-2027,dates; deadline; formats; topics; economics,Timezone conflict is within the official submission page.,https://sessionize.com/vslive_austin27/
evidence,evt-visual-studio-live,,past session fit,Year and speaker not exposed in captured text.,https://sessionize.com/vslive_austin27/
evidence,evt-visual-studio-live,,past session fit,Year and speaker not exposed in captured text.,https://sessionize.com/vslive_austin27/
evidence,evt-ai-festival,,past program theme,Specific session title/speaker not captured.,https://en.aifestival.it/call/speaker/
evidence,evt-ai-festival,,past program theme,"Theme evidence, not a past-session title.",https://en.aifestival.it/call/speaker/
evidence,evt-ainext-awards-and-conference,ed-evt-ainext-awards-and-conference-ainext-us-2027,date; route; audience,No deadline or city.,https://ainextconference.com/apply-to-speak
evidence,evt-arc-software-architecture-and-engineering-conference,ed-evt-arc-software-architecture-and-engineering-conference-arc-2027,dates; location; route; audience; rules,New event; form details and deadline not exposed.,https://futurewitharc.com/
evidence,evt-bacon,ed-evt-bacon-bacon-2027,date; CFP; deadline; audience; economics,"Benefits paragraph says BACon 2026, likely stale copy; not silently corrected.",https://sessionize.com/bacon-2027/
evidence,evt-ces,ed-evt-ces-ces-2027,CFP; deadline; eligibility; economics,Editorial and sponsored routes are separate.,https://www.ces.tech/cfs
evidence,evt-ces,,past session fit,Speaker not exposed in captured result.,https://exhibitors.ces.tech/8_0/sessions/session-details.cfm?scheduleid=28
evidence,evt-ces,,program fit,Search capture did not expose speaker/year unambiguously.,https://www.ces.tech/schedule/ai-or-human-trust-transparency-and-co-creation-in-the-age-of-intelligent-content/
evidence,evt-cto-craft-con-europe,ed-evt-cto-craft-con-europe-cto-craft-con-europe-2027,dates; route; edition conflict,Stale title makes current-edition status ambiguous.,https://conference.ctocraft.com/london/call-for-content/
evidence,evt-cto-craft-con-europe,,past program theme,Specific session title/speaker not captured.,https://conference.ctocraft.com/london/
evidence,evt-cto-craft-con-europe,,past format/history,Specific session title/speaker not captured.,https://conference.ctocraft.com/london/
evidence,evt-dx-annual,,past program theme,Specific title/speaker not exposed.,https://getdx.com/dxannual/
evidence,evt-dx-annual,,past program route,Specific title/speaker not captured.,https://getdx.com/dxannual/
evidence,evt-engineering-leaders-conference-prague,ed-evt-engineering-leaders-conference-prague-elc-prague-2027,month; location; audience; reach,No public CFP found.,https://www.elc-conference.io/
evidence,evt-engineering-leaders-conference-prague,,past speaker fit,Talk title/year not exposed.,https://www.elc-conference.io/
evidence,evt-engineering-leaders-conference-prague,,past format/history,Specific talk titles not exposed.,https://www.elc-conference.io/
evidence,evt-kmworld-europe,ed-evt-kmworld-europe-kmworld-europe-2027,dates; status; deadline conflict; topics; benefits,Internal year/status conflict.,https://www.kmworld.com/Europe/2027/CallForSpeakers.aspx
evidence,evt-kmworld-europe,,past session fit,US flagship rather than Europe.,https://www.kmworld.com/Conference/2026/Program.aspx
evidence,evt-kmworld-europe,,past session fit,US flagship rather than Europe.,https://www.kmworld.com/Conference/2026/Program.aspx
evidence,evt-ldx3-leaddev,,past session fit,"Partner-supported panel, not necessarily conference stage.",https://leaddev.com/
evidence,evt-ldx3-leaddev,,past session fit,"Panel event, not necessarily conference stage.",https://leaddev.com/event/what-are-durable-leadership-skills-in-2026
evidence,evt-optimizers-conference,ed-evt-optimizers-conference-optimizers-conference-west-2027,dates; audience; route; costs,Attendee-led opportunity is not a curated keynote CFP.,https://optimizersconference.com/
evidence,evt-optimizers-conference,,past speaker fit,Past talk title/year not shown.,https://optimizersconference.com/
evidence,evt-optimizers-conference,,past speaker fit,Past talk title/year not shown.,https://optimizersconference.com/
evidence,evt-product-at-heart,ed-evt-product-at-heart-product-at-heart-2027,dates; format; audience,No speaker application found.,https://productatheart.com/conference
evidence,evt-product-at-heart,,past program theme,Specific session title/speaker not exposed.,https://productatheart.com/conference
evidence,evt-product-at-heart,,past audience/history,Specific session title/speaker not exposed.,https://productatheart.com/conference
evidence,evt-productcon,ed-evt-productcon-productcon-london-2027,date; mode; audience; reach,No public editorial speaker route found; reach not edition-specific.,https://productschool.com/productcon
evidence,evt-productcon,,past session fit,"Online event, not ProductCon main stage.",https://productschool.com/product-management-events
evidence,evt-productcon,,past session fit,"Online event, not ProductCon main stage.",https://productschool.com/product-management-events
evidence,evt-product-led-summit,ed-evt-product-led-summit-product-led-summit-seattle-2027,dates; route; audience; reach,No submission deadline or selection rules stated.,https://world.productledalliance.com/location/seattle/speakers
evidence,evt-product-led-summit,,past session fit,Adjacent Product-Led Alliance edition.,https://world.productledalliance.com/location/ai/agenda
evidence,evt-possible,,program fit,Theme evidence rather than past session.,https://possibleevent.com/speaker-opportunities/
evidence,evt-possible,,program fit,Theme evidence rather than past session.,https://possibleevent.com/speaker-opportunities/
evidence,evt-producttank,ed-evt-producttank-producttank-speaker-directory-and-digital-events,rolling route; opportunity type,No specific edition or deadline.,https://support.mindtheproduct.com/hc/en-us/articles/40000576495508-Nominate-a-ProductTank-speaker
evidence,evt-producttank,,history/fit,Old guidance; current directory page confirms route persists.,https://www.mindtheproduct.com/takes-speak-mind-product/
evidence,evt-producttank,,history/fit,Old guidance; no specific session title/speaker.,https://www.mindtheproduct.com/takes-speak-mind-product/
evidence,evt-uxdx,ed-evt-uxdx-uxdx-new-york-2027,program fit,Program was partially announced while speaker call remained open.,https://uxdx.com/usa/2027/agenda/
evidence,evt-uxdx,ed-evt-uxdx-uxdx-new-york-2027,program fit,"Current-edition precedent, not past edition.",https://uxdx.com/usa/2027/agenda/
evidence,evt-agenticcon,ed-evt-agenticcon-agenticcon-2027,cfp_status;deadline;formats;topic_fit,Also conflicts on October 20 versus November 17 notifications,https://agenticcon.com/cfp
evidence,evt-agenticcon,ed-evt-agenticcon-agenticcon-2027,audience;dates;history,No prior-edition history,https://agenticcon.com/
evidence,evt-ai-agent-event,ed-evt-ai-agent-event-ai-agent-event-2027,cfp_status;deadline;audience;requirements,Year is supplied by the 2027 page context; no time zone stated,https://www.aiagentevent.com/east/call-for-speakers.aspx
evidence,evt-ai-agent-event,ed-evt-ai-agent-event-ai-agent-event-2027,dates;location;attendance,Agenda contains stale 2026 date rows; edition header is used,https://www.aiagentevent.com/east/
evidence,evt-ai-agent-event,ed-evt-ai-agent-event-ai-agent-event-2027,past_program_fit,Archive mixes 2026 program content into 2027 site,https://www.aiagentevent.com/east/speakers.aspx
evidence,evt-ai-tinkerers-boston,ed-evt-ai-tinkerers-boston-ai-tinkerers-boston-next-relevant-meetup,historical_route;status,Historical and closed,https://boston.aitinkerers.org/meetup/mu_G1FdVK6XFgw/speaking
evidence,evt-ai-tinkerers-calgary,ed-evt-ai-tinkerers-calgary-ai-tinkerers-calgary-next-relevant-meetup,historical_route;topic_fit;format,Historical and closed,https://calgary.aitinkerers.org/p/ai-tinkerers-calgary-meetup-thursday-october-30-2025
evidence,evt-ai-tinkerers-seattle,ed-evt-ai-tinkerers-seattle-ai-tinkerers-seattle-next-relevant-meetup,historical_route;topic_fit;format,Historical and closed,https://seattle.aitinkerers.org/meetup/mu_WvmmoUs4VSY/speaking
evidence,evt-aoma-adaptive-organizations-meet-architecture,ed-evt-aoma-adaptive-organizations-meet-architecture-aoma-2027,cfp_status;deadline;format;travel_support;topic_fit,Source says CET on a date when Berlin commonly observes CEST; retained verbatim,https://aoma-conference.com/2027/cfp/
evidence,evt-aoma-adaptive-organizations-meet-architecture,ed-evt-aoma-adaptive-organizations-meet-architecture-aoma-2027,history;past_program_fit,No two named AI sessions verified,https://aoma-conference.com/2027/cfp/
evidence,evt-arc-software-architecture-and-engineering-conference,ed-evt-arc-software-architecture-and-engineering-conference-arc-2027,dates;audience;route;eligibility,No deadline or format found,https://futurewitharc.com/
evidence,evt-berlin-buzzwords,ed-evt-berlin-buzzwords-berlin-buzzwords-next-cycle,history;topic_fit;status,No 2027 call confirmed,https://2026.berlinbuzzwords.de/call-for-papers/
evidence,evt-devopsdays-los-angeles,ed-evt-devopsdays-los-angeles-devopsdays-los-angeles-2027,status;deadline,Local page says CFP TBD,https://devopsdays.org/speaking/
evidence,evt-devopsdays-los-angeles,ed-evt-devopsdays-los-angeles-devopsdays-los-angeles-2027,status;format;requirements,Conflicts with global official index,https://devopsdays.org/events/2027-los-angeles/propose/
evidence,evt-devopsdays-raleigh,ed-evt-devopsdays-raleigh-devopsdays-raleigh-2027,status;deadline;formats;requirements,Notification date equals opening and precedes close,https://devopsdays.org/events/2027-raleigh/propose/
evidence,evt-dutch-ai-conference,ed-evt-dutch-ai-conference-dutch-ai-conference-2027,cfp_status;deadline;audience;travel_support,Page contains stale March 10–12 dates alongside March 16–18 2027 header/footer,https://aiconference.nl/meet-the-speakers/call-for-presentations/
evidence,evt-european-chatbot-and-agentic-ai-summit,ed-evt-european-chatbot-and-agentic-ai-summit-european-chatbot-and-agentic-,cfp_status;deadline;topic_fit,Conflicts with home page saying call will open soon,https://theeuropeanchatbot.com/call-for-speakers/
evidence,evt-european-chatbot-and-agentic-ai-summit,ed-evt-european-chatbot-and-agentic-ai-summit-european-chatbot-and-agentic-,dates;location;recording_rights;status,Official date and CFP-status conflicts retained,https://theeuropeanchatbot.com/
evidence,evt-great-international-developer-summit,ed-evt-great-international-developer-summit-gids-2027,cfp_status;deadline;formats;requirements;travel_support,Support is discretionary and reimbursed after valid bills,https://form.jotform.com/saltmarch/gids2027cfp
evidence,evt-haystack-conference,ed-evt-haystack-conference-haystack-europe-2026,dates;program_fit;format,Topic saturation makes a basic glossary pitch weak,https://haystackconf.com/sessions/
evidence,evt-mlops-community-meetups,ed-evt-mlops-community-meetups-mlops-community-local-meetup-route,audience;history;route,No universal proposal form or dated route,https://mlops.community/meetups
evidence,evt-naacl-conference,ed-evt-naacl-conference-naacl-2027,route;eligibility;topic_fit,"Research-paper route, not a talk CFP",https://2027.naacl.org/calls/main_conference_papers/
evidence,evt-platformcon-live-day-san-francisco,ed-evt-platformcon-live-day-san-francisco-platformcon-live-day-san-francisc,cfp_status;deadline;format;audience,EST is unusual for a San Francisco event and retained verbatim,https://sanfrancisco.platformcon.com/cfp
evidence,evt-qcon-london,ed-evt-qcon-london-qcon-london-2027,route;eligibility;travel_support,Not an open CFP,https://qconlondon.com/faq/apr2025
evidence,evt-srecon-americas,ed-evt-srecon-americas-srecon27-americas,past_program_fit,Two related sessions on same program page,https://www.usenix.org/conference/srecon26americas/program
evidence,evt-text-retrieval-conference,ed-evt-text-retrieval-conference-trec-2026,route;eligibility;requirements,Not an ordinary speaker CFP; anticipated timeline TBA,https://trec.nist.gov/cfp.html
evidence,evt-voxxed-days-luxembourg,ed-evt-voxxed-days-luxembourg-voxxed-days-luxembourg-2027,dates;status;topic_fit;history,Exact CFP dates not published,https://luxembourg.voxxeddays.com/en/
evidence,evt-lilly-conference-san-diego,ed-evt-lilly-conference-san-diego-lilly-san-diego-2027,history;audience;reach,Organizer-reported reach,https://www.lillyconferences.com/about
evidence,evt-lilly-conference-austin,ed-evt-lilly-conference-austin-lilly-austin-2027,dates;cfp_status;fit,Deadline absent,https://www.lillyconferences.com/
evidence,evt-bett-uk,ed-evt-bett-uk-bett-uk-2027,cfp_status;formats;requirements,First-look deadline passed; ongoing does not mean normal-program availability,https://uk.bettshow.com/call-for-speakers
evidence,evt-bett-uk,ed-evt-bett-uk-bett-uk-2027,dates;reach;audience,Organizer-reported figures,https://uk.bettshow.com/
evidence,evt-ohio-state-learning-design-day,ed-evt-ohio-state-learning-design-day-ohio-state-learning-design-day-2027,cfp_status;deadline;formats;fit,External eligibility not explicit,https://cete.osu.edu/ohio-state-learning-design-day-call-for-proposals/
evidence,evt-international-conference-on-learning,ed-evt-international-conference-on-learning-thirty-fourth-international-con,dates;fit;history,Deadline and economics not captured,https://thelearner.com/2027-conference/call-for-papers
evidence,evt-international-conference-on-ai-in-education-2027,ed-evt-international-conference-on-ai-in-education-2027-icaied-london-2027,cfp_status;deadline;requirements;history,New organization; track record unverified,https://www.icaied.org/call-for-papers
evidence,evt-honolulu-education-conference,ed-evt-honolulu-education-conference-honolulu-education-conference-2027,cfp_status;deadline;fit,Organizer/reputation not independently checked,https://intesda.org/education-conference/
evidence,evt-elearning-africa,ed-evt-elearning-africa-elearning-africa-2027,dates;history;audience,Organizer-reported aggregate figures,https://www.elearning-africa.com/conference2027/conference.php
evidence,evt-elearning-africa,ed-evt-elearning-africa-elearning-africa-2027,cfp_status;eligibility;costs,Direct official conflict; status unknown,https://proposals.elearning-africa.com/
evidence,evt-herdsa-annual-conference,ed-evt-herdsa-annual-conference-herdsa-2027,cfp_status;conflict,Stale date widgets must not be interpreted as 2027 dates,https://conference.herdsa.org.au/2027/
evidence,evt-educause-annual-conference,ed-evt-educause-annual-conference-educause-2027-annual-conference,historical_cfp;fit;costs,Terms belong to 2026 only,https://events.educause.edu/annual-conference/call-for-proposals
evidence,evt-nercomp-annual-conference,ed-evt-nercomp-annual-conference-nercomp-annual-conference-2027,historical_cfp;fit;costs,Terms belong to 2026 only,https://events.educause.edu/nercomp-annual-conference/2026/call-for-proposals
evidence,evt-teaching-professor-conference,ed-evt-teaching-professor-conference-teaching-professor-conference-2027,historical_cfp;costs,Terms belong to 2026 edition,https://www.magnapubs.com/teaching-professor-conference/call-for-proposals/
evidence,evt-sxsw-edu-conference-and-festival,ed-evt-sxsw-edu-conference-and-festival-sxsw-edu-2027,dates;reach;audience,Organizer-reported figures,https://sxswedu.com/
evidence,evt-asu-gsv-summit,ed-evt-asu-gsv-summit-asu-gsv-summit-2027,dates;audience;reach,Organizer-reported figures,https://asugsvsummit.com/
evidence,evt-asu-gsv-summit,ed-evt-asu-gsv-summit-asu-gsv-summit-2027,submission_route,"Classified invitation-only/curated, not open CFP",https://asugsvsummit.com/faq
evidence,evt-alt-annual-conference,ed-evt-alt-annual-conference-alt-annual-conference-2027,historical_cfp;formats,No 2027 edition confirmed,https://www.alt.ac.uk/altc26-call-proposals-0
evidence,evt-alt-annual-conference,ed-evt-alt-annual-conference-alt-annual-conference-2027,year_round_route,Suggestion route is not a formal open call,https://www.alt.ac.uk/events
evidence,evt-devlearn-conference-and-expo,ed-evt-devlearn-conference-and-expo-devlearn-2026,dates;audience;reach,Organizer-reported scale,https://www.learningguild.com/articles/devlearn-conference-and-expo-launches-the-2026-program-with-expanded-tracks-hands-on-learning-and-new-ways-to-connect
evidence,evt-bett-asia,ed-evt-bett-asia-bett-asia-2027-reserve-forward-call,cfp_status;eligibility,No 2027 date or deadline,https://asia.bettshow.com/page-en/call-for-papers
evidence,evt-stlhe-annual-conference,ed-evt-stlhe-annual-conference-stlhe-2027,historical_eligibility;formats,No 2027 edition confirmed,https://stlhe.ca/conferences/2026-stlhe-conference/call-for-proposals/
evidence,evt-stlhe-annual-conference,ed-evt-stlhe-annual-conference-stlhe-2027,reach,Prior-edition organizer marketing figure,https://www.stlhe.ca/wp-content/uploads/2025/02/stlhe_sponsorship_2025-01-22.pdf
evidence,evt-usdla-national-conference,ed-evt-usdla-national-conference-usdla-2027-national-conference,past_session,"Adjacent USDLA event, not national-conference session",https://usdla.org/events/public-policy-week/
evidence,evt-bett-uk,ed-evt-bett-uk-bett-uk-2027,current_program_fit,"Current, not past-session evidence",https://uk.bettshow.com/agenda-highlights
evidence,evt-bett-uk,ed-evt-bett-uk-bett-uk-2027,current_program_fit,"Current preference, not past-session evidence",https://uk.bettshow.com/call-for-speakers
evidence,evt-olc-innovate,ed-evt-olc-innovate-olc-innovate-2027,program_fit,Not a past-session record,https://onlinelearningconsortium.org/conferences/olc-innovate2027/present/
evidence,evt-olc-innovate,ed-evt-olc-innovate-olc-innovate-2027,history,Specific past-session title not captured,https://onlinelearningconsortium.org/conferences/olc-innovate2027/
evidence,evt-teaching-and-learning-with-ai-conference,ed-evt-teaching-and-learning-with-ai-conference-teaching-and-learning-with-,past_session,URL slug says 2025 but page text identifies the embedded 2023 program,https://aiforall.ucf.edu/document/teaching-and-learning-with-ai-ucf-agenda-2025/
evidence,evt-teaching-and-learning-with-ai-conference,ed-evt-teaching-and-learning-with-ai-conference-teaching-and-learning-with-,past_program_theme,Second exact past-session title not captured,https://aiforall.ucf.edu/teachwithai/
evidence,evt-elearning-africa,ed-evt-elearning-africa-elearning-africa-2027,current_topics,Conflicts with form's closed-2026 message,https://www.elearning-africa.com/conference2027/programme_sub_themes.php
evidence,evt-educause-annual-conference,ed-evt-educause-annual-conference-educause-2027-annual-conference,past_session_theme,Not an exact past-session record,https://events.educause.edu/annual-conference/call-for-proposals
deadline,evt-pod-network-annual-conference,ed-evt-pod-network-annual-conference-pod-network-2026-annual-conference,cfp_deadline,Extended deadline,https://podnetwork.org/annual-conference/baltimore-2026-draft/call-for-proposals/
deadline,evt-bett-uk,ed-evt-bett-uk-bett-uk-2027,cfp_first_look,Passed; ongoing form is reserve-list/2028 consideration,https://uk.bettshow.com/call-for-speakers
deadline,evt-kubecon-cloudnativecon-north-america,ed-evt-kubecon-cloudnativecon-north-america-kubecon-cloudnativecon-north-am,cfp_close,Closed before run date,https://events.linuxfoundation.org/kubecon-cloudnativecon-north-america/program/cfp/
deadline,evt-isaqb-software-architecture-gathering,ed-evt-isaqb-software-architecture-gathering-isaqb-software-architecture-ga,cfp_close,Closed before research run.,https://www.software-architecture-gathering.com/call-for-papers/
deadline,evt-ai-festival,ed-evt-ai-festival-ai-festival-2027,first_phase_deadline,Passed before research run.,https://en.aifestival.it/call/speaker/
deadline,evt-sxsw-edu-conference-and-festival,ed-evt-sxsw-edu-conference-and-festival-sxsw-edu-2027,cfp_deadline,Official page does not state time in the captured text,https://sxswedu.com/panelpicker/
deadline,evt-alt-annual-conference,ed-evt-alt-annual-conference-alt-annual-conference-2027,historical_cfp_deadline,"Belongs to ALTC26, not the unconfirmed 2027 edition; retained only as cadence evidence",https://www.alt.ac.uk/altc26-call-proposals-0
deadline,evt-kubecon-cloudnativecon-north-america,ed-evt-kubecon-cloudnativecon-north-america-kubecon-cloudnativecon-north-am,notification,Past before run date,https://events.linuxfoundation.org/kubecon-cloudnativecon-north-america/program/cfp/
deadline,evt-sxsw-edu-conference-and-festival,ed-evt-sxsw-edu-conference-and-festival-sxsw-edu-2027,community_voting_deadline,UTC conversion uses PDT,https://sxswedu.com/
deadline,evt-developerweek,ed-evt-developerweek-developerweek-2027,cfp_round_one_close,Past on run date; final round remains open,https://www.developerweek.com/speakers/apply-to-speak/
deadline,evt-developerweek,ed-evt-developerweek-developerweek-2027,first_deadline,Passed before research run.,https://www.developerweek.com/speakers/apply-to-speak/
deadline,evt-productworld,ed-evt-productworld-productworld-2027,first_round_deadline,Passed before research run.,https://sessionize.com/productworld-2027/
deadline,evt-ndc-london,ed-evt-ndc-london-ndc-london-2027,cfp,Closed before research run,https://ndclondon.com/call-for-papers
deadline,evt-ndc-london,ed-evt-ndc-london-ndc-london-2027,cfp_close,Closed before research run.,https://ndclondon.com/call-for-papers
deadline,evt-ndc-london,ed-evt-ndc-london-ndc-london-2027,cfp_close,Closed before run date,https://ndclondon.com/call-for-papers
deadline,evt-devopsdays-raleigh,ed-evt-devopsdays-raleigh-devopsdays-raleigh-2027,notification,Official date equals opening date and precedes close; do not rely on it,https://devopsdays.org/events/2027-raleigh/propose/
deadline,evt-devopsdays-raleigh,ed-evt-devopsdays-raleigh-devopsdays-raleigh-2027,notification,Equals opening date and precedes close; do not rely on it,https://devopsdays.org/events/2027-raleigh/propose/
deadline,evt-ai-agent-event,ed-evt-ai-agent-event-ai-agent-event-2027,cfp,Year supplied by the 2027 edition context; time and zone absent,https://www.aiagentevent.com/east/call-for-speakers.aspx
deadline,evt-ai-agent-event,ed-evt-ai-agent-event-ai-agent-event-2027,cfp_close,Year is established by the page's 2027 edition context; no time or time zone stated.,https://www.aiagentevent.com/east/call-for-speakers.aspx
deadline,evt-ai-agent-event,ed-evt-ai-agent-event-ai-agent-event-2027,cfp_close,Year derived from the open 2027 CFP viewed in September 2026; no time zone stated,https://www.aiagentevent.com/east/call-for-speakers.aspx
deadline,evt-ces,ed-evt-ces-ces-2027,cfp_deadline,Source does not distinguish PDT/PST; UTC not normalized.,https://www.ces.tech/cfs
deadline,evt-chea-annual-conference,ed-evt-chea-annual-conference-chea-2027-annual-conference,cfp_deadline,"Late proposals may be considered if space remains, but this does not make the route rolling",https://www.chea.org/chea-2027-annual-conference-call-proposals
deadline,evt-developerweek,ed-evt-developerweek-developerweek-2027,cfp_deadline,No time or timezone stated.,https://www.developerweek.com/speakers/apply-to-speak/
deadline,evt-ala-annual-conference-and-exhibition,ed-evt-ala-annual-conference-and-exhibition-ala-annual-conference-2027,cfp_deadline,UTC conversion uses EDT in effect on this date.,https://www.ala.org/conferencesevents/ala-annual-2027-call-proposals
deadline,evt-ala-annual-conference-and-exhibition,ed-evt-ala-annual-conference-and-exhibition-ala-annual-conference-2027,cfp_deadline,UTC conversion uses EDT,https://www.ala.org/conferencesevents/ala-annual-2027-call-proposals
deadline,evt-devopsdays-tel-aviv,ed-evt-devopsdays-tel-aviv-devopsdays-tel-aviv-2026,cfp_close,Local propose page says CFP TBD,https://devopsdays.org/speaking/
deadline,evt-aste-educational-technology-conference,ed-evt-aste-educational-technology-conference-aste-2027,cfp_deadline,Rolling review; no time zone stated,https://www.aste.org/conference/
deadline,evt-eurostar-software-testing-conference,ed-evt-eurostar-software-testing-conference-eurostar-2027,cfp,Year supplied by the 2027 call context; time and zone absent,https://conference.eurostarsoftwaretesting.com/call-for-submissions/
deadline,evt-eurostar-software-testing-conference,ed-evt-eurostar-software-testing-conference-eurostar-2027,cfp_deadline,No time or timezone stated.,https://conference.eurostarsoftwaretesting.com/call-for-submissions/
deadline,evt-great-international-developer-summit,ed-evt-great-international-developer-summit-gids-2027,cfp_deadline,No time or timezone stated.,https://form.jotform.com/saltmarch/gids2027cfp
deadline,evt-upcea-digital-teaching-and-learning-conference,ed-evt-upcea-digital-teaching-and-learning-conference-2027-upcea-digital-te,cfp_deadline,Year is unambiguous from the 2027 CFP timeline and 2026 publication context; no time zone stated.,https://conferences.upcea.edu/DTL2027/proposals.html
deadline,evt-upcea-digital-teaching-and-learning-conference,ed-evt-upcea-digital-teaching-and-learning-conference-2027-upcea-digital-te,cfp_deadline,No time zone stated,https://conferences.upcea.edu/DTL2027/proposals.html
deadline,evt-devopsdays-almaty,ed-evt-devopsdays-almaty-devopsdays-almaty-2026,cfp_close,Local page not extractable; recheck before action,https://devopsdays.org/speaking/
deadline,evt-european-chatbot-and-agentic-ai-summit,ed-evt-european-chatbot-and-agentic-ai-summit-european-chatbot-and-agentic-,cfp_close,Homepage says call will open soon while CFP page accepts proposals,https://theeuropeanchatbot.com/call-for-speakers/
deadline,evt-lilly-conference-san-diego,ed-evt-lilly-conference-san-diego-lilly-san-diego-2027,cfp_deadline,No time zone stated,https://www.lillyconferences.com/
deadline,evt-agenticcon,ed-evt-agenticcon-agenticcon-2027,cfp_close,"Same page footer says November 1, 11:59 PM PT",https://agenticcon.com/cfp
deadline,evt-platformcon-live-day-san-francisco,ed-evt-platformcon-live-day-san-francisco-platformcon-live-day-san-francisc,cfp_close,Timezone says EST even though event is in San Francisco; UTC not normalized because fixed-vs-seasonal intent is unclear,https://sanfrancisco.platformcon.com/cfp
deadline,evt-platformcon-live-day-san-francisco,ed-evt-platformcon-live-day-san-francisco-platformcon-live-day-san-francisc,cfp_deadline,Submission system and organizer event page conflict materially. Treat Sessionize as operational route but verify before relying on time.,
deadline,evt-visual-studio-live,ed-evt-visual-studio-live-visual-studio-live-austin-2027,cfp_deadline,Sessionize metadata and body conflict; do not normalize to UTC until organizer clarifies.,https://sessionize.com/vslive_austin27/
deadline,evt-isls-annual-meeting-icls-and-cscl,ed-evt-isls-annual-meeting-icls-and-cscl-isls-annual-meeting-2027,cfp_deadline,"Research-contribution deadline, not a conventional speaker CFP.",https://2027.isls.org/icls-2027-call-for-proposals/
deadline,evt-kmworld-europe,ed-evt-kmworld-europe-kmworld-europe-2027,cfp_deadline,Page header says 'Opens soon' and body incorrectly names 2026 participation on a 2027 page; not safe as actionable.,https://www.kmworld.com/Europe/2027/CallForSpeakers.aspx
deadline,evt-expo-qa,ed-evt-expo-qa-expo-qa-2027,cfp_deadline,No time or timezone stated.,https://expoqa.com/call-for-speaker/
deadline,evt-apqc-connect,ed-evt-apqc-connect-apqc-connect-2027,cfp_deadline,Source does not distinguish EDT/EST; UTC not normalized.,https://www.apqc.org/events/2027/apqc-conference/call-for-speakers
deadline,evt-hi-ai,ed-evt-hi-ai-hi-ai-2027,cfp_deadline,No time zone stated,https://www.ltcillinois.org/hiai/rfp/
deadline,evt-ai-festival,ed-evt-ai-festival-ai-festival-2027,cfp_deadline,No time or timezone stated.,https://en.aifestival.it/call/speaker/
deadline,evt-agentics-day-mcp-agents-europe,ed-evt-agentics-day-mcp-agents-europe-agentics-day-mcp-agents-europe-2027,cfp_deadline,"Source pairs CET with UTC+2; preserve wording because CET normally denotes UTC+1. UTC follows the explicit offset, not the abbreviation.",https://events.linuxfoundation.org/kubecon-cloudnativecon-europe/co-located-events/cfp-colocated-events/
deadline,evt-ieee-global-engineering-education-conference-educon,ed-evt-ieee-global-engineering-education-conference-educon-ieee-educon-2027,cfp_deadline,Official Education Society page headline and body agree on October 19.,https://ieee-edusociety.org/post/educon-2027-call-abstracts
deadline,evt-wscuc-accreditation-resource-conference,ed-evt-wscuc-accreditation-resource-conference-arc2027,cfp_deadline,UTC conversion uses PDT in effect on this date.,https://www.wscuc.org/arc2027cfp/
deadline,evt-agenticcon,ed-evt-agenticcon-agenticcon-2027,notification,Same page footer says November 17,https://agenticcon.com/cfp
deadline,evt-sparking-success-faculty-development-conference,ed-evt-sparking-success-faculty-development-conference-sparking-success-202,cfp_deadline,Year omitted on page; normalized from the surrounding 2026-2027 academic-year heading and weekday match.,https://celt.tulane.edu/sparking-success
deadline,evt-aoma-adaptive-organizations-meet-architecture,ed-evt-aoma-adaptive-organizations-meet-architecture-aoma-2027,cfp_close,"A later organizer LinkedIn post said November 30, 2026. Current official CFP page is treated as authoritative, but the conflict must be rechecked before submission.",https://aoma-conference.com/2027/cfp/
deadline,evt-aoma-adaptive-organizations-meet-architecture,ed-evt-aoma-adaptive-organizations-meet-architecture-aoma-2027,cfp_close,UTC not normalized because Berlin normally observes CEST on this date but source explicitly says CET,https://aoma-conference.com/2027/cfp/
deadline,evt-ieee-international-conference-on-software-architecture,ed-evt-ieee-international-conference-on-software-architecture-icsa-2027-sof,abstract_submission,No time of day stated on this track page.,https://conf.researchr.org/track/icsa-2027/icsa-2027-software-architecture-in-practice-track
deadline,evt-taqelah-testing-conference,ed-evt-taqelah-testing-conference-taqelah-testing-conference-2027,cfp_deadline,No time or timezone stated.,https://ttc.taqelah.sg/
deadline,evt-agenticcon,ed-evt-agenticcon-agenticcon-2027,cfp_close,"Same page key-dates section says October 4, 11:59 PM PT",https://agenticcon.com/cfp
deadline,evt-devopsdays-los-angeles,ed-evt-devopsdays-los-angeles-devopsdays-los-angeles-2027,cfp_close,Local official propose page says CFP TBD; deadline retained but cannot support submission until form/status reconciled,https://devopsdays.org/speaking/
deadline,evt-devopsdays-los-angeles,ed-evt-devopsdays-los-angeles-devopsdays-los-angeles-2027,cfp_close,Local official page says CFP TBD,https://devopsdays.org/speaking/
deadline,evt-upcea-digital-teaching-and-learning-conference,ed-evt-upcea-digital-teaching-and-learning-conference-2027-upcea-digital-te,notification,"Week only; ISO stores the first named date, not a promised notification day.",https://conferences.upcea.edu/DTL2027/proposals.html
deadline,evt-upcea-digital-teaching-and-learning-conference,ed-evt-upcea-digital-teaching-and-learning-conference-2027-upcea-digital-te,notification,Week marker only; actual day unknown,https://conferences.upcea.edu/DTL2027/proposals.html
deadline,evt-ieee-international-conference-on-software-architecture,ed-evt-ieee-international-conference-on-software-architecture-icsa-2027-sof,proposal_submission,No time of day stated on this track page.,https://conf.researchr.org/track/icsa-2027/icsa-2027-software-architecture-in-practice-track
deadline,evt-chea-annual-conference,ed-evt-chea-annual-conference-chea-2027-annual-conference,visa_letter_request,Only relevant if an invitation letter is needed,https://www.chea.org/chea-2027-annual-conference-call-proposals
deadline,evt-florida-online-innovation-summit,ed-evt-florida-online-innovation-summit-florida-online-innovation-summit-20,cfp_deadline,No time zone stated,https://digitallearning.ucf.edu/ilab/innovation-summit/proposals/
deadline,evt-olc-innovate,ed-evt-olc-innovate-olc-innovate-2027,cfp_deadline,UTC conversion uses EST in effect on this date.,https://onlinelearningconsortium.org/conferences/olc-innovate2027/present/
deadline,evt-olc-innovate,ed-evt-olc-innovate-olc-innovate-2027,cfp_deadline,UTC conversion assumes Eastern Standard Time,https://onlinelearningconsortium.org/conferences/olc-innovate2027/present/
deadline,evt-honolulu-education-conference,ed-evt-honolulu-education-conference-honolulu-education-conference-2027,cfp_advance_deadline,"This is explicitly an advance deadline, not necessarily final close",https://intesda.org/education-conference/
deadline,evt-honolulu-education-conference,ed-evt-honolulu-education-conference-honolulu-education-conference-2027,cfp_deadline,Labeled advance deadline; later route not verified.,https://intesda.org/education-conference/
deadline,evt-isls-annual-meeting-icls-and-cscl,ed-evt-isls-annual-meeting-icls-and-cscl-isls-annual-meeting-2027,cfp_deadline,Workshop route requires substantial adaptation.,https://2027.isls.org/icls-2027-call-for-proposals/
deadline,evt-lilly-conference-austin,ed-evt-lilly-conference-austin-lilly-austin-2027,cfp_early_decision,Rolling review continues; early decision promises acceptance or revise-and-resubmit feedback.,https://www.lillyconferences-tx.com/proposals
deadline,evt-ohio-state-learning-design-day-fresh-ideas,ed-evt-ohio-state-learning-design-day-fresh-ideas-ohio-state-learning-desig,cfp_deadline,Year omitted on page; normalized from 2027 symposium context and weekday match.,https://cete.osu.edu/ohio-state-learning-design-day-call-for-proposals/
deadline,evt-ohio-state-learning-design-day,ed-evt-ohio-state-learning-design-day-ohio-state-learning-design-day-2027,cfp_deadline,Year inferred only from 2027 edition context; no time zone stated,https://cete.osu.edu/ohio-state-learning-design-day-call-for-proposals/
deadline,evt-agenticcon,ed-evt-agenticcon-agenticcon-2027,notification,Same page key-dates section says October 20,https://agenticcon.com/cfp
deadline,evt-srecon-americas,ed-evt-srecon-americas-srecon27-americas,cfp,Numeric UTC offset not stated; UTC deliberately omitted,https://www.usenix.org/conference/srecon27americas/call-for-participation
deadline,evt-srecon-americas,ed-evt-srecon-americas-srecon27-americas,cfp_close,No numeric offset was stated; UTC conversion intentionally omitted.,https://www.usenix.org/conference/srecon27americas/call-for-participation
deadline,evt-srecon-americas,ed-evt-srecon-americas-srecon27-americas,cfp_deadline,Source does not specify PST/PDT abbreviation; UTC not normalized.,https://www.usenix.org/conference/srecon27americas/call-for-participation
deadline,evt-think-ai-summit,ed-evt-think-ai-summit-think-ai-summit-2027,abstract_submission,Intake is announced-not-open as of verification.,https://www.pghtech.org/events/ThinkAI2027-Call-for-Speakers
deadline,evt-think-ai-summit,ed-evt-think-ai-summit-think-ai-summit-2027,cfp,Call is announced but page says intake will open soon,https://www.pghtech.org/events/ThinkAI2027-Call-for-Speakers
deadline,evt-ala-annual-conference-and-exhibition,ed-evt-ala-annual-conference-and-exhibition-ala-annual-conference-2027,notification,Month only; not placed on a specific calendar date.,https://www.ala.org/conferencesevents/ala-annual-2027-call-proposals
deadline,evt-ala-annual-conference-and-exhibition,ed-evt-ala-annual-conference-and-exhibition-ala-annual-conference-2027,notification,ISO is a month marker only,https://www.ala.org/conferencesevents/ala-annual-2027-call-proposals
deadline,evt-istelive,ed-evt-istelive-istelive-27,notification,ISO uses first day only as month marker; not a confirmed day and must not be calendared as a deadline,https://conference.iste.org/2027/about/faq.php
deadline,evt-kubecon-cloudnativecon-europe,ed-evt-kubecon-cloudnativecon-europe-kubecon-cloudnativecon-europe-2027,notification,Year supplied by 2027 edition context,https://events.linuxfoundation.org/kubecon-cloudnativecon-europe/program/cfp/
deadline,evt-uxdx,ed-evt-uxdx-uxdx-new-york-2027,cfp_deadline,No time or timezone stated.,https://uxdx.com/speak/
deadline,evt-data-summit,ed-evt-data-summit-data-summit-2027,cfp_deadline,No time or timezone stated.,https://www.dbta.com/DataSummit/2027/CallForSpeakers.aspx
deadline,evt-possible,ed-evt-possible-possible-2027,cfp_deadline,No time or timezone stated.,https://possibleevent.com/speaker-opportunities/
deadline,evt-ohio-state-learning-design-day-fresh-ideas,ed-evt-ohio-state-learning-design-day-fresh-ideas-ohio-state-learning-desig,notification,Year omitted on page; normalized from sequence before January 2027 registration and weekday match.,https://cete.osu.edu/ohio-state-learning-design-day-call-for-proposals/
deadline,evt-ohio-state-learning-design-day,ed-evt-ohio-state-learning-design-day-ohio-state-learning-design-day-2027,notification,Year inferred only from 2027 edition context,https://cete.osu.edu/ohio-state-learning-design-day-call-for-proposals/
deadline,evt-usdla-national-conference,ed-evt-usdla-national-conference-usdla-2027-national-conference,cfp_deadline,UTC conversion uses EST in effect on this date.,https://usdla.org/events/call-for-proposals/
deadline,evt-usdla-national-conference,ed-evt-usdla-national-conference-usdla-2027-national-conference,cfp_deadline,UTC conversion assumes Eastern Standard Time on December 15,https://usdla.org/events/call-for-proposals/
deadline,evt-dutch-ai-conference,ed-evt-dutch-ai-conference-dutch-ai-conference-2027,cfp_close,No time zone stated,https://aiconference.nl/meet-the-speakers/call-for-presentations/
deadline,evt-cloud-native-mumbai,ed-evt-cloud-native-mumbai-cloud-native-mumbai-2026-rolling-call,rolling_route_end,Route end is not a guaranteed cutoff for the September session.,https://sessionize.com/cloud-native-mumbai-city
deadline,evt-istelive,ed-evt-istelive-istelive-27,speaker_confirmation,ISO uses first day only as month marker; actual day unknown,https://conference.iste.org/2027/about/faq.php
deadline,evt-lilly-conference-austin,ed-evt-lilly-conference-austin-lilly-austin-2027,cfp_deadline,Not a guaranteed availability date because the program may fill earlier.,https://www.lillyconferences-tx.com/proposals
deadline,evt-teaching-and-learning-with-ai-conference,ed-evt-teaching-and-learning-with-ai-conference-teaching-and-learning-with-,cfp_deadline,No time zone stated,https://aiforall.ucf.edu/teachwithai/
deadline,evt-international-conference-on-ai-in-education-2027,ed-evt-international-conference-on-ai-in-education-2027-icaied-london-2027,cfp_deadline,No time zone stated,https://www.icaied.org/call-for-papers
deadline,evt-herdsa-annual-conference,ed-evt-herdsa-annual-conference-herdsa-2027,grant_deadline,Only for eligible student or early-career grants; not a CFP deadline,https://herdsa.org.au/conference
deadline,evt-global-ai-community-seattle,ed-evt-global-ai-community-seattle-global-ai-community-seattle-2026-2027-se,rolling_route_end,Route spans multiple meetup dates; this is not a per-edition cutoff.,https://sessionize.com/global-ai-community-seattle/
deadline,evt-kmworld-europe,ed-evt-kmworld-europe-kmworld-europe-2027,notification,No day stated.,https://www.kmworld.com/Europe/2027/CallForSpeakers.aspx
deadline,evt-possible,ed-evt-possible-possible-2027,further_consideration,Not a confirmed notification date; retained only as raw timing.,https://possibleevent.com/speaker-opportunities/
deadline,evt-training-conference-and-expo,ed-evt-training-conference-and-expo-training-2027-conference-and-expo,cfp_deadline,No exact day published on reviewed FAQ; intentionally no ISO date,https://www.trainingconference.com/2027/faqs.cfm
deadline,evt-wscuc-accreditation-resource-conference,ed-evt-wscuc-accreditation-resource-conference-arc2027,notification,No single date can be normalized.,https://www.wscuc.org/arc2027cfp/
edition_merge,evt-pod-network-annual-conference,ed-evt-pod-network-annual-conference-pod-network-2026-annual-conference,multiple,"edition_label: POD Network 2026 Annual Conference | POD Network 2026; edition_url: https://podnetwork.org/annual-conference/baltimore-2026-draft/call-for-proposals/ | https://podnetwork.org/annual-conference/baltimore-2026-draft/; country: United States | USA; eligibility: Educational-development professionals; detailed membership rules in PDF not fully extracted | Educational-development community; exact membership rule not captured; formats_and_durations: Interactive, research, poster, workshop, committee/SIG formats | Multiple conference formats; exact durations not captured; submission_requirements: Evidence-based actionable educational-development proposal | Detailed 22-page proposal rules; proposal window closed; attendance_value: Educational developers and faculty-support professionals | Established specialist faculty-development network; verified_at: 2026-09-04T12:00:00-06:00 | 2026-09-04T23:00:00-06:00",https://podnetwork.org/annual-conference/baltimore-2026-draft/call-for-proposals/
edition_merge,evt-lilly-conference-san-diego,ed-evt-lilly-conference-san-diego-lilly-san-diego-2027,multiple,"country: United States | USA; cfp_url: https://www.lillyconferences-ca.com/ | https://www.lillyconferences.com/; guidelines_url: https://www.lillyconferences-ca.com/ | https://www.lillyconferences.com/; eligibility: Higher-education teaching-and-learning contributors; exact presenter credential rules not found | Faculty, administrators, and graduate students are invited; exact eligibility not captured; formats_and_durations: Exact 2027 session formats/durations not found in accessible page | Formats not captured from reviewed page; attendance_value: Series reports 125+ colleges/universities and 30+ states per conference | Teaching for Active & Engaged Learning in the Age of AI; attendance_year: 2026 | 2027; verified_at: 2026-09-04T12:00:00-06:00 | 2026-09-04T23:00:00-06:00",https://www.lillyconferences.com/
edition_merge,evt-arc-software-architecture-and-engineering-conference,ed-evt-arc-software-architecture-and-engineering-conference-arc-2027,multiple,"country: United Arab Emirates | UAE; cfp_url: https://futurewitharc.com/ | https://futurewitharc.com/apply-to-speak/; guidelines_url: https://futurewitharc.com/ | https://futurewitharc.com/apply-to-speak/; cfp_status: open-undated | unknown | open; eligibility: Public Apply to Speak control; program describes practitioners running real systems and no recycled slides. | Form prioritizes practitioners with real-world engineering experience, production systems, and technical depth | Every speaker described as a practitioner; peer review and real-system ownership emphasized; formats_and_durations: Format/duration not stated. | unknown; submission_requirements: Application details not exposed in captured page. | Interest form asks name, job title, company, work email, LinkedIn, talk title, speaking history, optional videos, and theme alignment | unknown; verified_at: 2026-09-04T22:30:00-06:00 | 2026-09-04T23:30:00-06:00 | 2026-09-04T12:00:00-06:00",https://futurewitharc.com/
edition_merge,evt-chea-annual-conference,ed-evt-chea-annual-conference-chea-2027-annual-conference,multiple,"edition_url: https://www.chea.org/chea-2027-annual-conference-call-proposals | https://www.chea.org/chea-2027-annual-conference; city: Washington, DC | Washington DC; country: United States | USA; eligibility: Open to all; talk must relate to accreditation, quality assurance, or student success | Call open to all; concurrent sessions require one or two presenters; formats_and_durations: 60-minute plenary or concurrent sessions; concurrent allows one or two presenters | 60-minute plenary or concurrent session including participation/Q&A; submission_requirements: Official proposal form; quality assurance/accreditation/student-success relevance; varied perspectives; no commercial advertising | Official form; noncommercial; varied perspectives; proposal must tie AI/evidence of learning to quality assurance; attendance_value: Accreditors, faculty, policymakers, leaders, and international colleagues | National and international accreditation/quality audience; verified_at: 2026-09-04T12:00:00-06:00 | 2026-09-04T23:00:00-06:00",https://www.chea.org/chea-2027-annual-conference-call-proposals
edition_merge,evt-ndc-london,ed-evt-ndc-london-ndc-london-2027,multiple,date_status: exact | confirmed; country: United Kingdom | UK; eligibility: Public CFP; organizers encourage limiting submissions to 3-4 | Public CFP; prior speaking links requested if available | Public CFP; limit portfolio to 3–4 strongest talks; formats_and_durations: 60-minute regular; 10-15-minute lightning; 60-120-minute workshop; two-day preconference workshop | 60-minute regular; 10-15 minute lightning; workshops | 60-minute regular; 10-15-minute lightning; 60-120-minute workshop; 2-day preconference | 60-minute regular; 10–15-minute lightning; 60–120-minute workshop; two-day preconference; submission_requirements: Organizer asks submitters to limit portfolio to three or four proposals | Public CFP closed before research run | Previous talk links requested when available | Previous speaking links requested when available; verified_at: 2026-09-04T12:00:00-06:00 | 2026-09-04T23:30:00-06:00 | 2026-09-04T23:00:00-06:00,https://ndclondon.com/
edition_merge,evt-upcea-digital-teaching-and-learning-conference,ed-evt-upcea-digital-teaching-and-learning-conference-2027-upcea-digital-te,multiple,"edition_label: 2027 UPCEA Digital Teaching & Learning Conference | DT&L 2027; eligibility: Presenter must be a current UPCEA institutional or corporate member; corporate members require an institutional-member co-presenter; significant online-learning experience expected | Presenters must be current UPCEA institutional or corporate members; corporate members need an institutional-member co-presenter; formats_and_durations: 50-minute concurrent; 60-minute workshop; 10-minute lightning; 3-5-minute asynchronous poster | 10-minute lightning; 50-minute concurrent; 60-minute workshop/general; submission_requirements: All speakers named; complete contact details; outcomes; engagement plan; level; evidence or reflective practice | All speakers named; learning goals; engagement plan; level; evaluation data or established models valued; compensation: Not stated | unknown; travel_support: Not applicable for virtual delivery | none; speaker_costs: Presenters responsible for registration and other expenses; free for institutional members; limited scholarships for eligible nonmembers | Presenter pays registration and related expenses; recording_rights: Organizers may edit title/description; digital materials collected | unknown; attendance_value: Instructional designers, faculty, researchers, and digital-learning leaders | Long-running predecessor conference; recordings of most 2026 sessions; verified_at: 2026-09-04T12:00:00-06:00 | 2026-09-04T23:00:00-06:00",https://conferences.upcea.edu/DTL2027/
edition_merge,evt-ai-agent-event,ed-evt-ai-agent-event-ai-agent-event-2027,multiple,"date_status: exact | confirmed; country: United States | USA; eligibility: Enterprise practitioners, AI developers, innovators, researchers, solution providers, and leaders with real-world agent experience | Editorial, non-commercial material; novel concepts clause | Seeks enterprise practitioners, developers, researchers, providers, and leaders with real deployment experience; formats_and_durations: Case study, technical session, workshop, or panel; duration not stated | Case study; technical session; workshop; panel; durations unknown | unknown; submission_requirements: Educational, noncommercial, non-self-promotional; headshot and bio; claims new concepts unavailable elsewhere | Title, abstract, biography, and committee review | Headshot, full bio, title, and description; strict no-commercialism policy; compensation: Complimentary all-access speaker pass stated as USD 1,799 value | Complimentary all-access pass | unknown; speaker_costs: No mandatory registration stated for selected speakers | No pay-to-speak found | Complimentary all-access speaker pass; attendance_value: Pass advertised at USD 1,799 value | 1000 | Organizer claims 1,000 attendees; verified_at: 2026-09-04T12:00:00-06:00 | 2026-09-04T23:30:00-06:00 | 2026-09-04T23:00:00-06:00",https://www.aiagentevent.com/east/
edition_merge,evt-developerweek,ed-evt-developerweek-developerweek-2027,multiple,"country: United States | USA; guidelines_url: https://www.developerweek.com/speakers/apply-to-speak/ | https://www.developerweek.com/tracks/; eligibility: Public call; practitioner and technical proposals across four co-located programs. | All speakers must use the public call; biography and affiliation details otherwise unknown | All speakers must use the public call; formats_and_durations: Duration not stated on extracted CFP page | Exact current session duration not found.; submission_requirements: Speaker application with topic, abstract and profile. | Complete all proposal fields and select one of four conference worlds | Complete all fields and select one of four conference worlds; attendance_value: 3000 onsite and 6000 community members advertised for 2027 | 5,000+ annual participants claimed; 2,500 onsite and 2,500 virtual described on About page | 5,000+ annual participants claimed; verified_at: 2026-09-04T12:00:00-06:00 | 2026-09-04T23:58:00-06:00",https://www.developerweek.com/
edition_merge,evt-think-ai-summit,ed-evt-think-ai-summit-think-ai-summit-2027,multiple,"date_status: confirmed | exact; eligibility: Real-world implementation required; practitioners prioritized; regional voices encouraged | Actual implementation, outcomes, and lessons required; submission_requirements: Specific implementation, outcomes, lessons, and transferable takeaways; no sales pitches or live demos | Abstract; no live demos or product pitches; verified_at: 2026-09-04T23:00:00-06:00 | 2026-09-04T23:30:00-06:00",https://www.pghtech.org/events/ThinkAI2027-Call-for-Speakers
edition_merge,evt-platformcon-live-day-san-francisco,ed-evt-platformcon-live-day-san-francisco-platformcon-live-day-san-francisc,multiple,"edition_label: PlatformCon Live Day San Francisco 2027 | PlatformCon San Francisco 2027; end_date: 2027-02-24 | 2027-02-25; country: United States | USA; cfp_url: https://sessionize.com/platformcon-live-day-san-francisco/ | https://sanfrancisco.platformcon.com/ | https://sanfrancisco.platformcon.com/cfp; guidelines_url: https://sanfrancisco.platformcon.com/cfp | https://sanfrancisco.platformcon.com/; cfp_status: open | unknown; eligibility: Practitioner-only; proposals should describe real implementations, named organizations and outcomes; multiple proposals allowed. | unknown; formats_and_durations: 25-minute talk | unknown; submission_requirements: Case-study proposal with concrete implementation and outcomes. | unknown | Practical enterprise platform story; further form fields not extracted; compensation: No honorarium stated. | unknown; travel_support: No travel expenses covered. | unknown; attendance_value: 300+ advertised | 300+ displayed on event page without a fully extracted unit | 300 practitioners claimed; verified_at: 2026-09-04T12:00:00-06:00 | 2026-09-05T00:05:00-06:00",https://sanfrancisco.platformcon.com/
edition_merge,evt-taqelah-testing-conference,ed-evt-taqelah-testing-conference-taqelah-testing-conference-2027,multiple,edition_label: Taqelah Testing Conference 2027 | TTC 2027; date_status: exact | confirmed; eligibility: Public CFP. | First-time and seasoned speakers invited; formats_and_durations: 25-minute talks and half-day workshops reported by organizer social post | Talk; workshop; exact durations not verified; submission_requirements: Talk proposal and speaker details. | Testing story and proposal via CFP; verified_at: 2026-09-05T00:08:00-06:00 | 2026-09-04T23:00:00-06:00,https://ttc.taqelah.sg/
edition_merge,evt-nercomp-annual-conference,ed-evt-nercomp-annual-conference-nercomp-annual-conference-2027,multiple,edition_label: NERCOMP Annual Conference 2027 | NERCOMP 2027; country: United States | USA; cfp_status: no-current-cfp | unknown; eligibility: Higher-education IT/library/faculty community; historical submission requires EDUCAUSE profile | Not stated; attendance_value: Regional higher-education IT and library community | Regional Northeast higher-ed community; verified_at: 2026-09-04T12:00:00-06:00 | 2026-09-04T23:00:00-06:00,https://events.educause.edu/nercomp-annual-conference/2027
edition_merge,evt-honolulu-education-conference,ed-evt-honolulu-education-conference-honolulu-education-conference-2027,multiple,"country: United States | USA; eligibility: Education proposals across AI, testing, higher education, and EdTech | Educators, academics, researchers, and students; submission_requirements: Up to 300-word English proposal; publication options described | Proposal up to 300 words; attendance_value: Broad international education audience; organizer-provided attendance not verified | International academic conference; reach unverified; verified_at: 2026-09-04T12:00:00-06:00 | 2026-09-04T23:00:00-06:00",https://intesda.org/education-conference/
edition_merge,evt-agentics-day-mcp-agents-europe,ed-evt-agentics-day-mcp-agents-europe-agentics-day-mcp-agents-europe-2027,multiple,"guidelines_url: https://events.linuxfoundation.org/kubecon-cloudnativecon-europe/co-located-events/agentics-day-mcp-agents/ | https://events.linuxfoundation.org/kubecon-cloudnativecon-europe/co-located-events/cfp-colocated-events/; eligibility: Public CFP; general Linux Foundation speaker rules apply. | Public CFP; code-of-conduct agreement; submission_requirements: Original, non-sales proposal aligned to production agents/MCP; accepted speaker receives event access. | Choose co-located event; vendor-neutral; prior Linux Foundation repeat within one year must be materially differentiated; recording sample requested; compensation: Event pass for accepted speakers. | Complimentary all-access pass; recording_rights: Sessions expected to be recorded; exact rights terms not established. | Official overview says co-located sessions are recorded and posted to CNCF YouTube",https://events.linuxfoundation.org/kubecon-cloudnativecon-europe/co-located-events/agentics-day-mcp-agents/
edition_merge,evt-cloud-native-ai-inference-day-europe,ed-evt-cloud-native-ai-inference-day-europe-cloud-native-ai-inference-day-e,multiple,cfp_url: https://events.linuxfoundation.org/kubecon-cloudnativecon-europe/co-located-events/cncf-hosted-co-located-events-overview/ | https://events.linuxfoundation.org/kubecon-cloudnativecon-europe/co-located-events/cfp-colocated-events/; guidelines_url: https://events.linuxfoundation.org/kubecon-cloudnativecon-europe/co-located-events/cloud-native-ai-inference-day-europe/ | https://events.linuxfoundation.org/kubecon-cloudnativecon-europe/co-located-events/cfp-colocated-events/; eligibility: Public CFP; code-of-conduct agreement | unknown; formats_and_durations: 25-minute solo/dual presentation; 10-minute lightning; 35-minute panel | 25-minute presentation; 10-minute lightning; 35-minute panel; submission_requirements: Choose co-located event; vendor-neutral; repeat restrictions; recording sample requested | RAG and AI Agents are explicit topics; panel diversity/organization rules apply; compensation: Complimentary all-access pass | unknown; speaker_costs: Accepted co-located-event speakers receive an all-access pass | No mandatory registration stated for accepted speakers; recording_rights: Recorded and posted to CNCF YouTube; exact license not stated | recorded and published on CNCF YouTube; verified_at: 2026-09-04T12:00:00-06:00 | 2026-09-04T23:30:00-06:00,https://events.linuxfoundation.org/kubecon-cloudnativecon-europe/co-located-events/cloud-native-ai-inference-day-europe/
edition_merge,evt-cto-craft-con-europe,ed-evt-cto-craft-con-europe-cto-craft-con-europe-2027,multiple,"cfp_status: open-undated-with-stale-label | open-undated; eligibility: Public form is reachable but page title references 2026 while event shell shows 2027 dates. | Experienced senior technology leaders; public application route.; submission_requirements: Experience-led content, biography and previous-talk information. | Experience-led proposal; bio and prior talks requested.; verified_at: 2026-09-04T22:25:00-06:00 | 2026-09-05T00:20:00-06:00",https://conference.ctocraft.com/london/
edition_merge,evt-kubecon-cloudnativecon-europe,ed-evt-kubecon-cloudnativecon-europe-kubecon-cloudnativecon-europe-2027,multiple,"date_status: exact | confirmed; eligibility: Maximum three submissions; generally one selected non-panel session; no repeat of a Linux Foundation event talk from the prior year. | Public CFP; code-of-conduct agreement; speaker experience recording requested; no biography-based eligibility inferred | Vendor-neutral, open/cloud-native relevance; repeat-talk and proposal-count rules | Open submitter route; end-user company status is separately defined and unknown for Dan | Open route; end-user company status separately defined and unknown; formats_and_durations: 30-minute session; 5-minute lightning; 80-minute tutorial; 30-minute panel | 30-minute session; 5-minute lightning; 80-minute tutorial; panel; poster | 30-minute session; 5-minute lightning; 80-minute tutorial; poster; panel | 30-minute session; 5-minute lightning talk; 80-minute tutorial; submission_requirements: Original, non-sales content; select track; previous recording requested; accepted speakers provide slides. | Maximum three proposals as named speaker; vendor-neutral/open-source emphasis; slides required if accepted | Abstract, outline, benefits, audience, speaker biography, and recording sample; maximum three proposals | Maximum three proposals; previous recording requested; no sales pitches; disclose related LF talks in past year | Maximum three proposals; prior recording requested; no sales pitches; disclose related LF talk in past year; compensation: Conference pass for accepted speakers. | Complimentary all-access pass | Complimentary pass | unknown; travel_support: Funding route referenced by organizer but current award details not established. | unknown; speaker_costs: One complimentary pass per accepted speaker | No mandatory registration stated for accepted speakers; recording_rights: Sessions are recorded; exact license/rights terms not established. | Sessions are ordinarily recorded; exact license/rights not found on CFP page | Sessions recorded under event terms | Accepted speakers must submit slides; recording-rights details not extracted | Slides required; recording license not extracted; attendance_value: Official sponsor page targets 13,000 developers, architects, and technical leaders | 13000 | 13,000 attendees claimed on sponsor page; verified_at: 2026-09-04T12:00:00-06:00 | 2026-09-04T23:30:00-06:00 | 2026-09-04T23:00:00-06:00 | 2026-09-04T23:25:00-06:00",https://events.linuxfoundation.org/kubecon-cloudnativecon-europe/
edition_merge,evt-platform-engineering-day-europe,ed-evt-platform-engineering-day-europe-platform-engineering-day-europe-2027,multiple,cfp_url: https://events.linuxfoundation.org/kubecon-cloudnativecon-europe/co-located-events/cncf-hosted-co-located-events-overview/ | https://events.linuxfoundation.org/kubecon-cloudnativecon-europe/co-located-events/cfp-colocated-events/; guidelines_url: https://events.linuxfoundation.org/kubecon-cloudnativecon-europe/co-located-events/platform-engineering-day/ | https://events.linuxfoundation.org/kubecon-cloudnativecon-europe/co-located-events/cfp-colocated-events/; eligibility: Public CFP; code-of-conduct agreement | unknown; formats_and_durations: 25-minute solo/dual presentation; 10-minute lightning; 35-minute panel | 25-minute presentation; 10-minute lightning; 35-minute panel; submission_requirements: Platform engineering and AI is explicit; practical case studies favored | Vendor-neutral; repeat restrictions; recording sample requested; compensation: Complimentary all-access pass | unknown; speaker_costs: Accepted co-located-event speakers receive an all-access pass | No mandatory registration stated for accepted speakers; recording_rights: Recorded and posted to CNCF YouTube; exact license not stated | recorded and published on CNCF YouTube; verified_at: 2026-09-04T12:00:00-06:00 | 2026-09-04T23:30:00-06:00,https://events.linuxfoundation.org/kubecon-cloudnativecon-europe/co-located-events/platform-engineering-day/
edition_merge,evt-international-conference-on-ai-in-education-2027,ed-evt-international-conference-on-ai-in-education-2027-icaied-london-2027,multiple,edition_label: ICAIED London 2027 | ICAIED 2027; country: United Kingdom | UK; formats_and_durations: Oral or online presentation; exact duration unknown | Abstract presentation; exact duration not captured; submission_requirements: 200-250-word abstract and 3-5 keywords; double-blind review; optional full paper afterward | 200-250 word abstract and 3-5 keywords; double-blind review; attendance_value: First-edition international AI-in-education audience; attendance unknown | New event; no verified attendance or archive; verified_at: 2026-09-04T12:00:00-06:00 | 2026-09-04T23:00:00-06:00,https://www.icaied.org/
edition_merge,evt-devopsdays-los-angeles,ed-evt-devopsdays-los-angeles-devopsdays-los-angeles-2027,multiple,eligibility: Speaker must submit directly; local stories favored; no vendor pitches | Direct speaker involvement; local stories favored; no vendor pitches; formats_and_durations: 30-40-minute talk; 10-minute lightning; Open Space | 30–40-minute talk; 10-minute lightning; Open Space; submission_requirements: Title and description through SCaLE submission route | SCaLE submission route,https://devopsdays.org/events/2027-los-angeles/welcome/
edition_merge,evt-aoma-adaptive-organizations-meet-architecture,ed-evt-aoma-adaptive-organizations-meet-architecture-aoma-2027,multiple,"edition_url: https://aoma-conference.com/2027/ | https://aoma-conference.com/; eligibility: Public Sessionize CFP | unknown; formats_and_durations: 40 minutes including Q&A; mixture of lecture and hands-on favored | 40 minutes including Q&A; introductory or deep-dive; submission_requirements: Title, abstract, introductory/deep-dive type, tags, name, title, bio, photo, email | Title, abstract, type, tags, name, title, bio, photo, email; English; compensation: Accommodation reimbursed up to EUR 300 for speakers outside Berlin | unknown; travel_support: Accommodation up to EUR300 outside Berlin; travel covered up to an unspecified location-based amount | Travel covered up to an amount depending on origin region; recording_rights: Recording rights not stated | unknown; accessibility: Organizer invites disclosure of access/parenting needs and offers discussion | Organizer offers to discuss accessibility and parent needs; verified_at: 2026-09-04T12:00:00-06:00 | 2026-09-04T23:30:00-06:00",https://aoma-conference.com/2027/
edition_merge,evt-srecon-americas,ed-evt-srecon-americas-srecon27-americas,multiple,"date_status: exact | confirmed; country: United States | USA; eligibility: Open internationally; new speakers encouraged. Speaker must submit own human-written proposal; content cannot be entirely or substantively generated by AI. | Public participation call; content must be primarily human-written and attested | Human-authored submission attestation; practitioner reliability content | International and new speakers welcome; presenter must submit own proposal and attest content is primarily human-written; formats_and_durations: 15 minutes plus 5 Q&A; 35 minutes plus 10 Q&A | Talk formats/durations not visible in retrieved excerpt | Format/duration not captured | 15+5 Q&A; 35+10 Q&A; lightning CFP later; submission_requirements: Proposal and speaker details; two-phase review; human-written attestation. | Proposal plus required human-authorship attestation; practical technical depth expected | Proposal describing concrete operational experience and takeaways | Two-phase submission; technical guidance and applied experience favored; recording_rights: USENIX commonly posts slides/video, confirmed for 2026 archive; 2027 rights terms not located | unknown; verified_at: 2026-09-04T23:20:00-06:00 | 2026-09-04T23:30:00-06:00 | 2026-09-04T23:00:00-06:00 | 2026-09-04T12:00:00-06:00",https://www.usenix.org/conference/srecon27americas
edition_merge,evt-qcon-london,ed-evt-qcon-london-qcon-london-2027,multiple,date_status: unconfirmed | exact; country: United Kingdom | UK; guidelines_url: https://qconlondon.com/faq/apr2025 | https://qconlondon.com/; cfp_status: invitation-only-with-spontaneous-route | invitation-only; eligibility: Usually direct invitation; spontaneous submission form exists; production practitioner evidence strongly favored | Curated speaker program; no public CFP route verified; formats_and_durations: Conference talk; duration unknown | unknown; submission_requirements: Public submission path not found | unknown; verified_at: 2026-09-04T12:00:00-06:00 | 2026-09-04T23:00:00-06:00,https://qconlondon.com/
edition_merge,evt-olc-innovate,ed-evt-olc-innovate-olc-innovate-2027,multiple,"eligibility: Educators, vendors, and industry L&D may submit; vendor product sessions require educator or industry-L&D co-presenter | Educators, vendors, and L&D professionals may submit; product/service proposals need educator or L&D co-presenter; formats_and_durations: Academic presentation and interactive formats; exact durations should be rechecked when portal opens | Multiple virtual session types; exact 2027 durations not captured; submission_requirements: Double-blind proposal; outcomes; audience appeal; interactivity; vendor-neutral educational content | Double-blind proposal; educational/non-promotional; alignment, outcomes, appeal, interactivity; travel_support: No travel needed | none; speaker_costs: Accepted presenters must register and pay published fee; price not yet available | Accepted presenters must register and pay published fee; recording_rights: 2026 sessions were recorded for nine months; 2027 rights not stated | unknown; attendance_value: Global online-learning practitioner network; attendance figure not verified | International online/digital/blended-learning community; verified_at: 2026-09-04T12:00:00-06:00 | 2026-09-04T23:00:00-06:00",https://onlinelearningconsortium.org/conferences/olc-innovate2027/
edition_merge,evt-devopsdays-raleigh,ed-evt-devopsdays-raleigh-devopsdays-raleigh-2027,multiple,eligibility: Speaker must submit directly; local and underrepresented voices favored; no vendor pitches | Direct speaker involvement; local and underrepresented voices favored; no vendor pitches,https://devopsdays.org/events/2027-raleigh/welcome/
edition_merge,evt-great-international-developer-summit,ed-evt-great-international-developer-summit-gids-2027,multiple,"date_status: exact | confirmed; eligibility: Content must be grounded in real engineering work the speaker directly did or materially contributed to; up to five proposals. | Public CFP; international speakers encouraged to submit multiple 60-minute sessions | Real engineering experience; no promotion | Original content based on work the speaker directly did or materially contributed to; up to five proposals. | Original content based on work directly done or materially contributed to; form asks technical depth and speaking experience; formats_and_durations: 30-minute short talk; 60-minute long talk | 60-minute long talk; 30-minute short talk | 30- or 60-minute talk; international speakers encouraged toward 60 minutes and multiple talks | 30-minute short talk; 60-minute long talk.; submission_requirements: Technical abstract, system/problem, decisions, constraints, takeaways, speaker experience and optional prior recording. | Up to five proposals; technical abstract; system problem; decisions/tradeoffs; takeaways; practitioner-depth declaration; bio/photo; no product promotion | Proposal with decisions, tradeoffs, constraints, and experience | Practical, vendor-neutral proposal with real engineering experience and speaker details. | Up to five proposals; system problem, decisions, tradeoffs, outcomes, biography, photo, affiliation, and support needs; compensation: Conference access; international travel reimbursement may be available up to USD 1500 and two hotel nights at organizer discretion. | Full conference access; support is discretionary | Conference access; discretionary international reimbursement. | unknown; travel_support: Up to USD 1500 for selected international speakers; reimbursement after event; discretionary. | Selected international speakers may receive up to USD 1,500 travel and two hotel nights; reimbursement after event | Up to USD 1,500 travel reimbursement plus two hotel nights; discretionary and paid after event | Up to USD 1500 and two hotel nights may be offered to selected international speakers. | Selected international speakers may receive up to US$1,500 travel and two hotel nights; discretionary and reimbursement-based; speaker_costs: Full conference access for selected speakers; co-speaker must buy pass unless approved | Full conference pass; recording_rights: Recording rights not stated | unknown; attendance_value: 150+ sessions on official site | 150; verified_at: 2026-09-04T21:20:00-06:00 | 2026-09-04T23:30:00-06:00 | 2026-09-04T23:00:00-06:00 | 2026-09-04T23:35:00-06:00 | 2026-09-04T12:00:00-06:00",https://developersummit.com/
edition_merge,evt-eurostar-software-testing-conference,ed-evt-eurostar-software-testing-conference-eurostar-2027,multiple,"date_status: exact | confirmed; eligibility: Public call; practitioner stories and practical lessons encouraged. | Practitioner experience and personal stories expected; formats_and_durations: Current exact session duration not found; talks and workshops requested. | Talk types listed; exact current durations not captured; submission_requirements: Proposal aligned to 2027 theme 'Sharpening the Craft'; failures, AI, automation and practical takeaways welcomed. | Proposal with tangible takeaways and personal experience; verified_at: 2026-09-04T23:40:00-06:00 | 2026-09-04T23:00:00-06:00",https://conference.eurostarsoftwaretesting.com/
edition_merge,evt-lilly-conference-austin,ed-evt-lilly-conference-austin-lilly-austin-2027,multiple,edition_url: https://www.lillyconferences-tx.com/proposals | https://www.lillyconferences.com/; country: United States | USA; cfp_url: https://www.lillyconferences-tx.com/proposals | https://www.lillyconferences.com/; guidelines_url: https://www.lillyconferences-tx.com/proposals | https://www.lillyconferences.com/; cfp_status: open-rolling | open; eligibility: Higher-education teaching-and-learning contributors; exact presenter credential rules not found | Higher-education teaching community; affiliation requested but restriction not stated; formats_and_durations: Exact 2027 session formats/durations not found in accessible page | 20- or 40-minute presentation; roundtable; digital poster; submission_requirements: 10-word title; 25-word key statement; 100-word abstract; three outcomes; two tracks; 3-5 references | Blind peer review; expected scholarly/evidence-based teaching contribution; accessibility: ADA accommodations requested in writing before registration and at least three months before event | unknown; attendance_value: Series reports 125+ colleges/universities and 30+ states per conference | AI and the Future of Evidence-Based Teaching in Higher Education; attendance_year: 2026 | 2027; verified_at: 2026-09-04T12:00:00-06:00 | 2026-09-04T23:00:00-06:00,https://www.lillyconferences-tx.com/proposals
edition_merge,evt-open-source-summit-north-america,ed-evt-open-source-summit-north-america-open-source-summit-north-america-20,multiple,edition_url: https://events.linuxfoundation.org/open-source-summit-north-america/ | https://events.linuxfoundation.org/about/calendar/; date_status: confirmed | exact; cfp_url: https://events.linuxfoundation.org/open-source-summit-north-america/ | https://events.linuxfoundation.org/about/calendar/; guidelines_url: https://events.linuxfoundation.org/open-source-summit-north-america/ | https://events.linuxfoundation.org/about/calendar/; verified_at: 2026-09-04T23:00:00-06:00 | 2026-09-04T23:30:00-06:00,https://events.linuxfoundation.org/open-source-summit-north-america/
edition_merge,evt-expo-qa,ed-evt-expo-qa-expo-qa-2027,multiple,"edition_label: expo:QA 2027 | EXPOQA 2027; date_status: exact | confirmed; eligibility: Public call for speakers. | Practical experience, lessons, innovative ideas, or case studies; formats_and_durations: Regular talk; master class; keynote; half-day workshop; exact durations not published on captured page. | Half-day workshop; keynote; regular talk; master class; submission_requirements: Topic and abstract aligned to 'Reinventing Quality in the Age of AI.' | Proposal through Typeform; verified_at: 2026-09-04T23:45:00-06:00 | 2026-09-04T23:00:00-06:00",https://expoqa.com/
edition_merge,evt-teaching-and-learning-with-ai-conference,ed-evt-teaching-and-learning-with-ai-conference-teaching-and-learning-with-,multiple,"country: United States | USA; eligibility: Higher-education professionals, researchers, and policymakers; detailed 2027 eligibility forthcoming | Higher-education practitioners, researchers, and policymakers; K-12 educators also encouraged; formats_and_durations: 30-minute concurrent slots visible in agenda-at-a-glance; other formats forthcoming | 2027 agenda shows 30-minute concurrent sessions; full guidelines pending; submission_requirements: Guidelines not yet published | Guidelines not yet posted; travel_support: Not stated | unknown; attendance_value: International higher-education AI teaching audience; attendance not verified | International higher-education AI-specialist audience; fifth annual edition; verified_at: 2026-09-04T12:00:00-06:00 | 2026-09-04T23:00:00-06:00",https://aiforall.ucf.edu/teachwithai/
edition_merge,evt-usdla-national-conference,ed-evt-usdla-national-conference-usdla-2027-national-conference,multiple,"edition_url: https://usdla.org/events/national-conference/ | https://usdla.org/events/call-for-proposals/; country: United States | USA; eligibility: Open across higher education, K-12, corporate, government, military, and telehealth; first-time speakers encouraged | Open to practitioners across multiple education and training sectors; first-time speakers encouraged; formats_and_durations: 45-minute concurrent; extended time may be requested; onsite or virtual | 45-minute concurrent session; onsite or virtual component; submission_requirements: 10-word title; 200-word abstract; detailed description; objectives; engagement plan; bio; no sales pitch | Detailed description, learning objectives, takeaways, and engagement plan; multiple proposals allowed; compensation: Not stated | unknown; travel_support: Not stated | unknown; speaker_costs: Presenter registration USD 300 onsite or USD 100 virtual; full-conference registration required | $300 onsite presenter registration; $100 virtual presenter fee; recording_rights: Abstracts published in program | unknown; attendance_value: Cross-sector distance-learning audience; attendance not verified | Cross-sector national distance-learning audience; verified_at: 2026-09-04T12:00:00-06:00 | 2026-09-04T23:00:00-06:00",https://usdla.org/events/national-conference/
edition_merge,evt-ala-annual-conference-and-exhibition,ed-evt-ala-annual-conference-and-exhibition-ala-annual-conference-2027,multiple,"edition_label: ALA Annual Conference 2027 | ALA Annual 2027; edition_url: https://www.ala.org/conferencesevents/ | https://2027.alaannual.org/; country: United States | USA; mode: in-person planned | in-person; eligibility: Education program and poster calls are open; library relevance must be made explicit | Open call; no membership requirement stated on the reviewed page; formats_and_durations: Education programs and posters; durations in linked guides not reviewed | Education program or poster; duration in submission guide not reviewed; submission_requirements: Separate education-program form and guide; learning objectives; rubric | Separate proposal systems; learning objectives and rubric supplied; travel_support: No travel or accommodation support stated | none; speaker_costs: Presenter responsible for travel, accommodation, and registration; discounted registration offered | Presenters pay travel, lodging, and registration; exclusive presenter discount; recording_rights: May be asked to consent to recording | unknown; attendance_value: Large cross-sector library audience; exact attendance not verified | Large national library audience; verified_at: 2026-09-04T12:00:00-06:00 | 2026-09-04T23:00:00-06:00",https://www.ala.org/conferencesevents/
edition_merge,evt-herdsa-annual-conference,ed-evt-herdsa-annual-conference-herdsa-2027,multiple,"mode: in-person | hybrid; cfp_status: announced-not-open | unknown; eligibility: Higher-education educators, researchers, developers, designers, leaders, students, and stakeholders | Higher-education research and development community; formats_and_durations: Workshops, scholarly presentations, interactive sessions; dedicated virtual day July 6 | Not found; attendance_value: Established Australasian higher-education teaching-and-learning association | Australasian and international higher-education community; verified_at: 2026-09-04T12:00:00-06:00 | 2026-09-04T23:00:00-06:00",https://conference.herdsa.org.au/2027/
edition_merge,evt-kubecon-cloudnativecon-north-america,ed-evt-kubecon-cloudnativecon-north-america-kubecon-cloudnativecon-north-am-e57cb862,multiple,edition_url: https://events.linuxfoundation.org/kubecon-cloudnativecon-north-america/ | https://events.linuxfoundation.org/about/calendar/; date_status: confirmed | exact; cfp_url: https://events.linuxfoundation.org/kubecon-cloudnativecon-north-america/ | https://events.linuxfoundation.org/about/calendar/; guidelines_url: https://events.linuxfoundation.org/kubecon-cloudnativecon-north-america/ | https://events.linuxfoundation.org/about/calendar/; verified_at: 2026-09-04T23:00:00-06:00 | 2026-09-04T23:30:00-06:00,https://events.linuxfoundation.org/kubecon-cloudnativecon-north-america/
edition_merge,evt-agentic-engineering-days-zurich,ed-evt-agentic-engineering-days-zurich-agentic-engineering-days-zurich-2027,multiple,verified_at: 2026-09-04T23:00:00-06:00 | 2026-09-04T23:30:00-06:00,https://www.agenticdays.com/
edition_merge,evt-conf42,ed-evt-conf42-conf42-ai-agents-2027,multiple,edition_url: https://www.conf42.com/agents2027 | https://www.conf42.com/; date_status: unconfirmed | unknown; mode: online | remote; submission_requirements: Prerecorded/online mechanics inferred from series format but not confirmed for 2027 | Edition appears in series navigation; intake details not verified; verified_at: 2026-09-04T23:00:00-06:00 | 2026-09-04T23:30:00-06:00,https://www.conf42.com/agents2027
edition_merge,evt-quality-land,ed-evt-quality-land-quality-land-2027,multiple,date_status: tentative month only | month-confirmed; cfp_url: https://qualityland.lt/ | mailto:signal@qualityland.lt; cfp_status: open-undated | open; submission_requirements: Pitch via public contact; formal requirements not published. | Email proposal to signal@qualityland.lt; attendance_value: 300 attendees advertised | 300; verified_at: 2026-09-05T00:24:00-06:00 | 2026-09-04T23:00:00-06:00,https://qualityland.lt/
